rank,score,family,name,center_window_over_core_mean,middle_third_over_side_thirds,core_rms_fraction,top_over_bottom,left_over_right,profile_rmse_x,profile_rmse_y,params_json
1,2.7070519881517288,horizontal_input_dip,horizontal_input_dip_d0.600_s1.750mm,0.7818736302869642,0.9972683629790198,0.22258004264348452,1.0000000157828333,1.0000000017853068,0.12645852150633613,0.05401912565686671,"{""amplitude_dip_family"": ""horizontal_input_dip"", ""amplitude_dip_depth"": 0.6, ""amplitude_dip_sigma_mm"": 1.75}"
2,2.7479778257875993,horizontal_input_dip,horizontal_input_dip_d0.600_s2.100mm,0.7734860020427574,0.9976711658826882,0.21371934741222498,1.000000017029692,1.0000000065080088,0.13023048196068118,0.04151366855777202,"{""amplitude_dip_family"": ""horizontal_input_dip"", ""amplitude_dip_depth"": 0.6, ""amplitude_dip_sigma_mm"": 2.1}"
3,2.966294249701942,horizontal_input_dip,horizontal_input_dip_d0.750_s1.400mm,0.7803272769470029,0.9955216593809512,0.3102798974903995,1.0000000277837322,1.000000002653695,0.1275227992686931,0.12266831596407043,"{""amplitude_dip_family"": ""horizontal_input_dip"", ""amplitude_dip_depth"": 0.75, ""amplitude_dip_sigma_mm"": 1.4}"
4,2.9936139435487576,horizontal_input_dip,horizontal_input_dip_d0.600_s1.400mm,0.823241816199138,0.9968843584166515,0.216936455313944,1.0000000221969376,1.0000000074439725,0.11506004295515966,0.08194255225774852,"{""amplitude_dip_family"": ""horizontal_input_dip"", ""amplitude_dip_depth"": 0.6, ""amplitude_dip_sigma_mm"": 1.4}"
5,3.0197235587937667,HG02_mix,HG02_mix_+0.200,0.7927138071125854,0.998695351664353,0.18197540591527342,1.0000000163974692,1.0000000084229512,0.12196450625600065,0.03488041121601448,"{""hg02_coefficient"": 0.20000000000000018}"
6,3.278499339727736,center_dip,center_dip_d0.300_s1.750mm,0.8190994946034166,0.8476630981210144,0.12057554217208515,0.9999999958957305,0.9999999935129747,0.10894149194129799,0.11893612849752098,"{""amplitude_dip_family"": ""center_dip"", ""amplitude_dip_depth"": 0.3, ""amplitude_dip_sigma_mm"": 1.75}"
7,3.381231449282167,center_dip,center_dip_d0.300_s2.100mm,0.8318094864542258,0.8661046134305814,0.11180420826479386,1.0000000075648232,0.9999999945596496,0.107462126788919,0.10759754616595645,"{""amplitude_dip_family"": ""center_dip"", ""amplitude_dip_depth"": 0.3, ""amplitude_dip_sigma_mm"": 2.1}"
8,3.445983346164227,HG02_mix,HG02_mix_+0.300,0.6962842002177383,0.9980677926280223,0.27179065610194897,1.0000000288839201,1.0000000114054148,0.181101837321098,0.0751114076142963,"{""hg02_coefficient"": 0.30000000000000004}"
9,3.467423831854953,center_dip,center_dip_d0.300_s1.400mm,0.8229484861149264,0.8343460866558475,0.12264540137084466,1.0000000050872841,0.9999999924849685,0.11899970293273275,0.13705410755742253,"{""amplitude_dip_family"": ""center_dip"", ""amplitude_dip_depth"": 0.3, ""amplitude_dip_sigma_mm"": 1.4}"
10,3.5998028608480013,center_dip,center_dip_d0.450_s2.100mm,0.7254217662498801,0.7807559122099338,0.18886226138325035,1.0000000110139904,0.9999999958891284,0.09649943792941985,0.14897049373485494,"{""amplitude_dip_family"": ""center_dip"", ""amplitude_dip_depth"": 0.44999999999999996, ""amplitude_dip_sigma_mm"": 2.1}"
11,3.6729636902614553,horizontal_input_dip,horizontal_input_dip_d0.750_s1.750mm,0.7033768805485546,0.9958664647993593,0.3306121960809173,1.000000030976357,1.0000000023469868,0.17522583108697076,0.10379825168322594,"{""amplitude_dip_family"": ""horizontal_input_dip"", ""amplitude_dip_depth"": 0.75, ""amplitude_dip_sigma_mm"": 1.75}"
12,3.9517514595093313,horizontal_input_dip,horizontal_input_dip_d0.450_s1.750mm,0.8532311041867489,0.9982710475781664,0.14256010546621772,1.0000000031764,0.999999995429435,0.11501940545605428,0.06261962147979935,"{""amplitude_dip_family"": ""horizontal_input_dip"", ""amplitude_dip_depth"": 0.44999999999999996, ""amplitude_dip_sigma_mm"": 1.75}"
13,4.003504583857772,vertical_input_dip,vertical_input_dip_d0.300_s1.750mm,0.8350188541373,0.7846359683604569,0.15661807114918289,1.000000001652527,0.9999999895411653,0.14126344210704342,0.16702723199723812,"{""amplitude_dip_family"": ""vertical_input_dip"", ""amplitude_dip_depth"": 0.3, ""amplitude_dip_sigma_mm"": 1.75}"
14,4.074516646594299,horizontal_input_dip,horizontal_input_dip_d0.450_s2.100mm,0.854268663848398,0.9985652200720313,0.13301527962401713,1.0000000165313345,0.999999997409523,0.11503058041269894,0.06026123431362241,"{""amplitude_dip_family"": ""horizontal_input_dip"", ""amplitude_dip_depth"": 0.44999999999999996, ""amplitude_dip_sigma_mm"": 2.1}"
15,4.0905677878238444,vertical_input_dip,vertical_input_dip_d0.300_s0.350mm,0.8429654885223989,0.775950499220117,0.17724611956125985,0.9999999925431039,0.9999999941529395,0.1577452827923382,0.16213568958144792,"{""amplitude_dip_family"": ""vertical_input_dip"", ""amplitude_dip_depth"": 0.3, ""amplitude_dip_sigma_mm"": 0.35}"
16,4.093367560364916,vertical_input_dip,vertical_input_dip_d0.300_s2.100mm,0.8692848045855928,0.8253769764139196,0.12962243637627507,1.000000000727371,1.0000000032251855,0.14330656410891723,0.1507221635385958,"{""amplitude_dip_family"": ""vertical_input_dip"", ""amplitude_dip_depth"": 0.3, ""amplitude_dip_sigma_mm"": 2.1}"
17,4.099052610655943,center_dip,center_dip_d0.300_s1.050mm,0.8627783703135913,0.8377393514295829,0.1127601634892419,1.000000004525209,0.9999999930909458,0.13931769571098462,0.1607530128263389,"{""amplitude_dip_family"": ""center_dip"", ""amplitude_dip_depth"": 0.3, ""amplitude_dip_sigma_mm"": 1.0499999999999998}"
18,4.159733844960839,center_dip,center_dip_d0.450_s1.750mm,0.714665826579437,0.7580921463991858,0.19822551949586925,1.0000000047556772,0.9999999868263161,0.1040849283828572,0.17238264755891305,"{""amplitude_dip_family"": ""center_dip"", ""amplitude_dip_depth"": 0.44999999999999996, ""amplitude_dip_sigma_mm"": 1.75}"
19,4.195251861197228,horizontal_input_dip,horizontal_input_dip_d0.750_s2.100mm,0.6702206571596886,0.9963091214552316,0.33137266540546834,1.0000000342954203,1.0000000044898156,0.20154780582042225,0.10028819462085514,"{""amplitude_dip_family"": ""horizontal_input_dip"", ""amplitude_dip_depth"": 0.75, ""amplitude_dip_sigma_mm"": 2.1}"
20,4.214358509121649,center_dip,center_dip_d0.450_s1.050mm,0.8038594509340774,0.7586576357971159,0.17443604702373935,1.0000000108852776,0.9999999937307315,0.1257251639017449,0.21426915600132757,"{""amplitude_dip_family"": ""center_dip"", ""amplitude_dip_depth"": 0.44999999999999996, ""amplitude_dip_sigma_mm"": 1.0499999999999998}"
21,4.235650699838717,horizontal_input_dip,horizontal_input_dip_d0.450_s1.400mm,0.8732230725347293,0.9979579516109395,0.1430643729325109,1.0000000086803036,0.9999999980247417,0.11974054503767621,0.0810262016267926,"{""amplitude_dip_family"": ""horizontal_input_dip"", ""amplitude_dip_depth"": 0.44999999999999996, ""amplitude_dip_sigma_mm"": 1.4}"
22,4.237667248488594,astigmatism,astigmatism_-0.200waves,0.8824011768793512,0.9932873230922293,0.32993201416686785,0.9999999524141425,1.000000023297044,0.15089197395159912,0.17328805034116626,"{""astigmatism_waves"": -0.19999999999999996}"
23,4.293287070639403,HG20_mix,HG20_mix_+0.100,0.8952986779326464,0.8554032206105308,0.12526319273269484,1.0000000007658112,1.0000000035510217,0.14214191111338312,0.14276965066370625,"{""hg20_coefficient"": 0.10000000000000009}"
24,4.346738376312512,horizontal_input_dip,horizontal_input_dip_d0.750_s1.050mm,0.903894231683698,0.9953827937319867,0.2707750496197938,1.0000000227241383,0.9999999946881067,0.13373300930033477,0.1777509723549398,"{""amplitude_dip_family"": ""horizontal_input_dip"", ""amplitude_dip_depth"": 0.75, ""amplitude_dip_sigma_mm"": 1.0499999999999998}"
25,4.362650745573043,center_dip,center_dip_d0.450_s1.400mm,0.732405446718973,0.7456641954984751,0.19548814509969603,1.0000000031196714,0.9999999890095426,0.11185375147444562,0.19539807780035093,"{""amplitude_dip_family"": ""center_dip"", ""amplitude_dip_depth"": 0.44999999999999996, ""amplitude_dip_sigma_mm"": 1.4}"
26,4.370934899165863,vertical_input_dip,vertical_input_dip_d0.150_s0.700mm,0.8734306170175715,0.8408564913952207,0.10249023716538867,0.9999999976160298,0.9999999930606598,0.1594297744094118,0.14885923327146736,"{""amplitude_dip_family"": ""vertical_input_dip"", ""amplitude_dip_depth"": 0.15, ""amplitude_dip_sigma_mm"": 0.7}"
27,4.498500558275317,vertical_input_dip,vertical_input_dip_d0.150_s1.050mm,0.8816771288700496,0.8502806667522865,0.09651144661733273,0.9999999992541742,0.9999999877494267,0.1589971690403577,0.146186452923401,"{""amplitude_dip_family"": ""vertical_input_dip"", ""amplitude_dip_depth"": 0.15, ""amplitude_dip_sigma_mm"": 1.0499999999999998}"
28,4.498950988561316,horizontal_input_dip,horizontal_input_dip_d0.600_s1.050mm,0.9077576156543149,0.9966258416836316,0.1933710376431005,1.0000000132384155,1.0000000045398303,0.13511051661947643,0.13664977713296475,"{""amplitude_dip_family"": ""horizontal_input_dip"", ""amplitude_dip_depth"": 0.6, ""amplitude_dip_sigma_mm"": 1.0499999999999998}"
29,4.504095056055172,horizontal_input_dip,horizontal_input_dip_d0.900_s1.400mm,0.7710381153096213,0.9939294706917722,0.4234436035480985,1.0000000416672994,1.0000000161148865,0.13227173078257454,0.19809076523903973,"{""amplitude_dip_family"": ""horizontal_input_dip"", ""amplitude_dip_depth"": 0.9, ""amplitude_dip_sigma_mm"": 1.4}"
30,4.551165626838382,vertical_input_dip,vertical_input_dip_d0.300_s1.400mm,0.7915563783830928,0.7368723924260269,0.1865301413401787,0.9999999911369558,0.9999999828871244,0.14723597363223626,0.1944927346618682,"{""amplitude_dip_family"": ""vertical_input_dip"", ""amplitude_dip_depth"": 0.3, ""amplitude_dip_sigma_mm"": 1.4}"
31,4.755287043042747,HG20_mix,HG20_mix_+0.200,0.787621057553009,0.7185939324868404,0.2625526319375167,0.9999999943593364,0.9999999895254736,0.11049053266500129,0.19780865252319652,"{""hg20_coefficient"": 0.20000000000000018}"
32,4.953394944303064,vertical_input_dip,vertical_input_dip_d0.150_s1.400mm,0.9060565612172361,0.8767266241671784,0.08231187416078775,0.9999999947796553,0.9999999946035852,0.16086248971969247,0.1404981179568198,"{""amplitude_dip_family"": ""vertical_input_dip"", ""amplitude_dip_depth"": 0.15, ""amplitude_dip_sigma_mm"": 1.4}"
33,5.06921583568075,beam_offset_x,beam_offset_x_+0.600mm,0.9516668165875044,0.9323910050390166,0.3161971701934516,0.9999999934272358,0.49332464812839155,0.23771160396601443,0.1409141461610965,"{""beam_offset_x_mm"": 0.5999999999999999}"
34,5.165170892368965,HG02_mix,HG02_mix_+0.100,0.894544641423479,0.9993272488538263,0.09110213094153166,1.0000000090776657,0.9999999987085105,0.12709809371148767,0.0835246600474394,"{""hg02_coefficient"": 0.10000000000000009}"
35,5.176362802112958,vertical_input_dip,vertical_input_dip_d0.150_s0.350mm,0.9225418598420191,0.8867986477608261,0.08553078273744773,0.9999999982833602,0.9999999929334529,0.16190758408963055,0.1387222021007614,"{""amplitude_dip_family"": ""vertical_input_dip"", ""amplitude_dip_depth"": 0.15, ""amplitude_dip_sigma_mm"": 0.35}"
36,5.194686521476674,vertical_input_dip,vertical_input_dip_d0.450_s2.100mm,0.768223641154963,0.7019031990739599,0.23468225031220236,0.9999999971245769,0.9999999842067956,0.13543210078232765,0.2116832356150946,"{""amplitude_dip_family"": ""vertical_input_dip"", ""amplitude_dip_depth"": 0.44999999999999996, ""amplitude_dip_sigma_mm"": 2.1}"
37,5.256528240104841,beam_offset_x,beam_offset_x_-0.600mm,0.9516667336587284,0.9323910276800988,0.3161971721570165,0.9999999944683118,2.0270627144844493,0.31626785117715867,0.140914121463778,"{""beam_offset_x_mm"": -0.6}"
38,5.289378602926682,horizontal_input_dip,horizontal_input_dip_d0.450_s1.050mm,0.925516167719287,0.9976997770312311,0.13003235112905606,1.0000000077080151,1.00000000673393,0.14479574034611634,0.12195646222904402,"{""amplitude_dip_family"": ""horizontal_input_dip"", ""amplitude_dip_depth"": 0.44999999999999996, ""amplitude_dip_sigma_mm"": 1.0499999999999998}"
39,5.37323942234412,center_dip,center_dip_d0.150_s1.400mm,0.9129150900888391,0.9194990698002242,0.058150900142547424,0.99999999901771,0.9999999944361246,0.15290573168407343,0.12404650037522374,"{""amplitude_dip_family"": ""center_dip"", ""amplitude_dip_depth"": 0.15, ""amplitude_dip_sigma_mm"": 1.4}"
40,5.415695563054942,beam_offset_x,beam_offset_x_+0.800mm,0.9167079327565463,0.8842288772399701,0.4237243404666178,0.9999999890379089,0.3894460979151286,0.2798074205501192,0.13938771445169784,"{""beam_offset_x_mm"": 0.7999999999999998}"
41,5.421768481328185,horizontal_input_dip,horizontal_input_dip_d0.900_s1.050mm,0.9275540391641769,0.9940555619593618,0.36306788738735607,1.0000000353939962,0.999999997367718,0.14794258528455845,0.2486364476393123,"{""amplitude_dip_family"": ""horizontal_input_dip"", ""amplitude_dip_depth"": 0.9, ""amplitude_dip_sigma_mm"": 1.0499999999999998}"
42,5.4438063528143985,center_dip,center_dip_d0.150_s1.750mm,0.9141562946698009,0.9281713544210696,0.055758775563879974,0.9999999993570421,0.9999999936933628,0.14932342669856302,0.11905982652267907,"{""amplitude_dip_family"": ""center_dip"", ""amplitude_dip_depth"": 0.15, ""amplitude_dip_sigma_mm"": 1.75}"
43,5.486972024830853,vertical_input_dip,vertical_input_dip_d0.150_s1.750mm,0.9272002131285235,0.9020843400380669,0.06784085657804843,1.0000000039084764,1.0000000052045441,0.16512360327963163,0.1388371695191274,"{""amplitude_dip_family"": ""vertical_input_dip"", ""amplitude_dip_depth"": 0.15, ""amplitude_dip_sigma_mm"": 1.75}"
44,5.545317252191172,center_dip,center_dip_d0.450_s0.700mm,0.9443926975206981,0.8215601286933817,0.13249035352283103,1.00000000951248,0.9999999960540085,0.15891010381153758,0.2225745081666833,"{""amplitude_dip_family"": ""center_dip"", ""amplitude_dip_depth"": 0.44999999999999996, ""amplitude_dip_sigma_mm"": 0.7}"
45,5.548705110419357,horizontal_input_dip,horizontal_input_dip_d0.300_s1.750mm,0.9121911588803503,0.9989962403107573,0.08286208814779611,1.000000011173101,1.0000000012282853,0.13631495661625606,0.09668309258834216,"{""amplitude_dip_family"": ""horizontal_input_dip"", ""amplitude_dip_depth"": 0.3, ""amplitude_dip_sigma_mm"": 1.75}"
46,5.576079896465154,vertical_input_dip,vertical_input_dip_d0.300_s1.050mm,0.7455463352521813,0.6920146384793607,0.21272244362968004,0.999999996020319,0.9999999871331171,0.16173111750200128,0.22891437278491947,"{""amplitude_dip_family"": ""vertical_input_dip"", ""amplitude_dip_depth"": 0.3, ""amplitude_dip_sigma_mm"": 1.0499999999999998}"
47,5.632921749177614,HG02_mix,HG02_mix_+0.400,0.6078848520304257,0.9974616969279789,0.35835768682886293,1.0000000378660874,1.0000000084220886,0.2560555534027663,0.13382576279652142,"{""hg02_coefficient"": 0.40000000000000013}"
48,5.642256207102702,beam_offset_x,beam_offset_x_-0.800mm,0.9167078362921514,0.8842289098739851,0.42372434860810126,1.0000000011356411,2.5677494663463443,0.36696286402650735,0.1393877137357006,"{""beam_offset_x_mm"": -0.8}"
49,5.665987911804622,horizontal_input_dip,horizontal_input_dip_d0.300_s1.400mm,0.9205850438365152,0.9987889823858596,0.08497181045008131,1.0000000055100062,1.0000000015039665,0.14126185274088318,0.10369960913272122,"{""amplitude_dip_family"": ""horizontal_input_dip"", ""amplitude_dip_depth"": 0.3, ""amplitude_dip_sigma_mm"": 1.4}"
50,5.6889578139184085,horizontal_input_dip,horizontal_input_dip_d0.300_s2.100mm,0.9154018553288955,0.9991780376224384,0.07587118097757586,1.0000000008647252,0.9999999992538307,0.13800676637837075,0.09843823132403966,"{""amplitude_dip_family"": ""horizontal_input_dip"", ""amplitude_dip_depth"": 0.3, ""amplitude_dip_sigma_mm"": 2.1}"
51,5.690632908574871,center_dip,center_dip_d0.150_s2.100mm,0.922298427523989,0.9384634558410097,0.05071368658593952,0.9999999938248306,1.0000000007573888,0.15116392517192934,0.11948886071757961,"{""amplitude_dip_family"": ""center_dip"", ""amplitude_dip_depth"": 0.15, ""amplitude_dip_sigma_mm"": 2.1}"
52,5.712326341730223,beam_offset_x,beam_offset_x_+0.400mm,0.9775810567502207,0.9690900462385853,0.21009251415568725,0.9999999959717644,0.6245440282459893,0.20512286594887744,0.14750582549150895,"{""beam_offset_x_mm"": 0.3999999999999999}"
53,5.713005263577441,center_dip,center_dip_d0.150_s1.050mm,0.9290301363048163,0.9186772140563405,0.05496655831934199,0.9999999982134953,0.9999999980915802,0.16447020089415867,0.1380694567164623,"{""amplitude_dip_family"": ""center_dip"", ""amplitude_dip_depth"": 0.15, ""amplitude_dip_sigma_mm"": 1.0499999999999998}"
54,5.765017944341514,center_dip,center_dip_d0.600_s1.050mm,0.7573923362734624,0.6834535987333616,0.239147117813483,1.000000005574564,0.9999999890282038,0.12378657545847842,0.2821923190594375,"{""amplitude_dip_family"": ""center_dip"", ""amplitude_dip_depth"": 0.6, ""amplitude_dip_sigma_mm"": 1.0499999999999998}"
55,5.789254020513067,beam_offset_y,beam_offset_y_-0.600mm,0.9532616643728352,0.99960195364448,0.31331027241030457,2.1381748590609746,1.0000000124181898,0.16230284320629604,0.3049376364766108,"{""beam_offset_y_mm"": -0.6}"
56,5.800833184200129,vertical_input_dip,vertical_input_dip_d0.300_s0.700mm,0.7381565849273218,0.6837791861217111,0.21829944535343299,0.9999999994328316,0.9999999883847382,0.17103947319085486,0.234549848815147,"{""amplitude_dip_family"": ""vertical_input_dip"", ""amplitude_dip_depth"": 0.3, ""amplitude_dip_sigma_mm"": 0.7}"
57,5.8264206988886205,beam_offset_x,beam_offset_x_-0.400mm,0.9775810046636999,0.9690900634001519,0.2100925134379255,1.0000000018142434,1.601168133573634,0.267763037209161,0.14750580325844936,"{""beam_offset_x_mm"": -0.4}"
58,5.847268361919486,beam_offset_y,beam_offset_y_+0.600mm,0.9532617364776385,0.9996019450253881,0.31331026168182724,0.4676885933897009,0.9999999954654343,0.1623028156057435,0.32890129241066757,"{""beam_offset_y_mm"": 0.5999999999999999}"
59,5.8522241626946245,center_dip,center_dip_d0.300_s0.700mm,0.9552022287422812,0.8779613171288443,0.08723959412338098,0.9999999979064345,0.9999999973546323,0.16869551816975184,0.18440865562786052,"{""amplitude_dip_family"": ""center_dip"", ""amplitude_dip_depth"": 0.3, ""amplitude_dip_sigma_mm"": 0.7}"
60,5.884285414556349,center_dip,center_dip_d0.600_s0.700mm,0.9430297035140693,0.7691738180409933,0.17875457649721394,1.0000000044156945,0.9999999862100667,0.152870176684574,0.26897799001677763,"{""amplitude_dip_family"": ""center_dip"", ""amplitude_dip_depth"": 0.6, ""amplitude_dip_sigma_mm"": 0.7}"
61,5.967472552141221,vertical_input_dip,vertical_input_dip_d0.150_s2.100mm,0.9430856336204556,0.9223674525503415,0.05553492540984688,1.0000000009594936,0.9999999963596404,0.17006634071405813,0.13968344457030787,"{""amplitude_dip_family"": ""vertical_input_dip"", ""amplitude_dip_depth"": 0.15, ""amplitude_dip_sigma_mm"": 2.1}"
62,5.984727272722656,defocus,defocus_+0.200waves,0.9020744069973876,1.0906955887568837,0.2692285547604991,0.9999999521243332,1.0000000123203872,0.13287904319851576,0.17694407758629793,"{""defocus_waves"": 0.19999999999999996}"
63,6.064839649111267,vertical_input_dip,vertical_input_dip_d0.450_s0.350mm,0.7616503740811409,0.6693493156014942,0.2746726329681609,0.9999999912675218,0.9999999746255505,0.19392745771977662,0.21563559228022483,"{""amplitude_dip_family"": ""vertical_input_dip"", ""amplitude_dip_depth"": 0.44999999999999996, ""amplitude_dip_sigma_mm"": 0.35}"
64,6.0939432397578255,beam_offset_y,beam_offset_y_-0.400mm,0.9783325594768932,0.9997908786511334,0.21036452955105428,1.6576415761332102,1.0000000051749771,0.18107436796503093,0.2318791266290681,"{""beam_offset_y_mm"": -0.4}"
65,6.131380130714417,beam_offset_y,beam_offset_y_+0.400mm,0.9783326063624679,0.9997908797991035,0.21036452527761115,0.6032667202546301,0.9999999960599606,0.18107445036605663,0.25311139920571596,"{""beam_offset_y_mm"": 0.3999999999999999}"
66,6.14635175292165,beam_offset_y,beam_offset_y_-0.800mm,0.9193170671802174,0.9993474488810896,0.4138398139782684,2.7639702383692515,1.000000000134879,0.14006687693077172,0.3824232357439593,"{""beam_offset_y_mm"": -0.8}"
67,6.174015825171302,horizontal_input_dip,horizontal_input_dip_d0.900_s1.750mm,0.6506176407676618,0.9940166504785312,0.46988565509743724,1.000000054184323,1.00000000602587,0.21783266000609264,0.1825917156355957,"{""amplitude_dip_family"": ""horizontal_input_dip"", ""amplitude_dip_depth"": 0.9, ""amplitude_dip_sigma_mm"": 1.75}"
68,6.217478550975308,beam_offset_y,beam_offset_y_+0.800mm,0.9193171719006108,0.9993474454911694,0.4138397972299993,0.3617983901680366,0.999999995728843,0.14006686863937098,0.4074722760613022,"{""beam_offset_y_mm"": 0.7999999999999998}"
69,6.259130721299444,horizontal_input_dip,horizontal_input_dip_d0.300_s1.050mm,0.9491203565172764,0.9985964530292601,0.07853796620119406,1.0000000044466617,1.000000001903241,0.15998091168121722,0.12607691061451942,"{""amplitude_dip_family"": ""horizontal_input_dip"", ""amplitude_dip_depth"": 0.3, ""amplitude_dip_sigma_mm"": 1.0499999999999998}"
70,6.303255513750566,defocus,defocus_+0.400waves,0.7633140602452133,1.1412773025872012,0.2832168637478455,0.9999998697749469,1.0000000336998212,0.17989438260857832,0.13717838169146315,"{""defocus_waves"": 0.3999999999999999}"
71,6.642059136633289,centered_aperture,centered_aperture_9.500mm,0.9771755363458289,0.9973599500145836,0.0982399124160117,0.9999999877001575,0.9999999997999919,0.1909195377450705,0.16561665219484972,"{""aperture_diameter_mm"": 9.5}"
72,6.6871795912856244,centered_aperture,centered_aperture_10.250mm,0.9698766490623216,0.9904571483650154,0.06991129273146807,0.9999999816048158,0.9999999960754019,0.1797945337829157,0.14172666984138685,"{""aperture_diameter_mm"": 10.25}"
73,6.734739131284693,center_dip,center_dip_d0.750_s0.700mm,0.9527986111146667,0.7215940571863493,0.22559776357258637,1.0000000068266537,0.9999999850619304,0.15124264303462562,0.31997952519968015,"{""amplitude_dip_family"": ""center_dip"", ""amplitude_dip_depth"": 0.75, ""amplitude_dip_sigma_mm"": 0.7}"
74,6.7617308284459074,center_dip,center_dip_d0.150_s0.700mm,0.973860712946516,0.937646010087516,0.043486135688667917,0.9999999990746876,0.9999999990441757,0.18171931807358727,0.16023733559764258,"{""amplitude_dip_family"": ""center_dip"", ""amplitude_dip_depth"": 0.15, ""amplitude_dip_sigma_mm"": 0.7}"
75,6.842227695017983,beam_offset_x,beam_offset_x_+0.200mm,0.9935215550284333,0.9921022236307471,0.10501615406951234,0.9999999944386657,0.7903579427510603,0.1898668259305093,0.15361374086265675,"{""beam_offset_x_mm"": 0.19999999999999996}"
76,6.86531939129648,vertical_input_dip,vertical_input_dip_d0.450_s1.750mm,0.714000903415309,0.6431088392740898,0.2778473387090834,1.0000000030621576,0.9999999837091961,0.154861435392577,0.25505715605229146,"{""amplitude_dip_family"": ""vertical_input_dip"", ""amplitude_dip_depth"": 0.44999999999999996, ""amplitude_dip_sigma_mm"": 1.75}"
77,6.8686960809102935,beam_offset_x,beam_offset_x_+1.000mm,0.873909873810473,0.8272708190727148,0.5331255053651279,0.999999990848521,0.3071989337562788,0.325569689173588,0.14915807309271412,"{""beam_offset_x_mm"": 0.9999999999999998}"
78,6.890763368329157,beam_offset_x,beam_offset_x_-0.200mm,0.9935215168904941,0.9921022320802559,0.10501615806465579,0.9999999983804908,1.2652495204236966,0.22593537188233342,0.1536137167786925,"{""beam_offset_x_mm"": -0.20000000000000007}"
79,6.9351482155380735,beam_offset_y,beam_offset_y_-0.200mm,0.9937160796512928,0.9999071658991209,0.10581837881723932,1.2870100310367198,1.0000000048286737,0.1933014117455136,0.17460105425215602,"{""beam_offset_y_mm"": -0.20000000000000007}"
80,6.941650902683842,horizontal_input_dip,horizontal_input_dip_d0.150_s1.750mm,0.9599991594509892,0.9995349152671461,0.03757152026587598,0.9999999971943039,0.9999999992622378,0.16732426084261479,0.12882583092403224,"{""amplitude_dip_family"": ""horizontal_input_dip"", ""amplitude_dip_depth"": 0.15, ""amplitude_dip_sigma_mm"": 1.75}"
81,6.951794255117893,beam_offset_y,beam_offset_y_+0.200mm,0.9937160872821957,0.9999071636904318,0.10581837658967906,0.7769947222092827,1.0000000036288215,0.19330137816814905,0.18890911250659181,"{""beam_offset_y_mm"": 0.19999999999999996}"
82,6.968976903629835,horizontal_input_dip,horizontal_input_dip_d0.150_s1.400mm,0.9625607447015351,0.9994358922323313,0.03910408579462978,0.9999999999092252,1.0000000015077994,0.16928019142165307,0.1307334408201009,"{""amplitude_dip_family"": ""horizontal_input_dip"", ""amplitude_dip_depth"": 0.15, ""amplitude_dip_sigma_mm"": 1.4}"
83,7.0257567152070415,horizontal_input_dip,horizontal_input_dip_d0.150_s2.100mm,0.9622412714599317,0.9996179040366677,0.034089019621103146,1.0000000034080239,1.0000000082795735,0.16892874285120718,0.130373055830124,"{""amplitude_dip_family"": ""horizontal_input_dip"", ""amplitude_dip_depth"": 0.15, ""amplitude_dip_sigma_mm"": 2.1}"
84,7.084984266134251,beam_offset_x,beam_offset_x_-1.000mm,0.8739097601536184,0.8272708509692258,0.5331255135663227,1.0000000005629204,3.255219731393748,0.4170147769991624,0.14915809059640192,"{""beam_offset_x_mm"": -1.0}"
85,7.102595272797246,beam_offset_y,beam_offset_y_-1.000mm,0.8775649509619691,0.9990369671323021,0.51129401695311,3.582673456433377,0.9999999974602232,0.12046065761963608,0.4594833189680561,"{""beam_offset_y_mm"": -1.0}"
86,7.123958309638892,horizontal_input_dip,horizontal_input_dip_d0.600_s0.700mm,1.0159004886373921,0.9967473115436463,0.14797951420149436,1.0000000075523088,0.9999999984819501,0.21315845792723265,0.2006105103330518,"{""amplitude_dip_family"": ""horizontal_input_dip"", ""amplitude_dip_depth"": 0.6, ""amplitude_dip_sigma_mm"": 0.7}"
87,7.143587988336312,horizontal_input_dip,horizontal_input_dip_d0.450_s0.700mm,1.0022410576947764,0.9976989471752395,0.10007454636580136,1.0000000023408917,1.000000007609212,0.20134064371509974,0.17488023214417334,"{""amplitude_dip_family"": ""horizontal_input_dip"", ""amplitude_dip_depth"": 0.44999999999999996, ""amplitude_dip_sigma_mm"": 0.7}"
88,7.148874277274867,center_dip,center_dip_d0.600_s1.400mm,0.647823230051725,0.6557461550051389,0.27653984719094155,1.000000011122758,0.9999999882481997,0.1354267058542605,0.27684398361143175,"{""amplitude_dip_family"": ""center_dip"", ""amplitude_dip_depth"": 0.6, ""amplitude_dip_sigma_mm"": 1.4}"
89,7.177330039388465,beam_offset_y,beam_offset_y_+1.000mm,0.877565065933532,0.9990369648193688,0.5112939894553626,0.27912116359062084,1.0000000023268616,0.12046069986776271,0.48490913045954787,"{""beam_offset_y_mm"": 0.9999999999999998}"
90,7.18416291249972,center_dip,center_dip_d0.600_s2.100mm,0.603460360505769,0.6807544584326524,0.2869020195936427,1.000000015421147,0.9999999856773935,0.14850024277136714,0.23557672680464864,"{""amplitude_dip_family"": ""center_dip"", ""amplitude_dip_depth"": 0.6, ""amplitude_dip_sigma_mm"": 2.1}"
91,7.214996181714072,horizontal_input_dip,horizontal_input_dip_d0.150_s1.050mm,0.9742862854898611,0.9993363278460634,0.03672935659347461,1.0000000019521853,1.0000000016889254,0.17821762735792135,0.1395107644098413,"{""amplitude_dip_family"": ""horizontal_input_dip"", ""amplitude_dip_depth"": 0.15, ""amplitude_dip_sigma_mm"": 1.0499999999999998}"
92,7.308659032574033,centered_aperture,centered_aperture_11.000mm,0.9885372978929924,0.9952776323692442,0.04982156936497412,0.999999994234321,0.9999999974277889,0.18722754837722883,0.15340253319901978,"{""aperture_diameter_mm"": 11.0}"
93,7.383769580284772,horizontal_input_dip,horizontal_input_dip_d0.300_s0.700mm,0.9963871848928074,0.9985489411021528,0.060768397199857875,1.0000000067867896,1.0000000011831107,0.19614849155048267,0.16095939388556338,"{""amplitude_dip_family"": ""horizontal_input_dip"", ""amplitude_dip_depth"": 0.3, ""amplitude_dip_sigma_mm"": 0.7}"
94,7.502912553165434,horizontal_input_dip,horizontal_input_dip_d0.750_s0.700mm,1.0405240042893593,0.9957122747287102,0.2058738238795451,1.0000000157750066,0.9999999998650642,0.23472887159343672,0.24089115864747596,"{""amplitude_dip_family"": ""horizontal_input_dip"", ""amplitude_dip_depth"": 0.75, ""amplitude_dip_sigma_mm"": 0.7}"
95,7.543953453478981,center_dip,center_dip_d0.600_s0.350mm,1.0368165612561833,0.914700633565133,0.09258090559225911,0.9999999963482855,0.9999999909140892,0.18757435548852838,0.20953614188330594,"{""amplitude_dip_family"": ""center_dip"", ""amplitude_dip_depth"": 0.6, ""amplitude_dip_sigma_mm"": 0.35}"
96,7.5472709729351015,center_dip,center_dip_d0.450_s0.350mm,1.0257526663393597,0.9353851312685766,0.06904363109258257,0.9999999959689486,0.9999999984058151,0.18853449350282844,0.19364176324543508,"{""amplitude_dip_family"": ""center_dip"", ""amplitude_dip_depth"": 0.44999999999999996, ""amplitude_dip_sigma_mm"": 0.35}"
97,7.594844876839607,center_dip,center_dip_d0.600_s1.750mm,0.6053572216035793,0.6603158448138025,0.29077149226366666,1.000000014181346,0.9999999906252267,0.1483769610136893,0.2599833461637454,"{""amplitude_dip_family"": ""center_dip"", ""amplitude_dip_depth"": 0.6, ""amplitude_dip_sigma_mm"": 1.75}"
98,7.641725256204442,center_dip,center_dip_d0.750_s0.350mm,1.0489801732763877,0.8945073727464429,0.11649342264012165,0.9999999953168244,0.9999999977167414,0.18784480819740884,0.22669808726727977,"{""amplitude_dip_family"": ""center_dip"", ""amplitude_dip_depth"": 0.75, ""amplitude_dip_sigma_mm"": 0.35}"
99,7.647694194141325,center_dip,center_dip_d0.300_s0.350mm,1.0157644679449997,0.9565168150147892,0.04598081883279385,0.9999999919249194,1.000000003108246,0.19060269031257432,0.1792417062073258,"{""amplitude_dip_family"": ""center_dip"", ""amplitude_dip_depth"": 0.3, ""amplitude_dip_sigma_mm"": 0.35}"
100,7.676263795112856,centered_aperture,centered_aperture_8.000mm,1.0320064700490152,1.0150837806368609,0.18244130942882705,0.9999999787015215,1.0000000239043239,0.3487220267207479,0.17784660800223565,"{""aperture_diameter_mm"": 8.0}"
101,7.676999034410422,center_dip,center_dip_d0.750_s1.050mm,0.7301470658920028,0.6147474211860243,0.30563093568872757,1.0000000084488274,0.9999999870132318,0.12800537754124902,0.35503558722350664,"{""amplitude_dip_family"": ""center_dip"", ""amplitude_dip_depth"": 0.75, ""amplitude_dip_sigma_mm"": 1.0499999999999998}"
102,7.711638050790228,centered_aperture,centered_aperture_11.750mm,0.9979596596615836,0.9975497054191169,0.031833900545791764,0.9999999964845571,1.0000000088845018,0.1934510046957426,0.15848666513727191,"{""aperture_diameter_mm"": 11.75}"
103,7.722277525706801,horizontal_input_dip,horizontal_input_dip_d0.150_s0.700mm,0.9958766106600523,0.9992957707037082,0.028801613858784336,0.999999999752637,1.0000000015145185,0.19537379490521212,0.15566021122713974,"{""amplitude_dip_family"": ""horizontal_input_dip"", ""amplitude_dip_depth"": 0.15, ""amplitude_dip_sigma_mm"": 0.7}"
104,7.729953832924935,centered_aperture,centered_aperture_8.750mm,1.0326380325261217,1.0079619880851183,0.1302989820038516,0.99999997986188,1.000000006719029,0.25107970495737014,0.1974659017422538,"{""aperture_diameter_mm"": 8.75}"
105,7.7789119510179665,centered_aperture,centered_aperture_12.500mm,0.9952524337769478,0.9980505033958555,0.022198408541604795,1.0000000040631196,1.0000000018032529,0.1970423874388498,0.15509962000669167,"{""aperture_diameter_mm"": 12.5}"
106,7.827003956700966,horizontal_input_dip,horizontal_input_dip_d0.900_s2.100mm,0.5718722343630244,0.9942642913244651,0.49889426979799345,1.0000000555251107,1.000000019782802,0.2877636996045068,0.19009613135928669,"{""amplitude_dip_family"": ""horizontal_input_dip"", ""amplitude_dip_depth"": 0.9, ""amplitude_dip_sigma_mm"": 2.1}"
107,7.834673836864485,center_dip,center_dip_d0.150_s0.350mm,1.0068244106025155,0.978051766686396,0.023722368803566537,0.9999999989885716,1.0000000037573937,0.19364460430524721,0.1665965202097503,"{""amplitude_dip_family"": ""center_dip"", ""amplitude_dip_depth"": 0.15, ""amplitude_dip_sigma_mm"": 0.35}"
108,7.8399504221810545,center_dip,center_dip_d0.900_s0.350mm,1.0622637098025662,0.8748493196448339,0.1407195627159788,1.0000000003800016,0.9999999992779112,0.18944840080749892,0.24493551607883238,"{""amplitude_dip_family"": ""center_dip"", ""amplitude_dip_depth"": 0.9, ""amplitude_dip_sigma_mm"": 0.35}"
109,7.848387911935866,centered_aperture,centered_aperture_13.250mm,0.9948460389963857,0.9972500371071169,0.015161392452037552,1.0000000036146308,0.9999999990680091,0.1974599184568554,0.15422069625983836,"{""aperture_diameter_mm"": 13.25}"
110,7.92183202255641,center_dip,center_dip_d0.900_s0.700mm,0.9754043758099984,0.6796666160057324,0.27252753276666913,1.0000000039839503,0.999999986639577,0.15499218624344435,0.37353986920560156,"{""amplitude_dip_family"": ""center_dip"", ""amplitude_dip_depth"": 0.9, ""amplitude_dip_sigma_mm"": 0.7}"
111,7.944141149042125,centered_aperture,centered_aperture_14.000mm,0.9964713431867449,0.9987765063110134,0.010618058601435103,0.9999999988737602,1.0000000098920252,0.19743349151100859,0.15486699650215796,"{""aperture_diameter_mm"": 14.0}"
112,8.001425266611776,HG02_mix,HG02_mix_+0.500,0.5296644441191369,0.996892686684601,0.43976507981570867,1.0000000420901183,1.0000000112959486,0.3279843516923815,0.18748972353889085,"{""hg02_coefficient"": 0.5}"
113,8.033806640554019,baseline,baseline,0.9989019535011567,0.999946436610282,0.0075746471199805,1.0000000035676724,0.9999999994448422,0.1975226036119586,0.15599078646136147,{}
114,8.033806640554019,defocus,defocus_+0.000waves,0.9989019535011567,0.999946436610282,0.0075746471199805,1.0000000035676724,0.9999999994448422,0.1975226036119586,0.15599078646136147,"{""defocus_waves"": 0.0}"
115,8.033806640554019,astigmatism,astigmatism_+0.000waves,0.9989019535011567,0.999946436610282,0.0075746471199805,1.0000000035676724,0.9999999994448422,0.1975226036119586,0.15599078646136147,"{""astigmatism_waves"": 0.0}"
116,8.033806640554019,spherical,spherical_+0.000waves,0.9989019535011567,0.999946436610282,0.0075746471199805,1.0000000035676724,0.9999999994448422,0.1975226036119586,0.15599078646136147,"{""spherical_waves"": 0.0}"
117,8.157783245213883,horizontal_input_dip,horizontal_input_dip_d0.150_s0.350mm,1.0112344708673409,0.9994865743930795,0.017245670533307493,1.0000000017106392,0.9999999980454511,0.20796780218101887,0.16630740548035097,"{""amplitude_dip_family"": ""horizontal_input_dip"", ""amplitude_dip_depth"": 0.15, ""amplitude_dip_sigma_mm"": 0.35}"
118,8.27239622696777,horizontal_input_dip,horizontal_input_dip_d0.300_s0.350mm,1.0260353500535382,0.9989932999622391,0.034139015320672046,1.0000000040839305,1.0000000024419329,0.2207531427652537,0.17935570654083915,"{""amplitude_dip_family"": ""horizontal_input_dip"", ""amplitude_dip_depth"": 0.3, ""amplitude_dip_sigma_mm"": 0.35}"
119,8.448831639066984,horizontal_input_dip,horizontal_input_dip_d0.450_s0.350mm,1.043680686695103,0.9984665177927355,0.054378647772852465,1.0000000100479556,0.9999999962679286,0.23629642166702572,0.19557364277762015,"{""amplitude_dip_family"": ""horizontal_input_dip"", ""amplitude_dip_depth"": 0.44999999999999996, ""amplitude_dip_sigma_mm"": 0.35}"
120,8.474872273256855,horizontal_input_dip,horizontal_input_dip_d0.900_s0.700mm,1.0797559287941643,0.9946406857770679,0.2746196992206097,1.0000000281453127,0.9999999952739239,0.270003586240008,0.2975393407172386,"{""amplitude_dip_family"": ""horizontal_input_dip"", ""amplitude_dip_depth"": 0.9, ""amplitude_dip_sigma_mm"": 0.7}"
121,8.48090650054539,beam_offset_y,beam_offset_y_-1.200mm,0.8292611567995182,0.9986822756530779,0.6051381100970881,4.65820965888357,1.0000000032681005,0.11381888194135216,0.5337260919394671,"{""beam_offset_y_mm"": -1.2}"
122,8.553455216823275,beam_offset_y,beam_offset_y_+1.200mm,0.8292613300812955,0.9986822611268308,0.6051380713279504,0.21467474902786252,0.999999998218808,0.11381887709269387,0.559168609696587,"{""beam_offset_y_mm"": 1.2}"
123,8.648830451476732,measured_ellipse,measured_Gaussian_X6p40_Y6p31mm,1.0324375161289618,1.01649575895677,0.02330114972643881,0.9999999993573953,1.000000004893742,0.2227623119490661,0.1772764520183182,"{""diameter_x_mm"": 6.4, ""diameter_y_mm"": 6.31}"
124,8.715077917759084,horizontal_input_dip,horizontal_input_dip_d0.600_s0.350mm,1.0645745768309434,0.9979073972490524,0.07788489003764985,1.0000000025357991,0.999999991527517,0.2550482236890987,0.21539681827365603,"{""amplitude_dip_family"": ""horizontal_input_dip"", ""amplitude_dip_depth"": 0.6, ""amplitude_dip_sigma_mm"": 0.35}"
125,8.875799490609445,HG20_mix,HG20_mix_+0.300,0.6784932819232367,0.5920914043347976,0.4099212715701293,0.9999999874793428,0.999999983977129,0.12800753340473411,0.2861689322431946,"{""hg20_coefficient"": 0.30000000000000004}"
126,8.985525918410339,vertical_input_dip,vertical_input_dip_d0.450_s1.400mm,0.6499809852920304,0.5799309957536314,0.3214544483441223,1.0000000001651828,0.9999999830385425,0.1886585873292531,0.3106047697010829,"{""amplitude_dip_family"": ""vertical_input_dip"", ""amplitude_dip_depth"": 0.44999999999999996, ""amplitude_dip_sigma_mm"": 1.4}"
127,9.09067414699574,beam_offset_x,beam_offset_x_+1.200mm,0.824673208953346,0.7643158227840154,0.6448783097143932,0.999999993087696,0.2420814510190098,0.37135633728276557,0.17333843390515014,"{""beam_offset_x_mm"": 1.2}"
128,9.097964942506499,horizontal_input_dip,horizontal_input_dip_d0.750_s0.350mm,1.089134874621287,0.9973188334767105,0.10490149897495224,1.000000017284732,0.9999999919858877,0.2774731624008273,0.2392382157518155,"{""amplitude_dip_family"": ""horizontal_input_dip"", ""amplitude_dip_depth"": 0.75, ""amplitude_dip_sigma_mm"": 0.35}"
129,9.271423111529579,vertical_input_dip,vertical_input_dip_d0.600_s0.350mm,0.6805759218968864,0.5689794844139068,0.37605088231968553,1.000000001773071,0.9999999705672575,0.25745764743100324,0.28237802501660647,"{""amplitude_dip_family"": ""vertical_input_dip"", ""amplitude_dip_depth"": 0.6, ""amplitude_dip_sigma_mm"": 0.35}"
130,9.279186479396849,beam_offset_x,beam_offset_x_-1.200mm,0.8246730569326001,0.7643158556413207,0.6448783195659803,1.0000000026611138,4.1308411616008,0.4645665088969576,0.17333851680300227,"{""beam_offset_x_mm"": -1.2}"
131,9.44498800163833,center_dip,center_dip_d0.900_s1.050mm,0.7306067984796567,0.5558539805776226,0.3720148471925665,1.000000011585212,0.9999999779899078,0.13095905517637044,0.427460235736488,"{""amplitude_dip_family"": ""center_dip"", ""amplitude_dip_depth"": 0.9, ""amplitude_dip_sigma_mm"": 1.0499999999999998}"
132,9.464451682392989,astigmatism,astigmatism_-0.400waves,0.7409342888257855,1.1876374435265138,0.5394438491284651,0.9999998544611506,1.0000000037710184,0.2312291509334708,0.1210091321228312,"{""astigmatism_waves"": -0.3999999999999999}"
133,9.545313900849006,HG02_mix,HG02_mix_-0.100,1.1029261057402553,1.000537284360545,0.08667483233172799,0.9999999862948683,1.000000000345029,0.2890144405895762,0.23139546576400127,"{""hg02_coefficient"": -0.09999999999999998}"
134,9.62435982185653,horizontal_input_dip,horizontal_input_dip_d0.900_s0.350mm,1.1177694777760085,0.9967059958002062,0.13570519717589927,1.0000000193877943,0.9999999975365529,0.304022216791499,0.26746297125186014,"{""amplitude_dip_family"": ""horizontal_input_dip"", ""amplitude_dip_depth"": 0.9, ""amplitude_dip_sigma_mm"": 0.35}"
135,9.771214739807013,centered_aperture,centered_aperture_7.250mm,1.0935452349719723,1.0679982553930045,0.268824002653355,0.999999964159228,1.0000000196404948,0.4977370127093248,0.2279004930031256,"{""aperture_diameter_mm"": 7.25}"
136,10.171507427722615,HG02_mix,HG02_mix_+0.600,0.4631257443362569,0.996373623777583,0.5144815242916295,1.0000000546790322,1.0000000109026166,0.39103944815143893,0.23335643644253487,"{""hg02_coefficient"": 0.6000000000000001}"
137,10.177908245643176,center_dip,center_dip_d0.750_s1.400mm,0.5808324778331583,0.5686436645125679,0.3645050683568407,1.0000000138518592,0.9999999825301489,0.17000299782127573,0.36721407532125433,"{""amplitude_dip_family"": ""center_dip"", ""amplitude_dip_depth"": 0.75, ""amplitude_dip_sigma_mm"": 1.4}"
138,10.347469352224579,defocus,defocus_+0.800waves,0.6843114335583171,1.2596849820857345,0.42739831419623175,0.9999998689422083,0.9999999389234018,0.2938598453275452,0.2988356383782473,"{""defocus_waves"": 0.8000000000000003}"
139,10.357715288762984,vertical_input_dip,vertical_input_dip_d0.600_s2.100mm,0.6246253436683702,0.5427006143022702,0.3913801161978145,0.9999999936623584,0.9999999795750563,0.18474086283344718,0.3337744658456891,"{""amplitude_dip_family"": ""vertical_input_dip"", ""amplitude_dip_depth"": 0.6, ""amplitude_dip_sigma_mm"": 2.1}"
140,10.658284945749438,defocus,defocus_+0.600waves,0.5270453032193054,1.1791624539084307,0.43134712208553583,0.9999998708017088,0.9999999900144821,0.39029468566734216,0.37738902867731366,"{""defocus_waves"": 0.6000000000000001}"
141,10.713198318065757,vertical_input_dip,vertical_input_dip_d0.450_s0.700mm,0.597004062987582,0.5331221530441475,0.3474839398853859,0.9999999980713782,0.9999999753425758,0.23800941724416655,0.3581179443287446,"{""amplitude_dip_family"": ""vertical_input_dip"", ""amplitude_dip_depth"": 0.44999999999999996, ""amplitude_dip_sigma_mm"": 0.7}"
142,10.737224062122053,defocus,defocus_+1.000waves,0.9527087161165292,1.2809845632082135,0.2928392198908346,0.9999999221617394,0.9999999573396823,0.1963688340980166,0.1628486641571149,"{""defocus_waves"": 1.0}"
143,10.828133736236056,HG20_mix,HG20_mix_-0.100,1.0963142583275005,1.1490965771415644,0.11120527083628595,1.0000000011807324,1.0000000037110648,0.2579177297239567,0.21843092789435076,"{""hg20_coefficient"": -0.09999999999999998}"
144,10.894531897990202,vertical_input_dip,vertical_input_dip_d0.450_s1.050mm,0.5903100835950655,0.5287179288878192,0.35286797250645585,1.0000000002298572,0.999999973582914,0.2257794847483905,0.3647134948241305,"{""amplitude_dip_family"": ""vertical_input_dip"", ""amplitude_dip_depth"": 0.44999999999999996, ""amplitude_dip_sigma_mm"": 1.0499999999999998}"
145,11.604123341990897,center_dip,center_dip_d0.750_s1.750mm,0.503818563414536,0.5578885507067831,0.39913936604284833,1.0000000198621584,0.9999999793803848,0.2120545932557645,0.365242215000252,"{""amplitude_dip_family"": ""center_dip"", ""amplitude_dip_depth"": 0.75, ""amplitude_dip_sigma_mm"": 1.75}"
146,11.652034106842134,HG02_mix,HG02_mix_-0.200,1.2040127048762619,1.00108703050475,0.1689591198974938,0.9999999789986506,0.9999999910129609,0.3841631476870484,0.3061310006083201,"{""hg02_coefficient"": -0.19999999999999996}"
147,11.94640910211018,center_dip,center_dip_d0.750_s2.100mm,0.47481846016753537,0.5668851245007693,0.41143480499970253,1.0000000174613113,0.9999999829549167,0.2341943507770083,0.35161356342248423,"{""amplitude_dip_family"": ""center_dip"", ""amplitude_dip_depth"": 0.75, ""amplitude_dip_sigma_mm"": 2.1}"
148,12.038904182497147,HG02_mix,HG02_mix_+0.700,0.4090544827403785,0.9959137267154438,0.5814429735902698,1.0000000670588098,1.0000000142238417,0.4429877761250657,0.27069688686752374,"{""hg02_coefficient"": 0.7000000000000002}"
149,12.680231525234634,vertical_input_dip,vertical_input_dip_d0.750_s0.350mm,0.6021940724807808,0.4767579970275804,0.4790502978469212,1.000000000530879,0.9999999615797711,0.3339837161895219,0.3525439887430248,"{""amplitude_dip_family"": ""vertical_input_dip"", ""amplitude_dip_depth"": 0.75, ""amplitude_dip_sigma_mm"": 0.35}"
150,12.74702333957044,center_dip,center_dip_d0.900_s1.400mm,0.550670675810909,0.4910728794644503,0.45584075819571773,1.0000000199983656,0.9999999748783244,0.19354994714005144,0.4565814462717055,"{""amplitude_dip_family"": ""center_dip"", ""amplitude_dip_depth"": 0.9, ""amplitude_dip_sigma_mm"": 1.4}"
151,12.963620348811128,vertical_input_dip,vertical_input_dip_d0.600_s1.750mm,0.5531034674570569,0.47398508914021287,0.44829231040729234,1.0000000016159094,0.9999999794014062,0.23284421589042353,0.399865744910666,"{""amplitude_dip_family"": ""vertical_input_dip"", ""amplitude_dip_depth"": 0.6, ""amplitude_dip_sigma_mm"": 1.75}"
152,13.548927648198609,HG20_mix,HG20_mix_+0.400,0.5708768068015235,0.4777846439011674,0.5640491289000173,0.9999999824483493,0.9999999798577536,0.18170088797674575,0.3840567236912552,"{""hg20_coefficient"": 0.40000000000000013}"
153,13.571408827581854,HG02_mix,HG02_mix_+0.800,0.36754345060433297,0.9955183636578391,0.6400780974782468,1.0000000763529309,1.0000000036118106,0.48313922453274283,0.29954933353728325,"{""hg02_coefficient"": 0.8}"
154,13.593910154393967,aperture_offset_x,aperture7mm_offset_x_-0.500mm,1.2487635091446436,1.0880070131727768,0.3221622951422334,0.9999999574041762,1.1585804962449924,0.5729884268429974,0.317170309023078,"{""aperture_diameter_mm"": 7.0, ""aperture_offset_x_mm"": -0.5}"
155,13.641670874813588,aperture_offset_x,aperture7mm_offset_x_+0.500mm,1.2487635725075104,1.0880069851782095,0.3221622828358612,0.9999999611228592,0.8631252236613636,0.597982295493803,0.31717035173572106,"{""aperture_diameter_mm"": 7.0, ""aperture_offset_x_mm"": 0.5}"
156,14.012396364439152,HG02_mix,HG02_mix_-0.300,1.2999921150872016,1.0015862613507116,0.24543900814302663,0.9999999611509487,1.000000001785356,0.47684403530667563,0.37818311672201554,"{""hg02_coefficient"": -0.29999999999999993}"
157,14.465161451904915,aperture_offset_x,aperture7mm_offset_x_-1.000mm,1.1912276293788084,1.2304966061353146,0.39315327596238403,0.9999999724997608,1.475653359344894,0.6591468532938768,0.287935152253925,"{""aperture_diameter_mm"": 7.0, ""aperture_offset_x_mm"": -1.0}"
158,14.516403226061257,aperture_offset_x,aperture7mm_offset_x_+1.000mm,1.1912277431448175,1.2304965575044848,0.39315327152789675,0.999999970735498,0.677665955959188,0.6840231544586745,0.2879352059169636,"{""aperture_diameter_mm"": 7.0, ""aperture_offset_x_mm"": 1.0}"
159,14.694869406043145,HG20_mix,HG20_mix_-0.200,1.1860098367945537,1.2993824943538013,0.20749774313078084,1.0000000024901605,1.0000000145995351,0.3165936944347752,0.29341301016732807,"{""hg20_coefficient"": -0.19999999999999996}"
160,14.769616590020293,HG02_mix,HG02_mix_+0.900,0.3380928780237691,0.9951890655097237,0.690273377376386,1.0000000763921857,1.0000000215914502,0.5117084355165216,0.3204410298177512,"{""hg02_coefficient"": 0.9000000000000001}"
161,14.840326232467232,aperture_offset_y,aperture7mm_offset_y_-1.500mm,1.2614277373758895,1.0943847316416004,0.5113985947523847,2.790188217360592,1.0000000056548914,0.48345218396078166,0.46751427711002785,"{""aperture_diameter_mm"": 7.0, ""aperture_offset_y_mm"": -1.5}"
162,14.870843406620711,aperture_offset_y,aperture7mm_offset_y_+1.500mm,1.261427864928073,1.0943847189650016,0.5113986002383455,0.35839874785419434,1.0000000132274631,0.48345223615710253,0.48884416129780867,"{""aperture_diameter_mm"": 7.0, ""aperture_offset_y_mm"": 1.5}"
163,15.223014994661437,center_dip,center_dip_d0.900_s1.750mm,0.4399230080362387,0.46006710834386405,0.5200304268262191,1.0000000280274295,0.9999999783203797,0.26310558872597223,0.47407891742894837,"{""amplitude_dip_family"": ""center_dip"", ""amplitude_dip_depth"": 0.9, ""amplitude_dip_sigma_mm"": 1.75}"
164,15.307675557097998,aperture_offset_y,aperture7mm_offset_y_-1.000mm,1.3178335095292764,1.089646950851911,0.378414681310242,1.7446645624431407,1.0000000103880617,0.5305916279236716,0.4017236011203428,"{""aperture_diameter_mm"": 7.0, ""aperture_offset_y_mm"": -1.0}"
165,15.310344309316198,aperture_offset_y,aperture7mm_offset_y_+0.500mm,1.3210128691575496,1.097894473042528,0.3194836182921251,0.7804697118361004,1.0000000128627278,0.5598537987231544,0.3768596191404501,"{""aperture_diameter_mm"": 7.0, ""aperture_offset_y_mm"": 0.5}"
166,15.311172995076157,aperture_offset_y,aperture7mm_offset_y_-0.500mm,1.321012876285216,1.0978944743770103,0.3194835983595494,1.2812796183318496,1.0000000146313532,0.55985375975918,0.377616306830611,"{""aperture_diameter_mm"": 7.0, ""aperture_offset_y_mm"": -0.5}"
167,15.31976939457043,aperture_offset_y,aperture7mm_offset_y_+1.000mm,1.3178335712848255,1.0896469414230585,0.3784147043747643,0.5731760600248927,1.0000000081577716,0.5305917100005446,0.4119646732391935,"{""aperture_diameter_mm"": 7.0, ""aperture_offset_y_mm"": 1.0}"
168,15.565605465094933,vertical_input_dip,vertical_input_dip_d0.600_s1.400mm,0.47766588054342346,0.40882505478099146,0.49685481474971926,0.999999996718266,0.9999999709267584,0.2880692295559178,0.47118618535180967,"{""amplitude_dip_family"": ""vertical_input_dip"", ""amplitude_dip_depth"": 0.6, ""amplitude_dip_sigma_mm"": 1.4}"
169,15.653487912774336,HG02_mix,HG02_mix_+1.000,0.31975552375376937,0.9949243383845459,0.7322960755187055,1.000000088475977,1.0000000163764604,0.5294923980637184,0.33422588523414015,"{""hg02_coefficient"": 1.0}"
170,15.972463355558002,vertical_input_dip,vertical_input_dip_d0.900_s0.350mm,0.529315333326212,0.39442404518022106,0.5807619070525489,0.9999999964446358,0.9999999485925178,0.4149834310541382,0.4202949320466268,"{""amplitude_dip_family"": ""vertical_input_dip"", ""amplitude_dip_depth"": 0.9, ""amplitude_dip_sigma_mm"": 0.35}"
171,16.09522375628506,vertical_input_dip,vertical_input_dip_d0.600_s0.700mm,0.4575587015815458,0.39456116623464454,0.48724657633304036,0.9999999886636561,0.9999999647354791,0.3350517863466834,0.4895765865189174,"{""amplitude_dip_family"": ""vertical_input_dip"", ""amplitude_dip_depth"": 0.6, ""amplitude_dip_sigma_mm"": 0.7}"
172,16.27393205565092,defocus,defocus_+1.200waves,1.2919234586037525,1.2708208381596127,0.22634799785061072,0.9999999210004352,0.9999999991051229,0.29862989994187267,0.36503951423099146,"{""defocus_waves"": 1.2000000000000002}"
173,16.380327383731853,HG02_mix,HG02_mix_-0.400,1.389230524883354,1.0020291914986192,0.3152031341160276,0.9999999482001228,1.0000000037132337,0.5640702945109161,0.44614190393297254,"{""hg02_coefficient"": -0.3999999999999999}"
174,16.52185885772856,spherical,spherical_+0.200waves,1.3102347585956844,1.2518819779064145,0.1775069478773677,0.9999999213323959,1.0000000287615955,0.40134648056863376,0.3518541681010209,"{""spherical_waves"": 0.19999999999999996}"
175,16.703788508333123,aperture_offset_y,aperture7mm_offset_y_-2.000mm,1.234061774932774,1.1679080788557201,0.6835226148331521,5.437467209363634,1.000000011619971,0.3967257973450051,0.651340070071867,"{""aperture_diameter_mm"": 7.0, ""aperture_offset_y_mm"": -2.0}"
176,16.726325524748574,center_dip,center_dip_d0.900_s2.100mm,0.3751506399395798,0.44823035967612457,0.5635931788035206,1.0000000338344266,0.9999999755247845,0.3150548594772465,0.4816214684326992,"{""amplitude_dip_family"": ""center_dip"", ""amplitude_dip_depth"": 0.9, ""amplitude_dip_sigma_mm"": 2.1}"
177,16.749186044299986,aperture_offset_y,aperture7mm_offset_y_+2.000mm,1.2340619182731607,1.1679080455906088,0.683522599860642,0.18390914656312254,1.0000000087950365,0.39672593704091097,0.677061775424193,"{""aperture_diameter_mm"": 7.0, ""aperture_offset_y_mm"": 2.0}"
178,17.313470452466955,defocus,defocus_+1.600waves,1.361017110579468,1.2303753636990473,0.20617858947974332,0.999999902028434,0.9999999952063688,0.32831001634924983,0.46317172293150305,"{""defocus_waves"": 1.6}"
179,17.319085917048437,vertical_input_dip,vertical_input_dip_d0.600_s1.050mm,0.4207785910053754,0.3673169110763274,0.5186405929089188,0.9999999915326633,0.9999999735107208,0.33284383793194927,0.5254981080812599,"{""amplitude_dip_family"": ""vertical_input_dip"", ""amplitude_dip_depth"": 0.6, ""amplitude_dip_sigma_mm"": 1.0499999999999998}"
180,17.672412816826107,spherical,spherical_+0.400waves,1.2336706773407247,1.4180453172082161,0.25016229281678337,0.9999998899032753,1.0000000091808923,0.3385380541967526,0.3667786004640597,"{""spherical_waves"": 0.3999999999999999}"
181,18.167224424914238,HG20_mix,HG20_mix_+0.500,0.4678277235908754,0.3768371580340848,0.7210687330299476,0.9999999864682134,0.9999999592172487,0.24725852997564557,0.48180566422717747,"{""hg20_coefficient"": 0.5}"
182,18.627187299726504,HG02_mix,HG02_mix_-0.500,1.4706518467767316,1.0024134553224886,0.3778249450910695,0.999999940312713,0.9999999995215605,0.6441929139731104,0.5090556461770024,"{""hg02_coefficient"": -0.5}"
183,18.74775186207344,vertical_input_dip,vertical_input_dip_d0.750_s2.100mm,0.4165029439192198,0.339977034820972,0.6380003299201907,0.9999999932688787,0.999999967293744,0.3136382951073006,0.5303877493714455,"{""amplitude_dip_family"": ""vertical_input_dip"", ""amplitude_dip_depth"": 0.75, ""amplitude_dip_sigma_mm"": 2.1}"
184,18.79820817581118,HG20_mix,HG20_mix_-0.300,1.2670542580167592,1.4472514147562092,0.28940765459072826,0.9999999997699117,1.0000000396128597,0.37099732788501855,0.3669625344423502,"{""hg20_coefficient"": -0.29999999999999993}"
185,19.51300558719563,defocus,defocus_+1.400waves,1.4629371934408206,1.2197756741615493,0.21609201556230853,0.9999999065831455,0.999999992714145,0.3514061990121445,0.5439027685602658,"{""defocus_waves"": 1.4}"
186,20.3153851297005,astigmatism,astigmatism_-0.600waves,0.5169878508875362,1.4684718042976361,0.870058277663272,0.9999998509657364,0.9999999923283721,0.4449657916329502,0.35796077423405104,"{""astigmatism_waves"": -0.6000000000000001}"
187,20.645171580457994,spherical,spherical_+0.600waves,1.2167403769477199,1.578645833285882,0.3122475588241458,0.9999999066663287,1.0000000161522453,0.33988398530256464,0.4070490642854794,"{""spherical_waves"": 0.6000000000000001}"
188,20.669542338905313,centered_aperture,centered_aperture_6.500mm,1.5264001654963408,1.1283169662112889,0.37600998840025746,0.99999996692299,1.0000000027000178,0.7145812500718723,0.4945830499063822,"{""aperture_diameter_mm"": 6.5}"
189,20.688012487912797,HG02_mix,HG02_mix_-0.600,1.5436973421496867,1.0027395228525597,0.4332495866335453,0.9999999302931628,0.9999999970178889,0.7163711320938709,0.5663683662605095,"{""hg02_coefficient"": -0.6}"
190,21.159036177600203,vertical_input_dip,vertical_input_dip_d0.750_s0.700mm,0.33236089332920316,0.2750921239441703,0.6313228799601539,0.9999999996300311,0.9999999590796343,0.44243787765888537,0.6106381120890244,"{""amplitude_dip_family"": ""vertical_input_dip"", ""amplitude_dip_depth"": 0.75, ""amplitude_dip_sigma_mm"": 0.7}"
191,21.302436859768545,vertical_input_dip,vertical_input_dip_d0.750_s1.750mm,0.34412381956502214,0.2806146957764328,0.6915799435675292,1.0000000039124681,0.9999999651289376,0.37314440764388257,0.6004632888850657,"{""amplitude_dip_family"": ""vertical_input_dip"", ""amplitude_dip_depth"": 0.75, ""amplitude_dip_sigma_mm"": 1.75}"
192,22.39921241600984,defocus,defocus_-0.200waves,1.5872688678530897,0.9941303421820159,0.5381140172122437,0.9999999572861282,1.000000021879658,0.8666947238815778,0.592327500215906,"{""defocus_waves"": -0.19999999999999996}"
193,22.53382419470932,HG02_mix,HG02_mix_-0.700,1.6082440991795743,1.0030100741745045,0.4817068386020433,0.9999999205052824,1.0000000019030189,0.7803277611794099,0.6178554987872883,"{""hg02_coefficient"": -0.7}"
194,22.543807156733227,HG20_mix,HG20_mix_+0.600,0.37221912556982645,0.2897238664620365,0.8768518126779349,0.9999999875914201,0.999999968659663,0.3140566372622444,0.5742413882387132,"{""hg20_coefficient"": 0.6000000000000001}"
195,22.788420518155487,HG20_mix,HG20_mix_-0.400,1.3390439542632437,1.5893443343983067,0.3576056966425253,1.0000000007221235,1.0000000391241328,0.42010831902213824,0.43458539971347177,"{""hg20_coefficient"": -0.3999999999999999}"
196,23.287132543175936,vertical_input_dip,vertical_input_dip_d0.750_s1.400mm,0.2814026664058067,0.23482601281136042,0.7199248954874099,0.999999998538954,0.9999999666080271,0.4281592989048744,0.6614467370503158,"{""amplitude_dip_family"": ""vertical_input_dip"", ""amplitude_dip_depth"": 0.75, ""amplitude_dip_sigma_mm"": 1.4}"
197,23.356472579737357,astigmatism,astigmatism_+0.200waves,1.626721376787645,1.0883403152065088,0.4937703726517373,0.9999999767153921,0.9999999892226904,0.7880130438628528,0.6122469991187519,"{""astigmatism_waves"": 0.19999999999999996}"
198,23.405578070455725,centered_aperture,centered_aperture_5.750mm,1.5790120020518124,1.224024813801008,0.502371396785944,0.999999965716381,1.0000000117902355,0.9267830498509957,0.5273848726846625,"{""aperture_diameter_mm"": 5.75}"
199,23.81472694101045,spherical,spherical_+0.800waves,1.2251731800929906,1.7205165673763223,0.34405884885213,0.9999999166110491,1.0000000237874576,0.3685160736683735,0.40848976815745214,"{""spherical_waves"": 0.8000000000000003}"
200,23.87995078236498,vertical_input_dip,vertical_input_dip_d0.750_s1.050mm,0.2530334252358915,0.22008923634917008,0.7056811968293891,0.9999999950404311,0.9999999578450061,0.46058027857541883,0.6888196094394324,"{""amplitude_dip_family"": ""vertical_input_dip"", ""amplitude_dip_depth"": 0.75, ""amplitude_dip_sigma_mm"": 1.0499999999999998}"
201,23.950723573557475,spherical,spherical_-0.200waves,1.4343278780179765,0.9435940058874878,0.9137246771553432,1.0000000113667495,1.000000003892591,1.5734826740475296,0.5463525005357873,"{""spherical_waves"": -0.19999999999999996}"
202,24.15713770408798,HG02_mix,HG02_mix_-0.800,1.6645067294345688,1.0032292543818704,0.523626194748497,0.9999999108739388,1.000000004901132,0.8361861023559167,0.6635534552931999,"{""hg02_coefficient"": -0.8}"
203,25.31438407049082,vertical_input_dip,vertical_input_dip_d0.900_s0.700mm,0.2393695312503458,0.18291033433627676,0.7688335297955642,1.0000000006712058,0.9999999449235106,0.5451807480228115,0.7015615960929709,"{""amplitude_dip_family"": ""vertical_input_dip"", ""amplitude_dip_depth"": 0.9, ""amplitude_dip_sigma_mm"": 0.7}"
204,25.563515583685675,HG02_mix,HG02_mix_-0.900,1.712938009030918,1.0034021067855203,0.5595600643686737,0.9999999118589751,0.9999999989657854,0.8843413562312784,0.7036887407375517,"{""hg02_coefficient"": -0.9}"
205,25.818581031314874,centered_aperture,centered_aperture_5.000mm,1.4378538985335456,1.5335367519252143,0.6534917161503639,0.9999999898386348,1.0000000366118669,1.1841005703147407,0.4988961114696623,"{""aperture_diameter_mm"": 5.0}"
206,26.36684654633999,spherical,spherical_+1.000waves,1.3050972577355189,1.789911195368647,0.35499577356510176,0.9999999145649933,1.0000000334893895,0.4172263538200052,0.46135703513770526,"{""spherical_waves"": 1.0}"
207,26.51209035675203,HG20_mix,HG20_mix_-0.500,1.4020093791359565,1.7227403647279393,0.4132226951088068,0.9999999948587524,1.00000004370428,0.4636210892407014,0.4947742923159186,"{""hg20_coefficient"": -0.5}"
208,26.572553369167387,HG20_mix,HG20_mix_+0.700,0.28647922034411105,0.21632561560127667,1.0273779992321672,0.999999974391409,0.9999999560715006,0.37752751759606384,0.6579718732461354,"{""hg20_coefficient"": 0.7000000000000002}"
209,26.766216422405474,HG02_mix,HG02_mix_-1.000,1.7541410613710362,1.003533985312034,0.5901212902693563,0.9999999149389932,0.9999999986850989,0.9253592259924676,0.7386148909980718,"{""hg02_coefficient"": -1.0}"
210,27.06834154214228,astigmatism,astigmatism_+1.200waves,1.7424355862223084,1.2583224234376353,0.4801652322671801,1.0000000193753273,0.9999999544019041,0.6386769925219845,0.7594768519566389,"{""astigmatism_waves"": 1.2000000000000002}"
211,29.10886127495081,spherical,spherical_+1.200waves,1.4248374892583895,1.8387599340140761,0.3742130267629934,0.9999999375563059,1.0000000168788574,0.46091540997973346,0.5541914967159168,"{""spherical_waves"": 1.2000000000000002}"
212,29.425301636122914,vertical_input_dip,vertical_input_dip_d0.900_s1.050mm,0.12411332653786457,0.10732327318262584,0.895493579445743,1.0000000030344305,0.9999999549160145,0.5836821417774499,0.8157385422741115,"{""amplitude_dip_family"": ""vertical_input_dip"", ""amplitude_dip_depth"": 0.9, ""amplitude_dip_sigma_mm"": 1.0499999999999998}"
213,29.892315279733317,HG20_mix,HG20_mix_-0.600,1.456305469111679,1.845134139173521,0.4576373758123586,0.9999999925186875,1.0000000598436531,0.5016189673069107,0.5471981500109533,"{""hg20_coefficient"": -0.6}"
214,30.003010867387246,aperture_offset_x,aperture7mm_offset_x_+1.500mm,1.805485548679574,1.4060332153266715,0.49859027562300956,0.9999999708230289,0.42538281054682126,0.790531466301829,0.6868004185424919,"{""aperture_diameter_mm"": 7.0, ""aperture_offset_x_mm"": 1.5}"
215,30.006399679362946,aperture_offset_x,aperture7mm_offset_x_-1.500mm,1.8054854775197404,1.4060332896319059,0.4985902890805862,0.9999999732463942,2.350823913281207,0.793420828913151,0.6868003783058915,"{""aperture_diameter_mm"": 7.0, ""aperture_offset_x_mm"": -1.5}"
216,30.182942457383735,HG20_mix,HG20_mix_+0.800,0.21239327015002324,0.15605511031743655,1.1690870422499058,0.9999999757012009,0.9999999571199104,0.4352661422044321,0.730744878316314,"{""hg20_coefficient"": 0.8}"
217,30.21729666708592,vertical_input_dip,vertical_input_dip_d0.900_s2.100mm,0.14534609629339176,0.1127443255192841,1.0260199890214565,0.999999992596384,0.9999999544877556,0.5173836673570045,0.7957064740756977,"{""amplitude_dip_family"": ""vertical_input_dip"", ""amplitude_dip_depth"": 0.9, ""amplitude_dip_sigma_mm"": 2.1}"
218,30.780744800790067,vertical_input_dip,vertical_input_dip_d0.900_s1.400mm,0.1040603093748509,0.08829223198266822,0.977086571374267,0.9999999975174964,0.9999999627664565,0.5789701782312897,0.835979870757272,"{""amplitude_dip_family"": ""vertical_input_dip"", ""amplitude_dip_depth"": 0.9, ""amplitude_dip_sigma_mm"": 1.4}"
219,30.88806786875759,vertical_input_dip,vertical_input_dip_d0.900_s1.750mm,0.11681366737449284,0.09380982560639738,1.01884559749131,0.9999999980396298,0.9999999593830896,0.5527045606318474,0.8236726621133285,"{""amplitude_dip_family"": ""vertical_input_dip"", ""amplitude_dip_depth"": 0.9, ""amplitude_dip_sigma_mm"": 1.75}"
220,31.648536897512848,spherical,spherical_+1.400waves,1.5325129760263008,1.8814367879010883,0.39394352730081256,0.9999999410535793,1.0000000119449537,0.49021757963494306,0.6431202567648996,"{""spherical_waves"": 1.4}"
221,31.87959200861941,astigmatism,astigmatism_+1.000waves,1.9155981825440909,1.2673278110693156,0.6027721281205509,1.00000010857854,0.9999999412908603,0.9172571277271033,0.8056190476594534,"{""astigmatism_waves"": 1.0}"
222,32.89133554159872,HG20_mix,HG20_mix_-0.700,1.5025065190116378,1.9549275756104363,0.4923285817483312,0.9999999900896736,1.0000000636313424,0.5344074337235913,0.5920839686781534,"{""hg20_coefficient"": -0.7}"
223,33.331906143394974,HG20_mix,HG20_mix_+0.900,0.151002851283099,0.1079920415851485,1.2991467273769817,0.9999999687321638,0.9999999586185063,0.48595330204246173,0.7912673044334156,"{""hg20_coefficient"": 0.9000000000000001}"
224,33.85352634420327,spherical,spherical_+1.600waves,1.6234366927793513,1.9179970723644557,0.40765368264709284,0.9999999463304763,1.0000000154434907,0.5110897098361145,0.7199465733939745,"{""spherical_waves"": 1.6}"
225,34.297059525893935,astigmatism,astigmatism_+1.400waves,2.0610765541270126,1.2146922989893754,0.44947187833240115,1.0000000371399265,0.9999999301147581,0.7730238322034261,0.889661523407514,"{""astigmatism_waves"": 1.4}"
226,35.49633240392189,HG20_mix,HG20_mix_-0.800,1.5413162292756661,2.0512369089765445,0.5187677158644347,1.000000000119469,1.0000000802620694,0.5624133528030866,0.6299433311792496,"{""hg20_coefficient"": -0.8}"
227,35.79354462078148,astigmatism,astigmatism_+1.600waves,2.1092448556178014,1.2240142489859887,0.515541845932376,0.9999999783887512,0.9999999414168192,0.8847573979704076,0.9103803492868603,"{""astigmatism_waves"": 1.6}"
228,36.00130115817791,HG20_mix,HG20_mix_+1.000,0.10260777484173095,0.07100867230174368,1.4156012022356421,0.9999999620545814,0.9999999557827323,0.5290002444406816,0.8390931756779391,"{""hg20_coefficient"": 1.0}"
229,37.71215818976037,HG20_mix,HG20_mix_-0.900,1.5734962496417393,2.133828435513382,0.5383459309692764,0.9999999855126798,1.000000073452901,0.5861176807380429,0.6614227997210426,"{""hg20_coefficient"": -0.9}"
230,39.55640521614272,HG20_mix,HG20_mix_-1.000,1.599814715688615,2.20300963350076,0.5523306936378309,0.999999987782061,1.0000000805372204,0.6060131109154002,0.6872180645279526,"{""hg20_coefficient"": -1.0}"
231,41.028289094288446,spherical,spherical_-0.600waves,1.636193473270414,1.750970962241155,1.3500682236908195,1.000000120464672,1.0000000071116517,2.3614812358824553,0.8461726479805923,"{""spherical_waves"": -0.6000000000000001}"
232,46.60531474478669,aperture_offset_x,aperture7mm_offset_x_+2.000mm,2.402247655795753,1.6592284842358453,0.6354952132159506,0.9999999654364301,0.21272503859551695,0.9624563657888826,1.0773669677309554,"{""aperture_diameter_mm"": 7.0, ""aperture_offset_x_mm"": 2.0}"
233,46.6538124300213,aperture_offset_x,aperture7mm_offset_x_-2.000mm,2.402247411983116,1.6592285573658374,0.635495224109051,0.9999999682335852,4.700904578851246,1.0139508561999846,1.0773667866110583,"{""aperture_diameter_mm"": 7.0, ""aperture_offset_x_mm"": -2.0}"
234,46.953913058637724,astigmatism,astigmatism_+0.800waves,2.485998786016307,1.2478775211989561,0.8613783591584815,1.0000002192678419,0.9999999325161131,1.36533536819677,1.1921651352175997,"{""astigmatism_waves"": 0.8000000000000003}"
235,53.044945317154905,spherical,spherical_-0.400waves,2.5673949446108466,1.2198498528302644,1.2975987478720101,1.000000088159939,1.0000000201217683,2.2797893518784496,1.2374479008766481,"{""spherical_waves"": -0.3999999999999999}"
236,54.5793774827385,astigmatism,astigmatism_+0.400waves,2.7197590231877125,1.1360827415946,1.1739708374526503,1.0000001430513332,0.9999999950443403,1.7807666952230874,1.4535369792818271,"{""astigmatism_waves"": 0.3999999999999999}"
237,55.44161494639296,defocus,defocus_-0.400waves,2.65281047780773,1.1904572885084053,1.3611317170768196,1.0000001453158105,1.0000000024603208,2.27616409322656,1.4161848216272543,"{""defocus_waves"": -0.3999999999999999}"
238,55.88769368456348,spherical,spherical_-0.800waves,0.9977304945314722,2.776550710479551,1.4596482472662924,1.0000001167849109,1.0000000752154974,2.511692247233168,0.6892975126490499,"{""spherical_waves"": -0.8}"
239,59.01601815931479,astigmatism,astigmatism_+0.600waves,2.9072747623976536,1.1712809681884573,1.1688113260557573,1.0000002494505065,0.9999999586920049,1.823379896236063,1.5404649407820048,"{""astigmatism_waves"": 0.6000000000000001}"
240,61.0188969168683,astigmatism,astigmatism_-0.800waves,0.7150142314641558,3.231202734443,1.1125301331403592,0.999999866117099,1.0000000422464328,0.6152647816789332,0.32772719774900555,"{""astigmatism_waves"": -0.8}"
241,64.76983935525179,defocus,defocus_-0.600waves,2.9015893782351596,1.4668901613853027,1.5862371660412928,1.0000002398212298,0.999999987555488,2.7798713746817096,1.5378489313430737,"{""defocus_waves"": -0.6000000000000001}"
242,77.16485600225914,spherical,spherical_-1.000waves,1.8234049599490472,3.5631452196126125,1.4120275483640155,1.0000000881387476,1.000000118966972,2.384767750905566,0.872344616767083,"{""spherical_waves"": -1.0}"
243,81.23670854922877,defocus,defocus_-0.800waves,2.6363751989506716,3.2343027129610604,1.5148197339437948,1.0000002114112732,1.0000000571913672,2.6267606627961997,1.2824443726397285,"{""defocus_waves"": -0.8}"
244,99.99790376849592,spherical,spherical_-1.200waves,3.145351842211581,3.906551103009224,1.3485731774568355,1.0000000916824865,1.000000159560356,2.2634420670389797,1.620976135655414,"{""spherical_waves"": -1.2000000000000002}"
245,125.73151472159635,spherical,spherical_-1.400waves,4.329257736925739,4.234478406997402,1.332615386509287,1.0000001185197014,1.0000000995081308,2.25189395410193,2.3977238137728,"{""spherical_waves"": -1.4000000000000001}"
246,148.9184410921046,spherical,spherical_-1.600waves,5.304629571555818,4.515015608999508,1.3719835429697436,1.000000105841759,1.0000001078767315,2.321367919636449,3.0963298609407794,"{""spherical_waves"": -1.6}"
247,200.03013161164412,astigmatism,astigmatism_-1.000waves,1.1633211118294093,8.84334311731992,1.2598813179079014,0.9999999218126044,1.00000011843926,1.0433580189902827,0.3920104403588607,"{""astigmatism_waves"": -1.0}"
248,203.91562985824737,defocus,defocus_-1.000waves,2.347891874024278,8.808933631722777,1.4981496623903288,1.0000000961305135,1.0000000986534454,2.333836697557187,1.106145990605497,"{""defocus_waves"": -1.0}"
249,649.3521100572009,astigmatism,astigmatism_-1.200waves,3.5017387733087557,26.700804831474933,1.3927297065690185,0.9999999139213136,1.0000000996559661,1.4977851316201296,2.479074890816021,"{""astigmatism_waves"": -1.2000000000000002}"
250,652.1666722988207,defocus,defocus_-1.200waves,4.766965044235681,26.63351709557753,1.5650883413966241,1.0000000041602803,1.0000000858298226,2.1232352701524575,3.415667285370609,"{""defocus_waves"": -1.2000000000000002}"
251,677.6060405772142,astigmatism,astigmatism_-1.600waves,6.662144130388691,27.258286270573443,2.1495498663004096,0.9999998967549496,1.0000002580875325,2.368537233569843,5.808124475309138,"{""astigmatism_waves"": -1.6}"
252,706.9596914229605,defocus,defocus_-1.600waves,10.56298437245786,27.27975526997846,2.4210964342853605,0.9999999778019613,1.0000001257424065,3.841587475549976,7.289643116097881,"{""defocus_waves"": -1.6}"
253,1069.1255719209842,astigmatism,astigmatism_-1.400waves,6.051331171706601,43.28966554139261,1.9275414008489211,0.9999998845521764,1.000000457746859,2.161445350359624,5.055069514219132,"{""astigmatism_waves"": -1.4000000000000001}"
254,1077.6536528957824,defocus,defocus_-1.400waves,8.689151976808,43.20494118553049,2.1046584396065167,1.0000000412772803,1.0000003875375492,3.173559089638743,6.1617612655341025,"{""defocus_waves"": -1.4000000000000001}"
