rank,score,name,defocus_waves,astigmatism_waves,spherical_waves,center_ratio,middle_over_sides,core_rms_fraction,profile_rmse_x,profile_rmse_y
1,3.034525940617585,D+0.40_A-0.60_S+0.00waves,0.3999999999999999,-0.6,0.0,0.8243912102677654,0.9964612546182914,0.29417959952633815,0.10817392804721458,0.07550537792941117
2,3.1425192710364334,D+0.20_A-0.20_S+0.00waves,0.19999999999999996,-0.2,0.0,0.7079120719712155,0.9920502976935991,0.25564567219470113,0.15705753468153363,0.1119894688755086
3,3.7943945109592025,D+0.00_A-0.20_S+0.00waves,0.0,-0.2,0.0,0.8700409443747076,0.9730468390749649,0.33143964759801464,0.1534814248332233,0.1761537982736523
4,4.2014505703651555,D+0.40_A+0.20_S-0.20waves,0.3999999999999999,0.19999999999999996,-0.2,0.7120028661222805,0.9267545130339828,0.4237434577256083,0.12332912475484449,0.21353883186703765
5,5.205703596999987,D+0.60_A-0.40_S+0.00waves,0.6,-0.4,0.0,0.8510533485436478,1.0874047993522087,0.2263098791165785,0.09973412385774062,0.0808689722949994
6,5.689336152791734,D+0.20_A+0.00_S+0.00waves,0.19999999999999996,0.0,0.0,0.8997393493121112,1.077352945270423,0.2703493213378427,0.12489356816038273,0.1830321849958566
7,5.752395377184094,D+0.40_A+0.00_S+0.00waves,0.3999999999999999,0.0,0.0,0.7583221396409098,1.1198638683396347,0.2688429980333589,0.16336041250184233,0.1413732969186137
8,6.458761507340463,D+0.60_A-0.60_S+0.00waves,0.6,-0.6,0.0,0.9789467382175632,1.0073395153830014,0.13397780489833522,0.1754903538410314,0.1605629829929221
9,6.514412090038293,D+0.40_A-0.40_S+0.00waves,0.3999999999999999,-0.4,0.0,0.5814263900330032,0.9943308678791256,0.3982780779390351,0.2664960988899985,0.1914930939121767
10,6.689301543032948,D+0.60_A+0.40_S-0.20waves,0.6,0.3999999999999999,-0.2,0.9065864591499119,1.1080049802729393,0.2967960365957075,0.11901409708706358,0.32375658116230543
11,6.761784189579871,D+0.00_A+0.00_S+0.00waves,0.0,0.0,0.0,0.9727361714796586,0.9769157321045063,0.05863960515826378,0.1814225906356926,0.14513446884672998
12,7.478728859399445,D+0.60_A-0.20_S+0.00waves,0.6,-0.2,0.0,0.6388712971517224,1.1196787653673854,0.4018646219086432,0.26059589993309556,0.19408124086100922
13,7.697715776080928,D+0.60_A-0.60_S-0.20waves,0.6,-0.6,-0.2,0.8319988844165787,0.8498941770597932,0.5975689720288188,0.20591409575734104,0.3510799248764307
14,7.702297000607111,D+0.20_A+0.00_S-0.20waves,0.19999999999999996,0.0,-0.2,0.7430317361566751,0.8235567640540618,0.5122101321863787,0.7693468425777897,0.18185831601446348
15,8.643889731811669,D+0.40_A+0.20_S+0.00waves,0.3999999999999999,0.19999999999999996,0.0,0.9960785714433055,1.150791216934633,0.2784055023362204,0.1851871669661614,0.21394402078680327
16,8.93723497353803,D+0.60_A+0.20_S+0.00waves,0.6,0.19999999999999996,0.0,0.8445941160445315,1.2374071033843934,0.29202513466497365,0.18552895738167058,0.23932117199167857
17,9.16766366478623,D+0.20_A+0.00_S+0.20waves,0.19999999999999996,0.0,0.19999999999999996,0.8883234083002772,1.2383530641547558,0.24944079195502247,0.18951361767877753,0.20552255287603485
18,9.196477119244875,D+0.60_A+0.20_S-0.20waves,0.6,0.19999999999999996,-0.2,0.5234587363379356,1.0521547232350759,0.4818138060342954,0.38276997615527275,0.24409105369702563
19,9.286760823278431,D+0.00_A-0.40_S+0.00waves,0.0,-0.4,0.0,0.741038526279367,1.1847610296758468,0.5299596480771579,0.21991437104769548,0.12951113421252436
20,9.291484718482904,D+0.40_A-0.40_S+0.20waves,0.3999999999999999,-0.4,0.19999999999999996,0.8659359665000834,1.2533431004220044,0.27602548958933176,0.138896517354833,0.1510641937779598
21,9.322526980095683,D+0.40_A-0.20_S+0.20waves,0.3999999999999999,-0.2,0.19999999999999996,0.7079419657716015,1.2476938118876078,0.34378748156280886,0.22138174530928156,0.22002257071641182
22,9.387710685699115,D+0.20_A-0.40_S+0.00waves,0.19999999999999996,-0.4,0.0,0.4712572084352272,0.9800371783990025,0.46093044759703206,0.3558913119133726,0.27623730049395906
23,9.408241413043829,D+0.60_A+0.20_S-0.40waves,0.6,0.19999999999999996,-0.4,0.5925418506756297,0.7854648335424782,0.5828877444885557,0.5612268482602509,0.2004401509554798
24,9.447733730093717,D+0.20_A+0.20_S+0.00waves,0.19999999999999996,0.19999999999999996,0.0,1.0522024826220224,1.1110859482691064,0.10377996701807729,0.22683600991525268,0.18702099734035613
25,9.766814922395227,D+0.40_A-0.20_S+0.00waves,0.3999999999999999,-0.2,0.0,0.4785630407044317,1.0794316849019716,0.4133991182557676,0.3650183871173958,0.2943964758012412
26,9.88039265362367,D+0.20_A-0.20_S+0.20waves,0.19999999999999996,-0.2,0.19999999999999996,0.7019060159610254,1.2654410903240527,0.35839983135047304,0.2410052972827523,0.2514509165949732
27,9.95579609573802,D+0.40_A-0.20_S-0.20waves,0.3999999999999999,-0.2,-0.2,0.6674863022739088,0.7366603001133998,0.6453747665043336,0.40294811379618145,0.3692429844901235
28,10.014243633957877,D+0.60_A+0.00_S+0.00waves,0.6,0.0,0.0,0.532685434300014,1.1538749317487074,0.4192907717624657,0.3727578357380943,0.351877116240764
29,10.022446920574112,D+0.60_A+0.00_S-0.20waves,0.6,0.0,-0.2,0.5909060304140776,0.8349185293195656,0.6562211068042799,0.3690410459151831,0.33718321013753216
30,10.098259749834108,D+0.00_A-0.20_S+0.20waves,0.0,-0.2,0.19999999999999996,0.9067148265946983,1.2704055596628787,0.2864785381180975,0.2095163385872219,0.2011619726446959
31,10.327567718940019,D+0.60_A-0.40_S+0.20waves,0.6,-0.4,0.19999999999999996,1.0162052280057952,1.2212221147797813,0.1874100126854607,0.19700626895748655,0.17312285635152033
32,10.330643275634504,D+0.40_A+0.00_S+0.20waves,0.3999999999999999,0.0,0.19999999999999996,0.7444627454050937,1.286274153036738,0.3606830958635728,0.2618630277537379,0.30331322243699665
33,10.385965304197216,D+0.40_A-0.20_S-0.40waves,0.3999999999999999,-0.2,-0.4,0.5242413298790924,0.8054777882015335,0.5913874374458444,0.5670986152670986,0.2486449738464942
34,10.404300500668283,D-0.20_A-0.20_S+0.00waves,-0.2,-0.2,0.0,1.0205943026885558,1.1613857338466518,0.4593291058671653,0.4255197524674419,0.1668519891252282
35,10.445163452458543,D+0.20_A-0.40_S+0.20waves,0.19999999999999996,-0.4,0.19999999999999996,0.7288884353312622,1.2948545922154442,0.3678067937140731,0.19407554461887525,0.22566139231529264
36,10.516586004335588,D+0.60_A-0.20_S+0.20waves,0.6,-0.2,0.19999999999999996,0.9384232965025271,1.2767138815075278,0.28791631495627107,0.1843034546633021,0.20976038090967472
37,10.815732163428029,D+0.60_A+0.00_S+0.20waves,0.6,0.0,0.19999999999999996,0.7317886425261685,1.3106486990951687,0.3578066282778326,0.22831283175363415,0.24045171981452812
38,10.857928078025617,D+0.60_A+0.40_S+0.00waves,0.6,0.3999999999999999,0.0,1.0231368753397612,1.2400847357852316,0.3109639852267513,0.21101412200296157,0.23370396450619726
39,10.881703565068714,D+0.60_A-0.40_S-0.20waves,0.6,-0.4,-0.2,0.458515099391807,0.8586333420259089,0.5849772225420622,0.40750552440895715,0.26589088040143055
40,10.944896735900878,D+0.40_A-0.60_S+0.20waves,0.3999999999999999,-0.6,0.19999999999999996,1.0174084598902633,1.2536641075527715,0.22107923489497658,0.20373026267942945,0.1807838472219876
41,10.999653301279132,D+0.60_A-0.20_S-0.60waves,0.6,-0.2,-0.6,0.4735159312258266,0.9490402511781812,0.5836500613205766,0.5645277662902367,0.31523926349719733
42,11.046769435072036,D+0.40_A+0.20_S+0.20waves,0.3999999999999999,0.19999999999999996,0.19999999999999996,0.9297854039342083,1.303588654889723,0.2613160921813423,0.18881028684895076,0.23236518812553228
43,11.101286336416315,D+0.60_A-0.60_S+0.20waves,0.6,-0.6,0.19999999999999996,1.0607167057773748,1.218790913770925,0.15546715571698488,0.22326871379786906,0.19287321155167766
44,11.3774473439858,D+0.20_A-0.60_S+0.00waves,0.19999999999999996,-0.6,0.0,0.6156118027152644,1.1873112407743083,0.6277595243428867,0.24873506223589728,0.19946563021372174
45,11.476506372560573,D+0.60_A+0.40_S+0.20waves,0.6,0.3999999999999999,0.19999999999999996,1.0015472651235438,1.2796115132118235,0.2725040353994484,0.19161536867375148,0.38076762065286396
46,11.483787824817801,D+0.60_A+0.20_S+0.20waves,0.6,0.19999999999999996,0.19999999999999996,0.7120300191548565,1.32938449906663,0.375497352106852,0.2563160510298891,0.30212101922425827
47,11.778465075704307,D+0.40_A+0.00_S-0.20waves,0.3999999999999999,0.0,-0.2,0.36922071749247376,0.7740328946545431,0.4372540764522366,0.4338230878312629,0.31921720826664096
48,11.848983021169873,D+0.60_A+0.00_S-0.60waves,0.6,0.0,-0.6,0.5180606333098848,0.9074970879378178,0.6301587946597264,0.9304463414657903,0.27108206975722693
49,12.647287646829172,D+0.60_A+0.20_S+0.40waves,0.6,0.19999999999999996,0.3999999999999999,0.9305782942768882,1.3612562790452296,0.3349877190235187,0.20315396698227922,0.3605311637975826
50,12.803447017689964,D+0.40_A+0.00_S-0.40waves,0.3999999999999999,0.0,-0.4,0.45528401120484435,0.8269748134829021,0.6109757980823152,0.963051666634224,0.3042362801334616
51,12.901497245143315,D+0.60_A+0.40_S+0.40waves,0.6,0.3999999999999999,0.3999999999999999,1.0403098051228503,1.3168691442711489,0.3148494488916148,0.22104014564915273,0.4385165591931435
52,12.921738542145757,D+0.20_A-0.20_S-0.20waves,0.19999999999999996,-0.2,-0.2,0.34516516685079823,0.8564913177987312,0.5608892437942752,0.4038687909994514,0.34448267913383546
53,12.928387682916467,D+0.40_A-0.40_S-0.20waves,0.3999999999999999,-0.4,-0.2,0.4370642660339246,0.8067604645462212,0.705212084497625,0.3249949806234258,0.2839560114228961
54,13.017439331451737,D+0.60_A+0.20_S-0.60waves,0.6,0.19999999999999996,-0.6,0.7658906943200877,0.9034351868333159,0.7592942693751236,1.1762678517246814,0.30654235799843854
55,13.050911010607688,D+0.00_A-0.40_S+0.20waves,0.0,-0.4,0.19999999999999996,0.7510933642371226,1.3860323281320504,0.4344979757506722,0.27190030659578923,0.3123476454204364
56,13.054575167585238,D+0.20_A-0.60_S+0.20waves,0.19999999999999996,-0.6,0.19999999999999996,0.9353652511681285,1.3793555954935872,0.3650858474188594,0.20547286548268676,0.22041820349218944
57,13.339200145249585,D+0.20_A-0.40_S-0.20waves,0.19999999999999996,-0.4,-0.2,0.6888169347587056,0.93568293407292,0.8870257727558118,0.41258229649643674,0.24665659699647177
58,13.353969970821456,D+0.40_A+0.20_S+0.40waves,0.3999999999999999,0.19999999999999996,0.3999999999999999,0.8977087537985634,1.4062167515960073,0.3118858339180838,0.2132893953013944,0.2925468866618185
59,13.365043711625704,D+0.40_A-0.60_S-0.20waves,0.3999999999999999,-0.6,-0.2,0.4902101840567996,0.9301238622799793,0.7919841529949538,0.3822264197227249,0.2934466866153256
60,13.433739897971092,D+0.40_A-0.20_S+0.40waves,0.3999999999999999,-0.2,0.3999999999999999,0.9698676096696807,1.389319889850929,0.2972834797719137,0.19726907305213762,0.2586432929273313
61,13.448342620895035,D+0.60_A-0.40_S-0.40waves,0.6,-0.4,-0.4,0.6337303454101011,0.7387186635295359,0.8234122508692145,0.48994520948120335,0.48805883062343075
62,13.513944429529202,D+0.20_A+0.00_S+0.40waves,0.19999999999999996,0.0,0.3999999999999999,0.9448157477924499,1.3983447129781101,0.3089756015867004,0.2310207187144237,0.3058570119464026
63,13.559535943763791,D+0.40_A+0.40_S+0.00waves,0.3999999999999999,0.3999999999999999,0.0,1.1825512054533116,1.227754418638906,0.1448329557407682,0.27389803252701367,0.28694498339040403
64,13.620966105982614,D+0.60_A+0.00_S+0.40waves,0.6,0.0,0.3999999999999999,0.9303980779837973,1.4117104198067363,0.3082407605211301,0.1907814411810538,0.22933920432048754
65,13.677351683985767,D+0.40_A+0.00_S+0.40waves,0.3999999999999999,0.0,0.3999999999999999,0.8387663797826457,1.4292727938678782,0.3422678525882281,0.21133195461510662,0.24684720355522421
66,13.854297079792103,D+0.20_A-0.20_S+0.40waves,0.19999999999999996,-0.2,0.3999999999999999,0.8930952759516534,1.423656349281207,0.34765435379765486,0.2216720400868975,0.31500207086730936
67,14.053868539540078,D+0.60_A-0.20_S+0.40waves,0.6,-0.2,0.3999999999999999,1.0090713693700353,1.4020583032796115,0.26301067752387297,0.22597491427719035,0.20137572438748133
68,14.491015054112378,D+0.60_A-0.20_S-0.20waves,0.6,-0.2,-0.2,0.32785250493956436,0.7298123551258731,0.6257674895175281,0.4146036126701696,0.3001228174376615
69,14.591041776156338,D+0.40_A-0.40_S+0.40waves,0.3999999999999999,-0.4,0.3999999999999999,1.0853854485312262,1.381861604908813,0.2649935307867419,0.23819635518110444,0.27163993866302916
70,14.634190968091264,D+0.60_A-0.40_S+0.40waves,0.6,-0.4,0.3999999999999999,1.1303388973489865,1.350147154610767,0.21299485661504722,0.2536019340072545,0.28095478505264815
71,14.82639014672221,D+0.20_A-0.40_S+0.40waves,0.19999999999999996,-0.4,0.3999999999999999,0.9375944197603658,1.4583623894992452,0.325452960276884,0.20476289424559982,0.24696072568270308
72,15.108849819682234,D+0.00_A-0.20_S+0.40waves,0.0,-0.2,0.3999999999999999,0.9305674985288181,1.4677109825324561,0.3424682960916489,0.2485567631518503,0.29811994091119093
73,15.164627477280751,D+0.00_A-0.20_S-0.20waves,0.0,-0.2,-0.2,1.060296765583233,1.0803422874614308,0.7556788232217931,1.078719275720476,0.294742788424347
74,15.287902394290814,D+0.40_A-0.60_S+0.40waves,0.3999999999999999,-0.6,0.3999999999999999,1.103042177425344,1.403826083440221,0.24448106043956785,0.2694335811802452,0.25161840678989933
75,15.30479415844307,D-0.60_A+0.60_S+0.00waves,-0.6,0.6,0.0,1.3287918616671937,0.987709162234302,0.4453558742816045,0.5072743138237523,0.47130659425198257
76,15.339252282678686,D+0.60_A+0.60_S+0.00waves,0.6,0.6,0.0,1.2688888638312892,1.2325279134322213,0.17612501890973215,0.29265017815102445,0.3700326202560097
77,15.355752991043591,D+0.60_A-0.60_S+0.40waves,0.6,-0.6,0.3999999999999999,1.1729401944177542,1.3503219559948858,0.21572711188100815,0.2869387223392265,0.30720609367791046
78,15.643245066934384,D+0.40_A+0.20_S+0.60waves,0.3999999999999999,0.19999999999999996,0.6,1.0628340108290426,1.4386111527095262,0.3008866115926857,0.22897406872426362,0.3819405683365881
79,15.956340026136543,D+0.60_A+0.40_S+0.60waves,0.6,0.3999999999999999,0.6,1.1569876422010745,1.386435450606183,0.3149698748501674,0.2366854530705637,0.4631059931155109
80,15.986147248321856,D+0.60_A+0.00_S-0.40waves,0.6,0.0,-0.4,0.24644723852676897,0.6744203995511653,0.5069550747371936,0.6386111140458918,0.3698417503112739
81,16.007738025234524,D+0.60_A+0.20_S+0.60waves,0.6,0.19999999999999996,0.6,1.1499495288491417,1.3966222688855787,0.31190656680589396,0.23386701181887928,0.43599077447093487
82,16.008943824933166,D+0.00_A+0.00_S+0.20waves,0.0,0.0,0.19999999999999996,1.2985929885221021,1.2320589803570348,0.1763615132272303,0.3907508721527387,0.3475133486267471
83,16.1367040471237,D+0.60_A+0.00_S+0.60waves,0.6,0.0,0.6,1.1330972203701195,1.4217713855132725,0.273717318816419,0.23514062474824485,0.353634766991193
84,16.221684456716154,D+0.20_A+0.20_S+0.40waves,0.19999999999999996,0.19999999999999996,0.3999999999999999,1.1658543017879075,1.4018819511169314,0.2336050190744262,0.3065855523957042,0.30312393992457315
85,16.447983918984985,D+0.40_A+0.00_S+0.60waves,0.3999999999999999,0.0,0.6,1.0051572109189841,1.504313349332522,0.3108142915061652,0.22896284395880315,0.282753664597278
86,16.464879677996255,D+0.60_A+0.40_S-0.40waves,0.6,0.3999999999999999,-0.4,1.288877887752122,1.0235288410589463,0.6659842955937464,0.6685976788083523,0.3749207642672021
87,16.49192309646273,D+0.40_A+0.40_S+0.40waves,0.3999999999999999,0.3999999999999999,0.3999999999999999,1.24819110889497,1.3350577378512987,0.22315870433508544,0.2945022546246623,0.4174270201553866
88,16.69426994561273,D+0.20_A-0.20_S-0.40waves,0.19999999999999996,-0.2,-0.4,0.7297413323866293,1.293204270073163,0.782773854139076,1.1682766441759158,0.36026615706820536
89,16.892262099495934,D+0.60_A-0.20_S+0.60waves,0.6,-0.2,0.6,1.1066644754152746,1.4769733201129278,0.26344299157418943,0.26415301199371305,0.2776633829822624
90,16.92755355355659,D+0.00_A+0.00_S+0.40waves,0.0,0.0,0.3999999999999999,1.216771154802914,1.3935725745143488,0.24495410543751026,0.3254631200977646,0.35664408349934074
91,17.378299230058776,D+0.40_A-0.20_S+0.60waves,0.3999999999999999,-0.2,0.6,1.0463768612198734,1.5286304985067871,0.3024370778413438,0.2566076510448384,0.2605096157842139
92,17.41540019615041,D+0.60_A+0.60_S+0.60waves,0.6,0.6,0.6,1.2617869197531664,1.3756203420739146,0.25929606769616736,0.2719365839815585,0.4377572921936343
93,17.499584431376896,D+0.60_A-0.60_S-0.40waves,0.6,-0.6,-0.4,0.6636930931926107,0.8725530350413385,0.9543353514529426,0.39772166344016174,1.4453385770995615
94,17.560599185179836,D+0.20_A+0.00_S+0.60waves,0.19999999999999996,0.0,0.6,1.0021853762959616,1.5511949919620924,0.3282917425405078,0.250661799284033,0.2967934467061446
95,17.584514761346806,D+0.20_A+0.20_S+0.60waves,0.19999999999999996,0.19999999999999996,0.6,1.1337434836599776,1.489871359766876,0.27353200379723824,0.29209227581536207,0.3448317587656191
96,17.644840023490275,D+0.60_A-0.40_S+0.60waves,0.6,-0.4,0.6,1.1186380340701867,1.5042746200410932,0.26436322133988577,0.2946957667324907,0.2747515782426628
97,17.71543066276818,D-0.20_A+0.60_S-0.40waves,-0.2,0.6,-0.4,1.30305774496619,0.8846148553166306,0.6918957017564974,1.0440646289803286,0.5190999197090616
98,17.839584245150817,D+0.40_A+0.40_S+0.60waves,0.3999999999999999,0.3999999999999999,0.6,1.2665948665046198,1.3917250416193585,0.27239575748712636,0.28602313569578286,0.4798565910620726
99,17.847201164193176,D+0.60_A-0.20_S-0.40waves,0.6,-0.2,-0.4,0.1923987725826682,0.6599343211019354,0.6079399751658049,0.4260689969871737,0.5334377123454572
100,17.923769190209992,D+0.20_A+0.20_S+0.20waves,0.19999999999999996,0.19999999999999996,0.19999999999999996,1.3679616709880091,1.2658308391575266,0.1874041362367386,0.41092598888475973,0.3936017678685397
101,17.936201570895832,D+0.60_A+0.60_S+0.40waves,0.6,0.6,0.3999999999999999,1.3365084271919885,1.317202891887784,0.23916540605744863,0.3115676039436616,0.4631421135192884
102,18.15444965027552,D+0.20_A-0.60_S+0.40waves,0.19999999999999996,-0.6,0.3999999999999999,1.1004130948993889,1.5343720808143748,0.32820732414015813,0.271074781761466,0.3042480890207832
103,18.265349354236296,D+0.20_A-0.20_S+0.60waves,0.19999999999999996,-0.2,0.6,1.0668744406262303,1.5542163591543308,0.33248474474559314,0.2570853794107403,0.3412887315027664
104,18.32777633493078,D+0.40_A-0.40_S+0.60waves,0.3999999999999999,-0.4,0.6,1.1609853694172563,1.508771017863528,0.28239625457475864,0.2898448994709646,0.33225944489445675
105,18.351588996090605,D+0.40_A+0.40_S+0.20waves,0.3999999999999999,0.3999999999999999,0.19999999999999996,1.3619893917587922,1.308059588596275,0.21669210730609667,0.42729957291042536,0.391454686335593
106,18.361379143853597,D+0.00_A-0.40_S+0.40waves,0.0,-0.4,0.3999999999999999,0.9360255464164698,1.5938345560124787,0.40795878774946187,0.24211881721813852,0.3539306637460427
107,18.37581280414183,D-0.20_A-0.40_S+0.00waves,-0.2,-0.4,0.0,0.9756940334441477,1.4368338132243068,0.7788146745280008,0.61851332074798,0.20832035297087695
108,18.391062733837657,D+0.40_A+0.20_S-0.40waves,0.3999999999999999,0.19999999999999996,-0.4,1.2584933186121021,0.854023465609154,0.794717161221733,1.210933437056471,0.3742489598881118
109,18.581144264904868,D-0.20_A-0.20_S+0.20waves,-0.2,-0.2,0.19999999999999996,1.3616702469868922,1.3223373683826267,0.2728847445577269,0.4673325912516533,0.3889843249576435
110,18.66868948988942,D+0.60_A-0.60_S+0.60waves,0.6,-0.6,0.6,1.2132300015618023,1.488129820179829,0.2547498821219602,0.32238455257645,0.3526530825777793
111,18.7453949532362,D-0.60_A+0.60_S-0.20waves,-0.6,0.6,-0.2,1.3723722415176116,0.9508121350992188,0.6567619402003567,1.0420915942875875,0.5006378037654919
112,18.84084876568523,D-0.20_A-0.40_S+0.20waves,-0.2,-0.4,0.19999999999999996,1.0090587518489913,1.5804671423699643,0.468953095708827,0.3513684620554622,0.32451558136081277
113,19.177978480201734,D-0.60_A+0.60_S+0.20waves,-0.6,0.6,0.19999999999999996,1.4069157074267338,1.1566922260774304,0.5717942305883291,0.654433767096038,0.5786516330799035
114,19.652489931298707,D+0.20_A-0.40_S+0.60waves,0.19999999999999996,-0.4,0.6,1.1712011349173108,1.5606392924530912,0.32750213052327104,0.2957064789430751,0.3911927113047938
115,19.77655465245246,D+0.40_A-0.60_S+0.60waves,0.3999999999999999,-0.6,0.6,1.243933298040657,1.5181999806796096,0.28638568638618944,0.32822399873420044,0.4032581420859005
116,19.890420369084108,D+0.00_A+0.60_S-0.60waves,0.0,0.6,-0.6,1.3487092810403538,0.8415464689031139,0.7728778335235373,1.1923889932047695,0.5686990730262965
117,19.894309735775963,D+0.00_A+0.00_S+0.60waves,0.0,0.0,0.6,1.207339989614508,1.549773925826289,0.30260126100932183,0.3300591802502851,0.39259930837458784
118,19.99183815369045,D+0.00_A-0.60_S+0.00waves,0.0,-0.6,0.0,0.5230767372085658,1.4565309691085444,0.8658915297952378,0.4362426607081343,0.34885088713592755
119,20.031127328239933,D+0.00_A-0.60_S+0.20waves,0.0,-0.6,0.19999999999999996,0.8113211284541311,1.6553675246914388,0.5397528010122461,0.27048640562207615,0.34054376165096506
120,20.041886865692607,D+0.40_A-0.20_S-0.60waves,0.3999999999999999,-0.2,-0.6,0.37836742095607556,1.319860101551881,0.7742338461646169,1.0801945442738092,0.8368845025955802
121,20.0701749611399,D+0.00_A-0.20_S+0.60waves,0.0,-0.2,0.6,1.1236309391866743,1.6021041763759845,0.3583098587278828,0.29740335254264366,0.42094638848265503
122,20.41382384267678,D-0.40_A+0.60_S-0.20waves,-0.4,0.6,-0.2,1.4983533512835032,0.9218773137254233,0.5804090314779335,0.8393691567619403,0.5430087955064519
123,20.51102307081114,D+0.20_A+0.20_S-0.20waves,0.19999999999999996,0.19999999999999996,-0.2,1.3984984306075026,0.8401922314954189,0.7888739002970161,1.0089897518244664,0.5441210191017494
124,20.562384704044476,D-0.20_A+0.00_S+0.00waves,-0.2,0.0,0.0,1.5182352922321318,0.952788171315512,0.530094186663509,0.8100750908018131,0.5582443156328312
125,20.636348682415527,D-0.20_A-0.20_S+0.40waves,-0.2,-0.2,0.3999999999999999,1.2724659262600755,1.5367190250502658,0.3196857838838313,0.3850460066535803,0.3942837730450127
126,20.919769485749946,D+0.40_A-0.40_S-0.40waves,0.3999999999999999,-0.4,-0.4,1.4139907382381214,1.0428099829776623,0.8313295723630403,0.5723668479239712,0.6455600947667332
127,21.413245221456812,D-0.20_A+0.60_S-0.20waves,-0.2,0.6,-0.2,1.5309308955447036,0.882873266037172,0.6289209852757085,0.7568328556251752,0.6190251210326364
128,21.60522475481874,D+0.60_A+0.60_S+0.20waves,0.6,0.6,0.19999999999999996,1.5468937193699257,1.2352496797055033,0.2329096679230702,0.44139680469340253,0.5455715179624744
129,21.88317331015078,D+0.00_A+0.20_S+0.00waves,0.0,0.19999999999999996,0.0,1.5715327598979836,1.065079396851554,0.4895786102993914,0.7550762381478594,0.5851947866077104
130,21.99414522519318,D+0.20_A-0.60_S-0.20waves,0.19999999999999996,-0.6,-0.2,0.5391092348423924,1.4518741154637713,0.998850430819606,0.5336132903320508,0.6841281709133
131,22.475919162459498,D+0.20_A-0.60_S+0.60waves,0.19999999999999996,-0.6,0.6,1.2288537257397365,1.657164378940941,0.34172146140488147,0.33960976296727474,0.3984403400952182
132,22.519439384275934,D+0.20_A+0.40_S+0.60waves,0.19999999999999996,0.3999999999999999,0.6,1.4955395541757284,1.4037158359833555,0.2526039573273666,0.46201694295951357,0.5221586637544958
133,22.67697344238927,D-0.40_A+0.40_S-0.20waves,-0.4,0.3999999999999999,-0.2,1.514842914871709,0.9398476688881863,0.7446779398697195,1.1125454881941184,0.6162102473390944
134,22.79894902085043,D+0.00_A+0.20_S+0.60waves,0.0,0.19999999999999996,0.6,1.430644944633364,1.504925640847888,0.27601579880380217,0.4839696625722046,0.4540060430802564
135,22.95398246466277,D+0.00_A-0.40_S+0.60waves,0.0,-0.4,0.6,1.1302866412773611,1.725081610800389,0.3922160248137545,0.30706982584152287,0.4158155403670481
136,23.354455997271202,D-0.20_A+0.00_S+0.20waves,-0.2,0.0,0.19999999999999996,1.603250274944562,1.2518066877297398,0.3300633556259632,0.6813604509377053,0.5581778100145358
137,23.35461221892837,D+0.00_A+0.00_S-0.20waves,0.0,0.0,-0.2,1.3893372030879003,0.922742212231591,0.9266817966874082,1.59237505573053,0.525420773594639
138,23.38310953217649,D-0.60_A+0.40_S+0.00waves,-0.6,0.3999999999999999,0.0,1.6096301986749468,0.974858466988919,0.6122484870244794,0.9080026056635064,0.6206868748408653
139,23.389150669016026,D+0.00_A+0.20_S+0.20waves,0.0,0.19999999999999996,0.19999999999999996,1.6150667774911887,1.229850112063812,0.3199742690336073,0.6636723563396888,0.5651466490156735
140,23.981586149454696,D+0.20_A+0.60_S-0.60waves,0.19999999999999996,0.6,-0.6,1.5422002043157572,0.8617405196115241,0.8074108087295565,1.148093135819225,0.7071143440855444
141,24.129349526375908,D+0.40_A+0.60_S+0.60waves,0.3999999999999999,0.6,0.6,1.593384649990493,1.3658983325696619,0.26445303524885944,0.4701387528049892,0.5910259738392435
142,24.215598775715193,D-0.20_A-0.20_S+0.60waves,-0.2,-0.2,0.6,1.2665620175703836,1.7101644370967197,0.36909716243422475,0.39075784389037105,0.4726073762100148
143,24.26098345541291,D+0.20_A+0.40_S+0.40waves,0.19999999999999996,0.3999999999999999,0.3999999999999999,1.5955407385672704,1.3658928069213787,0.28922140207761565,0.5988079300233304,0.5417078591732414
144,24.261590370499754,D-0.40_A+0.60_S-0.40waves,-0.4,0.6,-0.4,1.5872414934811983,0.8561241333228357,0.7375089257057024,1.1854760992459863,0.6046749608990266
145,24.40461792897498,D+0.00_A-0.60_S+0.40waves,0.0,-0.6,0.3999999999999999,1.0943011238899696,1.7942595846553968,0.45722174315665837,0.30391011977419047,0.42751697485010576
146,24.514774463659442,D-0.20_A-0.40_S+0.40waves,-0.2,-0.4,0.3999999999999999,1.0888086660219911,1.7963066940530346,0.4715752102188982,0.34334197865032107,0.4696621169214814
147,24.73818769062469,D-0.40_A+0.60_S+0.00waves,-0.4,0.6,0.0,1.6681831488599117,1.0732139618910448,0.5774381543393834,0.8317103052869338,0.6541453874666981
148,24.855248451996648,D-0.20_A+0.00_S+0.40waves,-0.2,0.0,0.3999999999999999,1.6001022878936457,1.404564568437005,0.2964078092206631,0.6096006482513131,0.5441249878905406
149,24.86881061874621,D+0.00_A+0.20_S+0.40waves,0.0,0.19999999999999996,0.3999999999999999,1.6257139189593277,1.3623794024717821,0.27742433277695977,0.5926474889526214,0.5616733992245171
150,25.1107191970432,D+0.40_A+0.00_S-0.60waves,0.3999999999999999,0.0,-0.6,1.5302133585487099,1.019900710859247,0.8706819115248008,1.48348876677106,0.5108967813828531
151,25.187615509431232,D+0.20_A+0.00_S-0.40waves,0.19999999999999996,0.0,-0.4,1.4945828187003136,0.9824209243389966,0.9205705908802224,1.583099645534997,0.5584162802796
152,25.514753088564614,D+0.20_A+0.40_S+0.20waves,0.19999999999999996,0.3999999999999999,0.19999999999999996,1.6770434499126552,1.2984871267761464,0.3412775948737786,0.687791187948386,0.6061227697126504
153,25.69580487178311,D+0.40_A+0.40_S-0.20waves,0.3999999999999999,0.3999999999999999,-0.2,1.6992533346284622,1.0838831874068626,0.5898906861309289,0.9156253432863596,0.6661223459183006
154,26.010998843930604,D-0.20_A+0.00_S+0.60waves,-0.2,0.0,0.6,1.5575820870214931,1.5494009006507474,0.3065763669275126,0.5246742583790104,0.5574466823631236
155,26.13672206600927,D+0.20_A+0.40_S+0.00waves,0.19999999999999996,0.3999999999999999,0.0,1.7320454342800462,1.1388110971879801,0.4979185052024742,0.7901420547504426,0.6783891195386966
156,26.165578642888775,D-0.40_A+0.40_S-0.60waves,-0.4,0.3999999999999999,-0.6,1.2655993343897705,1.4432254305928858,0.9926069516408448,1.6173526469513926,0.49351082442276095
157,26.335699482889567,D-0.60_A+0.60_S-0.60waves,-0.6,0.6,-0.6,1.4301559147649263,1.40256770733733,0.8867062004244323,1.404543864973748,0.5867739474377349
158,27.263976307264546,D+0.40_A+0.60_S+0.40waves,0.3999999999999999,0.6,0.3999999999999999,1.760010011054953,1.2942433673451104,0.3029585124958998,0.6071848494670968,0.6643013047848464
159,27.999506949642015,D+0.00_A-0.60_S+0.60waves,0.0,-0.6,0.6,1.2301599475088798,1.8981369171433575,0.43078090316053325,0.3706023140534407,0.46256104501778417
160,28.083024125407015,D+0.00_A-0.40_S-0.20waves,0.0,-0.4,-0.2,0.9960168627913843,1.8444598745257752,0.9058270984803313,0.6808664800298417,0.34871810069838166
161,28.28778824881636,D+0.00_A+0.60_S-0.40waves,0.0,0.6,-0.4,1.7771283875909905,0.8878938579918827,0.7469304784754466,1.0169705072143793,0.7646160713984407
162,28.482993874341673,D+0.40_A+0.60_S+0.00waves,0.3999999999999999,0.6,0.0,1.8009045492672506,1.228331434321401,0.519372385671817,0.8434321205407749,0.7177595065793866
163,28.609847416257324,D+0.60_A-0.40_S-0.60waves,0.6,-0.4,-0.6,1.7590088067741987,1.1113250674105475,0.8313740527378726,0.6771889724982583,0.7888366642873434
164,28.850328452633608,D-0.60_A+0.40_S-0.20waves,-0.6,0.3999999999999999,-0.2,1.75228448206005,1.0394106704859287,0.8230387055627681,1.2458576957116514,0.6858542708795439
165,28.881811014346496,D-0.20_A-0.40_S+0.60waves,-0.2,-0.4,0.6,1.1915312458228478,1.9482200252816864,0.46270270330379176,0.37218494597477153,0.5100486059063192
166,28.902761302172,D+0.40_A+0.20_S-0.60waves,0.3999999999999999,0.19999999999999996,-0.6,1.6605093398237416,0.894018205487662,0.957367446314622,1.6043835101231156,0.810565767167818
167,29.39676442799613,D+0.40_A+0.60_S+0.20waves,0.3999999999999999,0.6,0.19999999999999996,1.8546801091375804,1.266478530167699,0.3545104470839331,0.7082878917615434,0.7073315778239527
168,29.478432355828023,D+0.00_A+0.40_S-0.40waves,0.0,0.3999999999999999,-0.4,1.7236343186884906,0.8527217692215896,0.918828857937167,1.4401293409524403,0.855072663879619
169,29.59882903764024,D-0.60_A+0.40_S-0.40waves,-0.6,0.3999999999999999,-0.4,1.4449329140880607,1.5143536568462082,1.004426172916817,1.6276021749340448,0.5131540466157088
170,29.64458054815295,D-0.20_A+0.20_S+0.20waves,-0.2,0.19999999999999996,0.19999999999999996,1.857130711518985,1.1930977298981138,0.5107603684359361,0.9095857681705659,0.7747515106794995
171,29.962465425867208,D-0.20_A+0.20_S-0.60waves,-0.2,0.19999999999999996,-0.6,1.3286099669144258,1.514004587729998,1.1193936589045108,1.833051841534568,0.6096859451421643
172,30.342716307576016,D+0.40_A+0.40_S-0.60waves,0.3999999999999999,0.3999999999999999,-0.6,1.7146335460974982,0.862144183951772,1.0037698892518636,1.5292228208867715,0.8902834270284585
173,30.596690739087403,D+0.20_A+0.20_S-0.40waves,0.19999999999999996,0.19999999999999996,-0.4,1.6790549552733567,0.8901457226398685,1.049959069970424,1.7422807645881866,0.8597338849618633
174,30.719795549192025,D-0.40_A-0.20_S+0.20waves,-0.4,-0.2,0.19999999999999996,1.7726249194746058,1.5275332331839553,0.4787419188139385,0.8511289693816544,0.6573280426954036
175,31.204787456421787,D+0.20_A+0.40_S-0.60waves,0.19999999999999996,0.3999999999999999,-0.6,1.7861412371319476,0.8220362809564055,0.945134036232453,1.503345544536053,0.8954035596750746
176,31.34012240585494,D+0.60_A+0.60_S-0.20waves,0.6,0.6,-0.2,1.9205753902361355,1.186694130753117,0.5732506490433457,0.9234260843595465,0.7971950642655959
177,31.340500647893464,D-0.20_A+0.40_S-0.40waves,-0.2,0.3999999999999999,-0.4,1.8543927348812055,0.8519441001981,0.8479786257411472,1.3240511925173404,0.8200734416010095
178,31.509253923962792,D+0.20_A-0.40_S-0.40waves,0.19999999999999996,-0.4,-0.4,0.49735578788950263,2.0075406958104227,0.8599415446900165,0.7343031935078351,0.2661458401946138
179,31.564522270434175,D+0.00_A+0.40_S+0.60waves,0.0,0.3999999999999999,0.6,1.8768500141440065,1.4249451562352005,0.40700777714954445,0.7999693346653985,0.7321684017228393
180,31.623312464476612,D-0.40_A-0.20_S+0.00waves,-0.4,-0.2,0.0,1.7079786909197765,1.4023909767635565,0.931932043277179,1.4242443764071349,0.6589286384576034
181,31.724967028397245,D+0.40_A-0.40_S-0.60waves,0.3999999999999999,-0.4,-0.6,0.675770497226775,2.057391409871998,0.811690836929257,0.6853230686507081,0.5514567784592889
182,31.81246977347908,D-0.20_A+0.60_S-0.60waves,-0.2,0.6,-0.6,1.9031737478615123,0.794525124314389,0.7769360222411331,1.2406791158116541,0.7993319457318899
183,32.04378171965387,D+0.60_A+0.40_S-0.60waves,0.6,0.3999999999999999,-0.6,1.8644650714283753,0.8892815330495804,0.9248039610211378,1.2504433852514953,0.8404407137231498
184,32.15984961966834,D+0.40_A-0.60_S-0.40waves,0.3999999999999999,-0.6,-0.4,1.533846732263123,1.6600686907429634,1.0602354228678634,0.7305231514375737,0.7332148802536439
185,32.520147079132904,D-0.40_A+0.00_S+0.20waves,-0.4,0.0,0.19999999999999996,1.9534871767706972,1.260085749662524,0.5360249975844732,0.9777945765792134,0.8267116280144456
186,32.78798258257331,D+0.00_A+0.40_S+0.20waves,0.0,0.3999999999999999,0.19999999999999996,1.9736113567152935,1.2397759398024955,0.5331054127731829,0.9341519144215963,0.8383663807286892
187,32.90526736373105,D-0.40_A-0.20_S+0.40waves,-0.4,-0.2,0.3999999999999999,1.7994148004358328,1.6680373807872788,0.4116522507957675,0.7261687788712623,0.6825176743685597
188,33.12614919003888,D-0.40_A-0.20_S+0.60waves,-0.4,-0.2,0.6,1.6631049079042175,1.84235141189239,0.41155540571175797,0.6190654286611654,0.6387164240125914
189,33.58468255964418,D-0.20_A+0.20_S+0.60waves,-0.2,0.19999999999999996,0.6,1.9396860451527758,1.4795441944713148,0.4129320145136277,0.8136690484420264,0.77589006856644
190,34.4420224770839,D+0.20_A+0.60_S+0.20waves,0.19999999999999996,0.6,0.19999999999999996,2.026134347840598,1.284912403274045,0.5559578103598095,0.9665814696808719,0.8650318841828327
191,34.60000623785122,D+0.20_A+0.60_S+0.60waves,0.19999999999999996,0.6,0.6,2.037022917299127,1.3495714646869936,0.4204820213667481,0.808548404794805,0.8411812211388722
192,35.057740460649526,D+0.00_A+0.40_S+0.40waves,0.0,0.3999999999999999,0.3999999999999999,2.0328901813700213,1.3627273094406465,0.5172544899424324,0.9700170902032629,0.8566228357890435
193,35.14494085490143,D-0.20_A-0.60_S+0.20waves,-0.2,-0.6,0.19999999999999996,0.8880090432155917,2.237466882734519,0.7162962390190674,0.4209311749752719,0.49789422157923546
194,35.14502019556823,D-0.40_A+0.40_S+0.00waves,-0.4,0.3999999999999999,0.0,2.0325066870085786,0.9748868720821231,0.8332109439996653,1.2188292375590415,0.9354798449424196
195,35.20538423628712,D+0.20_A+0.60_S-0.40waves,0.19999999999999996,0.6,-0.4,2.0234445152845364,0.8661914303822775,0.8834469312584505,1.1544268703265503,0.9806649390519693
196,35.21574252665434,D-0.60_A+0.60_S-0.40waves,-0.6,0.6,-0.4,2.0216634277147483,0.9633606243884622,0.8563122182317342,1.3688993803570508,0.869908231680563
197,35.70175310551253,D-0.20_A+0.20_S+0.40waves,-0.2,0.19999999999999996,0.3999999999999999,2.0711197971638824,1.3405761284414033,0.50029608594464,0.9598539184706412,0.8750423949115022
198,35.73465623539972,D-0.20_A-0.60_S+0.40waves,-0.2,-0.6,0.3999999999999999,1.127446908407516,2.239268285760109,0.6116860480955945,0.39822528767733545,0.5846129456905352
199,35.893006588703706,D-0.40_A-0.40_S+0.40waves,-0.4,-0.4,0.3999999999999999,1.4981638528733972,2.095913093828642,0.5308497385696107,0.5797032199108396,0.6189474355793187
200,36.094802188849066,D-0.40_A+0.20_S-0.40waves,-0.4,0.19999999999999996,-0.4,1.6992437290872786,1.5924497784535372,1.1150659442187396,1.7870033393900637,0.7468211714003977
201,36.42881212373769,D+0.40_A+0.40_S-0.40waves,0.3999999999999999,0.3999999999999999,-0.4,2.02873986872049,0.8719483311986513,0.9923678217490554,1.2945606678235166,1.0295561551413164
202,36.451115872359686,D-0.40_A+0.40_S-0.40waves,-0.4,0.3999999999999999,-0.4,2.045196192545797,0.9866928421151556,0.9243098459361568,1.4543371165174586,0.9163148361223474
203,36.56540384325073,D-0.40_A-0.40_S+0.20waves,-0.4,-0.4,0.19999999999999996,1.5890530536460907,2.0560280746439905,0.5853563202991695,0.7457232208933013,0.5567172888263143
204,36.70476240536205,D-0.40_A+0.00_S+0.60waves,-0.4,0.0,0.6,2.0167398944469164,1.594647462422903,0.4446978133521512,0.857792764613423,0.8254638304211024
205,36.72815017205673,D-0.20_A+0.40_S-0.60waves,-0.2,0.3999999999999999,-0.6,2.0379813642304163,0.8915152596241658,0.9670988204293417,1.5541340330822204,0.909250363616429
206,36.921110382223915,D+0.20_A-0.20_S-0.60waves,0.19999999999999996,-0.2,-0.6,0.5171242451113415,2.071414342564031,1.0985766424415575,1.8722505339363493,0.6346145557710853
207,37.03215690081002,D-0.20_A+0.40_S-0.20waves,-0.2,0.3999999999999999,-0.2,2.099459759104826,0.8980765989400219,0.8641283106961197,1.3149946774230719,1.0060864094855768
208,37.51065439022707,D-0.40_A+0.00_S+0.40waves,-0.4,0.0,0.3999999999999999,2.1083907193381566,1.4424575868288962,0.515642431642401,0.9959181366025796,0.9001466442847172
209,38.017587022945854,D-0.40_A+0.60_S-0.60waves,-0.4,0.6,-0.6,2.136797142448466,0.8829205912733609,0.8750091343771682,1.4168412366378043,0.9281662687572777
210,38.11572080517553,D+0.00_A-0.20_S-0.40waves,0.0,-0.2,-0.4,0.7414824145507581,2.095004290685116,1.1948855512114926,2.0846036536520876,0.3861876006798771
211,38.53614040440974,D-0.20_A-0.60_S+0.60waves,-0.2,-0.6,0.6,1.3559583897299936,2.288484031592858,0.5502320837958358,0.44029269373211594,0.6746195795818996
212,38.545067454247246,D+0.20_A+0.60_S+0.40waves,0.19999999999999996,0.6,0.3999999999999999,2.200848642139809,1.2975712103410935,0.5257570057536632,0.9786787439179685,0.9470331462781122
213,38.752669629936676,D+0.40_A+0.60_S-0.60waves,0.3999999999999999,0.6,-0.6,2.1655113264903405,0.8693127772228825,0.915703678898513,1.201108531209448,1.049948094967802
214,39.092138684174365,D-0.20_A+0.60_S+0.00waves,-0.2,0.6,0.0,2.1825073528154455,1.107170854251154,0.8430551315560305,1.2879407517715347,1.015649740379053
215,39.51404388616001,D-0.40_A-0.40_S+0.60waves,-0.4,-0.4,0.6,1.5311147106301515,2.2459971872791793,0.5297960298718064,0.5363790254755636,0.7217505031402726
216,39.70018554352327,D+0.00_A+0.00_S-0.60waves,0.0,0.0,-0.6,1.5984945163767272,1.7059814011397736,1.3349877807955022,2.330162240928626,0.8321186731487552
217,40.02816422743165,D+0.00_A+0.60_S-0.20waves,0.0,0.6,-0.2,2.2273120106792694,1.0345037464596503,0.859691168618282,1.2495061559846523,1.079189301312497
218,40.23394964280127,D-0.60_A+0.20_S+0.00waves,-0.6,0.19999999999999996,0.0,2.137063633977206,1.1696954359438745,1.0214319091415511,1.7039356095134222,0.9917965867849386
219,40.6116612450934,D+0.00_A+0.20_S-0.20waves,0.0,0.19999999999999996,-0.2,2.14494730314102,0.9030199982415452,1.094215588790912,1.7696744091105991,1.057197961105381
220,40.86624026265019,D+0.20_A+0.00_S-0.60waves,0.19999999999999996,0.0,-0.6,2.0892219767307743,1.1364997384915065,1.161143514331723,2.0427108948972252,0.8905645848716229
221,40.87794570894918,D-0.20_A-0.20_S-0.20waves,-0.2,-0.2,-0.2,1.504178087753253,1.975275447079448,1.2390873938961404,2.1686988085359986,0.5185120935319352
222,41.20381569617853,D+0.20_A+0.40_S-0.20waves,0.19999999999999996,0.3999999999999999,-0.2,2.219485530592274,1.0139450494191575,1.0309731130494262,1.3906925907892704,1.090461253288247
223,41.28670543193285,D+0.00_A+0.40_S-0.60waves,0.0,0.3999999999999999,-0.6,2.260014148837337,0.7764216876800448,0.9058340632364289,1.4527247943532526,1.045819384413758
224,41.641430245216874,D+0.20_A+0.40_S-0.40waves,0.19999999999999996,0.3999999999999999,-0.4,2.235397401298606,0.8771866495768731,1.0200021011031633,1.5283270652028185,1.1349125395022122
225,42.238975540149205,D+0.00_A+0.40_S-0.20waves,0.0,0.3999999999999999,-0.2,2.2328302891866603,0.8501740383056033,1.0935025313236058,1.5445007807966173,1.1739222807304548
226,42.96514026099176,D-0.60_A+0.40_S+0.20waves,-0.6,0.3999999999999999,0.19999999999999996,2.280814861544345,1.1783444485466752,0.99610739078806,1.5204211268866936,1.0787633010190616
227,43.15075637076703,D-0.20_A+0.40_S+0.60waves,-0.2,0.3999999999999999,0.6,2.3235549677077953,1.439420701429691,0.6532264803531235,1.1870938974922758,1.0577074426877355
228,43.31309495390742,D+0.60_A+0.60_S-0.60waves,0.6,0.6,-0.6,2.325678702329481,0.933783998531946,1.0001349818860983,1.3377599617728722,1.209648775175844
229,43.52077865245767,D-0.60_A+0.20_S-0.20waves,-0.6,0.19999999999999996,-0.2,2.067479705532212,1.7016211779069617,1.087475091388073,1.6790477427813029,0.9296324516535996
230,43.737193251244754,D-0.20_A+0.20_S-0.20waves,-0.2,0.19999999999999996,-0.2,2.2234540490255195,0.9152343119335443,1.1973592773478756,2.0102473632648596,1.1656323958518533
231,44.093431374298554,D-0.40_A+0.60_S+0.20waves,-0.4,0.6,0.19999999999999996,2.3462855987575635,1.1849293233999552,0.9553108437260643,1.4425601601694937,1.1177157686794186
232,44.152754768383076,D-0.40_A+0.20_S+0.40waves,-0.4,0.19999999999999996,0.3999999999999999,2.377223659929685,1.3410879969328315,0.7259975370038446,1.2881529257776216,1.114469632365669
233,45.0884592544319,D-0.20_A+0.40_S+0.40waves,-0.2,0.3999999999999999,0.3999999999999999,2.418546440135223,1.3266218417760596,0.7384596692060377,1.2867320647348495,1.142753972947921
234,45.678295236800054,D+0.00_A+0.60_S+0.60waves,0.0,0.6,0.6,2.456745792726369,1.3530642266253716,0.660888305017015,1.1861760180934875,1.127231634301532
235,45.94960967143969,D+0.60_A-0.60_S-0.60waves,0.6,-0.6,-0.6,2.2844257192923045,1.6236649502860072,1.0344845199466277,0.8854858963452389,1.2968431253819979
236,45.978661567713935,D+0.00_A+0.20_S-0.40waves,0.0,0.19999999999999996,-0.4,2.3678948977906606,0.8870834097322373,1.1195726282491625,1.8866529928836073,1.2066399705161013
237,46.0768257003126,D-0.40_A+0.20_S+0.60waves,-0.4,0.19999999999999996,0.6,2.4422221068324315,1.4644690920411871,0.6453273629399221,1.194091389217753,1.1278621241208524
238,46.11493871906473,D-0.40_A+0.20_S-0.20waves,-0.4,0.19999999999999996,-0.2,2.3853569759048336,1.0576543057686705,1.0942327479592098,1.7893249764549333,1.1591055751632058
239,46.87500573912118,D-0.60_A-0.20_S+0.20waves,-0.6,-0.2,0.19999999999999996,2.24730326586524,1.8914830180651423,0.7586716893137508,1.2948890319988402,1.0079687549583958
240,47.03234954557749,D+0.00_A+0.60_S+0.40waves,0.0,0.6,0.3999999999999999,2.4961729926772502,1.3292571009337488,0.757015073013043,1.3113395253587863,1.181916750175037
241,47.99996026811979,D+0.40_A+0.60_S-0.40waves,0.3999999999999999,0.6,-0.4,2.5000606592315413,1.0866654853690143,1.0302944849470703,1.5183081621348489,1.2805311687616057
242,48.37391370132575,D-0.20_A+0.20_S+0.00waves,-0.2,0.19999999999999996,0.0,2.4660868534748253,0.9683070266430244,1.1790961061118517,1.673895996024864,1.314887644036476
243,48.5688828761087,D-0.40_A+0.20_S+0.00waves,-0.4,0.19999999999999996,0.0,2.4628420501058135,0.956084760496464,1.1766278807302837,1.878141041976377,1.2830688414488367
244,49.13812213783548,D+0.60_A+0.60_S-0.40waves,0.6,0.6,-0.4,2.5567236460528604,1.1511964264340635,0.9678463592315543,1.5601539065537342,1.2818662851018099
245,49.16379190138041,D-0.20_A+0.00_S-0.40waves,-0.2,0.0,-0.4,2.077455578339228,1.788353555988154,1.4106947377146597,2.475720653995625,1.0390730179936334
246,49.28963435910559,D+0.40_A+0.60_S-0.20waves,0.3999999999999999,0.6,-0.2,2.5631116690093805,1.146181581711696,0.9840079023846189,1.5097134573111217,1.2793788981574947
247,49.499415142992,D-0.60_A-0.20_S+0.60waves,-0.6,-0.2,0.6,2.3346790948311043,2.0249221270967066,0.5652395685958063,1.0097778336979408,1.0443677343990312
248,49.8562312636447,D-0.40_A+0.20_S+0.20waves,-0.4,0.19999999999999996,0.19999999999999996,2.586925552014033,1.1809983400851005,0.9467075782278638,1.5741553817599574,1.3098901763042012
249,50.06440321008797,D-0.60_A+0.60_S+0.40waves,-0.6,0.6,0.3999999999999999,2.562927073444414,1.2831479992190713,1.0104963624746994,1.5931975202610411,1.2423438779878964
250,50.189485302910455,D-0.60_A-0.20_S+0.40waves,-0.6,-0.2,0.3999999999999999,2.430376533896676,1.8948283611024748,0.6538753886665571,1.1962987180281044,1.0990252472117161
251,50.42890831206385,D-0.20_A+0.40_S+0.00waves,-0.2,0.3999999999999999,0.0,2.5583710454241,1.0651222142275523,1.1435079911489154,1.7507051951166719,1.3350955606219865
252,50.81076520484577,D-0.60_A+0.00_S+0.60waves,-0.6,0.0,0.6,2.5548819306560935,1.6859977018204175,0.6833015284535219,1.2713713137059288,1.1974562304848992
253,51.21387581953321,D+0.00_A+0.00_S-0.40waves,0.0,0.0,-0.4,2.4923174479904,1.198187130674168,1.2874438264518107,2.2600441789435015,1.1891033499322932
254,51.39125336473601,D-0.60_A+0.00_S+0.40waves,-0.6,0.0,0.3999999999999999,2.6097507498041383,1.554389239658925,0.7708844893311708,1.3961016944939084,1.2512043052262036
255,51.752178725683024,D-0.20_A+0.40_S+0.20waves,-0.2,0.3999999999999999,0.19999999999999996,2.660213972960124,1.185366445854397,0.97328271558804,1.5830304533225708,1.354407782422652
256,52.0471823218287,D-0.20_A+0.00_S-0.20waves,-0.2,0.0,-0.2,2.501269552007012,1.135952222494128,1.3542552436510815,2.378821973313783,1.244263030109317
257,52.08960483029321,D-0.60_A+0.40_S-0.60waves,-0.6,0.3999999999999999,-0.6,1.0255932824847267,2.758706077331261,1.1678793478928866,1.8743736536976934,0.6173796048060867
258,52.47794792804811,D+0.00_A+0.20_S-0.60waves,0.0,0.19999999999999996,-0.6,2.6459285861220847,0.9316938209693486,1.1443778130431943,1.9236835839910609,1.323114704224442
259,52.89793663783116,D-0.20_A+0.60_S+0.40waves,-0.2,0.6,0.3999999999999999,2.6856093138377166,1.3292088529500166,0.9631217903218182,1.586221218968303,1.3579065806519353
260,53.03770355908727,D+0.00_A+0.40_S+0.00waves,0.0,0.3999999999999999,0.0,2.655379999633789,1.1043269795415775,1.1788681310927052,1.765513077333397,1.4199036203930286
261,53.081952442320386,D-0.40_A+0.40_S+0.60waves,-0.4,0.3999999999999999,0.6,2.6991592732593417,1.4194791096407013,0.8660207819894725,1.490644811959972,1.3408784996383483
262,53.12128344443717,D-0.40_A+0.40_S+0.40waves,-0.4,0.3999999999999999,0.3999999999999999,2.709902118962286,1.2912753331028715,0.9402519241991237,1.5624994408079325,1.3657345667807987
263,53.60505963325442,D-0.60_A+0.20_S+0.40waves,-0.6,0.19999999999999996,0.3999999999999999,2.714737894366281,1.3608101627120712,0.9363997640274643,1.5922892000968298,1.3711862275278721
264,53.74692828896234,D+0.00_A+0.60_S+0.20waves,0.0,0.6,0.19999999999999996,2.7210120224341248,1.2628048027614052,1.00754813470463,1.6420192539535667,1.3909053482760674
265,53.855716826000176,D-0.20_A+0.60_S+0.60waves,-0.2,0.6,0.6,2.7420100031629224,1.3733368495122422,0.8759868475019525,1.4906509661974259,1.359583480923683
266,54.133383328828046,D-0.40_A+0.00_S+0.00waves,-0.4,0.0,0.0,2.5831379951912337,1.1563686718925819,1.3920394945637375,2.3041226877399894,1.3796710730865396
267,55.72931422410024,D-0.60_A+0.20_S+0.60waves,-0.6,0.19999999999999996,0.6,2.7916518421474605,1.4936873354145543,0.8635857848035764,1.5168981870465421,1.390112635223049
268,55.90689163784687,D+0.20_A+0.60_S-0.20waves,0.19999999999999996,0.6,-0.2,2.7819455185429782,1.1234705600931203,1.1565524372513876,1.8282819540377973,1.467071803946733
269,55.9238402570678,D-0.40_A+0.20_S-0.60waves,-0.4,0.19999999999999996,-0.6,0.8823571835036148,2.8967873718018886,1.2766548226843968,2.059988340122081,0.5464720292131464
270,55.99966783025077,D-0.60_A+0.00_S+0.20waves,-0.6,0.0,0.19999999999999996,2.787886082614435,1.3813908812987445,1.005394046822264,1.747577177523218,1.4244774992076772
271,56.119173058651675,D-0.60_A+0.60_S+0.60waves,-0.6,0.6,0.6,2.7832668865335277,1.384787478719723,1.051537270456475,1.7232469001274624,1.4083979592549225
272,56.29897644752122,D+0.00_A+0.60_S+0.00waves,0.0,0.6,0.0,2.8034870902960414,1.1389394855004062,1.1460694832953322,1.777818288577018,1.4729234125238355
273,56.48621599208231,D-0.40_A-0.60_S+0.60waves,-0.4,-0.6,0.6,1.5676105098072783,2.964124214441258,0.6877280714956246,0.569212543150433,0.9236710393726394
274,57.50072050458306,D-0.60_A-0.40_S+0.60waves,-0.6,-0.4,0.6,2.1057672670767666,2.7139140579058716,0.6318535071623623,0.8455234879607103,1.021718097738272
275,57.67331459802795,D-0.20_A+0.20_S-0.40waves,-0.2,0.19999999999999996,-0.4,2.8651227655854994,1.0140638876038346,1.1526420790412137,1.9194900519106124,1.4552788052328116
276,57.86944446112044,D-0.40_A+0.60_S+0.60waves,-0.4,0.6,0.6,2.8641074051676534,1.3913243913958018,1.025974838425476,1.6975937699809498,1.4737647441811004
277,58.075955933486625,D+0.20_A+0.20_S-0.60waves,0.19999999999999996,0.19999999999999996,-0.6,2.896017027556699,0.8214772439707902,1.1083406189806297,1.8788850378666746,1.51604827301534
278,58.48650788728539,D-0.40_A-0.60_S+0.40waves,-0.4,-0.6,0.3999999999999999,1.4034414045953363,3.098284728628913,0.753822193510497,0.571654819113148,0.8387086149532069
279,59.101232982001925,D-0.20_A-0.60_S+0.00waves,-0.2,-0.6,0.0,0.916857151218253,3.1653991831265227,1.0239067198540732,0.7230998623829888,0.31929945361942796
280,59.21393144919558,D-0.40_A+0.40_S+0.20waves,-0.4,0.3999999999999999,0.19999999999999996,2.880494873836555,1.1677122520189545,1.2577764744500997,1.9769887819400274,1.5483713767721685
281,59.45014097000241,D-0.60_A+0.40_S+0.60waves,-0.6,0.3999999999999999,0.6,2.9330253064315546,1.4004475085575956,1.0139464417097859,1.6959830596467917,1.506684409813744
282,59.487257090804285,D-0.60_A+0.40_S+0.40waves,-0.6,0.3999999999999999,0.3999999999999999,2.9205430357557036,1.2900361713117037,1.124816858747958,1.8453407434163098,1.5328845732958067
283,59.918909286584395,D-0.40_A+0.60_S+0.40waves,-0.4,0.6,0.3999999999999999,2.9344857677725154,1.2967857657868314,1.1384825042941988,1.8475854690364066,1.5377281259365547
284,59.95230804944218,D-0.40_A-0.40_S+0.00waves,-0.4,-0.4,0.0,1.2784780965373925,3.1510026205671955,0.9737902548847909,1.030250933848594,0.3711096130984184
285,60.08634903924704,D-0.60_A-0.40_S+0.40waves,-0.6,-0.4,0.3999999999999999,2.251696060503742,2.721123387329331,0.6824978907819828,1.0225011585670531,1.0232543325241525
286,60.962376572439325,D+0.20_A+0.60_S+0.00waves,0.19999999999999996,0.6,0.0,2.977903464125838,1.2207005212911004,1.1864265939333052,1.8273480292303004,1.6112376046668608
287,62.33325425645282,D-0.60_A+0.20_S+0.20waves,-0.6,0.19999999999999996,0.19999999999999996,3.0008817550072346,1.2132038319556988,1.269723349245077,2.0723671649916438,1.616307164936655
288,62.43891191650634,D-0.60_A+0.00_S+0.00waves,-0.6,0.0,0.0,2.8131287528063407,1.410707777741511,1.5718574485851975,2.7585270046667985,1.4813034081716678
289,63.16387007269547,D-0.60_A+0.20_S-0.40waves,-0.6,0.19999999999999996,-0.4,0.9308857367962903,3.222394549688059,1.264140211657655,2.001363508001315,0.43640729354890095
290,63.658051740384984,D-0.40_A+0.00_S-0.20waves,-0.4,0.0,-0.2,2.7466691616068117,1.810061165518637,1.5514994622426754,2.7273516206009067,1.433551402020026
291,63.75727362079949,D+0.40_A-0.60_S-0.60waves,0.3999999999999999,-0.6,-0.6,0.9960511246416042,3.3534148233808807,1.000624117557631,0.6848509523935334,0.6726173295983806
292,64.36760723814733,D-0.20_A+0.00_S-0.60waves,-0.2,0.0,-0.6,1.1944668648700103,3.1340914259584407,1.4795887109951231,2.522626048322737,0.674943061732144
293,64.62352093558545,D-0.40_A-0.60_S+0.20waves,-0.4,-0.6,0.19999999999999996,1.3821918486435287,3.3505432115134774,0.8480965573854993,0.6725833015380827,0.7127453362917197
294,65.24136285199658,D-0.20_A+0.60_S+0.20waves,-0.2,0.6,0.19999999999999996,3.128087858893236,1.2262171988474149,1.2728870621213828,2.0018609330099637,1.6956715243728357
295,68.39404507546847,D+0.00_A-0.60_S-0.20waves,0.0,-0.6,-0.2,0.6137645804087076,3.5023319760056344,1.2375879579723017,0.6550855801148481,0.5602718685103076
296,70.16031035324366,D-0.60_A-0.40_S+0.20waves,-0.6,-0.4,0.19999999999999996,2.328414333652472,3.1425181753703693,0.8432894878596401,1.3020882971657768,1.0296878548347945
297,74.15520381509505,D-0.40_A+0.00_S-0.40waves,-0.4,0.0,-0.4,1.5177079599585825,3.4934930383182636,1.5023461838068781,2.548135064286192,0.7810229380143514
298,75.70045060407683,D+0.20_A-0.60_S-0.40waves,0.19999999999999996,-0.6,-0.4,0.6322424201576821,3.829771735055477,1.1456661610213816,0.6500571013320612,0.393012697858694
299,76.7503134648718,D+0.20_A-0.40_S-0.60waves,0.19999999999999996,-0.4,-0.6,1.2064928375950423,3.844134834967165,0.9996934766136835,1.3974966524276364,0.9192770538420829
300,76.84777856295726,D+0.00_A-0.20_S-0.60waves,0.0,-0.2,-0.6,1.697980218812362,3.559290134781767,1.4804274478680912,2.627441705416908,0.8625442263736158
301,79.34070655879184,D-0.60_A+0.00_S-0.20waves,-0.6,0.0,-0.2,1.9121738462449211,3.597040733855558,1.489488666314516,2.5008147071106297,0.9451588592070768
302,82.11963305973595,D-0.20_A-0.40_S-0.20waves,-0.2,-0.4,-0.2,0.44444311199161957,4.064544096433975,1.1079921800190906,1.5422225312834406,0.4606120229065769
303,85.65396392702358,D+0.00_A-0.40_S-0.40waves,0.0,-0.4,-0.4,0.8041742346005659,4.2257028275787905,1.0821020745463095,1.5972282711041608,0.7537129978656885
304,87.37088187488975,D-0.60_A-0.60_S+0.60waves,-0.6,-0.6,0.6,2.048868278105742,4.094428689359333,0.8252577274497167,0.8145314202148738,1.2565787085990436
305,88.86682350468546,D-0.40_A-0.20_S-0.20waves,-0.4,-0.2,-0.2,1.8165047019502611,3.936141534848397,1.7944776319818887,3.2356159552239743,0.8171565685234904
306,89.02649928846135,D-0.20_A-0.20_S-0.40waves,-0.2,-0.2,-0.4,1.9601749285639831,3.9504158494274044,1.6543072844925777,2.958550433378996,1.007959289849063
307,94.12676273474614,D-0.60_A-0.20_S+0.00waves,-0.6,-0.2,0.0,3.2281429469702485,3.1985935247493105,1.9370068846273916,3.3854399867756735,1.7687167678072098
308,99.67978090340027,D-0.60_A-0.60_S+0.40waves,-0.6,-0.6,0.3999999999999999,2.1606742384256896,4.578248693444794,0.8838198309836858,0.9236969775434533,1.2588055749185676
309,118.50969104837137,D-0.60_A+0.20_S-0.60waves,-0.6,0.19999999999999996,-0.6,2.2139947325756064,5.28745406460658,1.3250435269621446,2.117708490764879,1.0051603919670884
310,126.7867528878405,D-0.40_A+0.00_S-0.60waves,-0.4,0.0,-0.6,2.3403156084180563,5.571161889823984,1.454470676222082,2.4076343527542656,1.1082947278706161
311,136.8623138386232,D+0.20_A-0.60_S-0.60waves,0.19999999999999996,-0.6,-0.6,1.647288922476473,6.23374796586722,1.1053258582922163,1.0155641758591067,1.6619000668453148
312,150.04415942375522,D-0.60_A-0.60_S+0.20waves,-0.6,-0.6,0.19999999999999996,2.5666715772231963,6.570538388598245,1.0277609060255484,1.2310473966119604,1.3777464739436747
313,152.4446248510067,D-0.20_A-0.20_S-0.60waves,-0.2,-0.2,-0.6,3.726158476189638,6.030560545700747,1.641770018763302,2.903554200410292,1.9997352600210814
314,162.5247095333015,D-0.60_A+0.00_S-0.40waves,-0.6,0.0,-0.4,2.418607139183267,7.0708604346596875,1.4649778009036314,2.3792113775948303,1.2264637817287087
315,167.63224005282598,D+0.00_A-0.40_S-0.60waves,0.0,-0.4,-0.6,4.0269348398928395,6.637924403957897,1.3144339174723092,2.199262414925953,2.257518993254796
316,169.09991153667798,D+0.00_A-0.60_S-0.40waves,0.0,-0.6,-0.4,1.2599281079702527,7.585812218539716,1.144195688484502,1.0238680588283726,1.692938724989786
317,192.92575234425385,D-0.40_A-0.60_S+0.00waves,-0.4,-0.6,0.0,1.2901632129733691,8.547602496422332,1.2695866929751916,1.1296464527147276,0.4635687560478978
318,193.63192439755488,D-0.40_A-0.20_S-0.40waves,-0.4,-0.2,-0.4,4.2598998456813,7.631638430205708,1.7455203886179842,3.0903547998652714,2.324949605619791
319,199.5235019308351,D-0.60_A-0.40_S+0.00waves,-0.6,-0.4,0.0,2.166677495478898,8.6734920669674,1.427387514929691,2.20085081373101,0.9699143336404281
320,202.677218495086,D-0.60_A+0.00_S-0.60waves,-0.6,0.0,-0.6,4.7023737114318775,7.8613410480895665,1.4184394246063587,2.3152186423603833,2.776989754594978
321,203.1003133144204,D-0.20_A-0.40_S-0.40waves,-0.2,-0.4,-0.4,4.487854962668962,7.995426921273423,1.4504568761226997,2.491183545664439,2.567194634137969
322,216.89988783570206,D-0.20_A-0.60_S-0.20waves,-0.2,-0.6,-0.2,0.5337463391760842,9.52568847348665,1.2307280501125648,0.9625206933986724,1.1812225432545334
323,225.4003837892039,D-0.40_A-0.20_S-0.60waves,-0.4,-0.2,-0.6,5.829035626633306,8.184117539584255,1.6323939972884405,2.807250434774804,3.481715672096455
324,228.69726381672123,D+0.00_A-0.60_S-0.60waves,0.0,-0.6,-0.6,4.907494445593568,8.954004547571294,1.3339595846380934,1.8444741618198102,3.145953012765007
325,231.0925946433004,D-0.60_A-0.20_S-0.20waves,-0.6,-0.2,-0.2,4.7157403936376765,9.063893680823046,1.9523834581801156,3.4812398392460033,2.6763114077718106
326,234.56636278293215,D-0.40_A-0.40_S-0.20waves,-0.4,-0.4,-0.2,3.787447541538803,9.67042445837094,1.582339679620435,2.7602147986056074,2.121138850390201
327,266.1982274115143,D-0.20_A-0.40_S-0.60waves,-0.2,-0.4,-0.6,7.733117898284827,8.725951837586555,1.7614204712780135,3.1655837667700713,4.583701315737669
328,280.12050695579785,D-0.60_A-0.20_S-0.60waves,-0.6,-0.2,-0.6,7.765951929832002,9.42414805623475,1.8010823503946745,2.9778792184662035,5.019472083652249
329,290.34943594648735,D-0.20_A-0.60_S-0.40waves,-0.2,-0.6,-0.4,5.056445490594808,11.602075220405116,1.4093924061758305,1.9541560463049388,3.4275442299606746
330,308.0040963761736,D-0.60_A-0.20_S-0.40waves,-0.6,-0.2,-0.4,6.663068171402429,11.568237022245725,1.7493192539396143,2.9933800243389403,4.062359883559603
331,316.78916730317496,D-0.20_A-0.60_S-0.60waves,-0.2,-0.6,-0.6,8.94504544183654,10.347837799179096,1.8611089660401048,3.2520594142760575,5.415809654355002
332,328.08389324509324,D-0.40_A-0.40_S-0.60waves,-0.4,-0.4,-0.6,10.220432071020172,9.6621339434114,2.1482658480532506,3.8710593229232235,6.275194654591077
333,351.5734711497729,D-0.40_A-0.40_S-0.40waves,-0.4,-0.4,-0.4,9.121344882287014,11.985254260505986,2.0350913388904375,3.684833257464861,5.501260515248486
334,362.8804449085627,D-0.60_A-0.40_S-0.60waves,-0.6,-0.4,-0.6,10.732442207131124,11.112047634734052,2.299135498981464,3.970164828502693,6.894944749812294
335,383.8044848490006,D-0.40_A-0.60_S-0.40waves,-0.4,-0.6,-0.4,10.094282829109892,12.85495856596972,2.082112814962624,3.6861433746590593,6.200546818951584
336,384.5472576095242,D-0.40_A-0.60_S-0.60waves,-0.4,-0.6,-0.6,11.864878713554791,11.168428751017679,2.4017287800328084,4.383708987086519,7.288214316927881
337,407.69244920638954,D-0.60_A-0.40_S-0.40waves,-0.6,-0.4,-0.4,11.521555412677316,12.836593079163132,2.393778499040581,4.324183070452287,7.139317605221799
338,417.2522380883929,D-0.40_A-0.60_S-0.20waves,-0.4,-0.6,-0.2,4.718253497271462,17.049261192122085,1.464555126953353,1.8793898865326442,3.644431994585642
339,423.60507441953825,D-0.60_A-0.60_S-0.60waves,-0.6,-0.6,-0.6,12.57213347517813,12.661451105800758,2.6084346598824193,4.718806410194269,7.849576329247774
340,449.84838560855746,D-0.60_A-0.60_S-0.40waves,-0.6,-0.6,-0.4,13.415790811126758,13.283502893944693,2.7166119741617285,4.975659864908829,8.305043381952729
341,481.4116320607093,D-0.60_A-0.40_S-0.20waves,-0.6,-0.4,-0.2,9.923289433570897,17.656040813776468,2.2347700341667855,4.0706562789737735,6.008812021272095
342,498.7616128540928,D-0.60_A-0.60_S-0.20waves,-0.6,-0.6,-0.2,11.0181053895858,17.803941311216313,2.305085781212863,4.043588624976483,6.913589751895542
343,618.1129900098894,D-0.60_A-0.60_S+0.00waves,-0.6,-0.6,0.0,3.4014732376146948,25.453450566875908,1.3805168857726442,1.477861443438237,2.5409247064744584
