z40_rms_waves,z20_rms_waves,envelope_score,footprint_iou,outer_band_rmse,inside_fill_fraction,outside_fraction,size50_x_um,size50_y_um,rectangle_accepted,center_ratio,middle_over_sides,core_rms_fraction,hole_target_score
-0.15,-0.425,4.9676700538174146,0.9201274041406345,0.2313043272387487,0.9165344722391702,0.0,365.00000000000006,135.0,True,0.7374348318510641,0.8879202592264968,0.22353938279140997,1.0786205497355703
-0.15,-0.4125,4.179244077800838,0.9377679774592674,0.21597246515502544,0.9341061622940817,0.0,365.00000000000006,135.0,True,0.7289818666401393,0.8894207244084175,0.22161162383906582,1.270726834430207
-0.15,-0.39999999999999997,3.4569107313494314,0.9541835109641064,0.20306621479702086,0.95045759609518,0.0,370.00000000000006,135.0,True,0.7216978281670487,0.8910618330854306,0.2214324236771163,1.428977964119786
-0.15,-0.38749999999999996,2.9813739034977838,0.9647188533627343,0.19334912832489864,0.9609517998779744,0.0,370.00000000000006,135.0,True,0.7154591252280477,0.8928269468022383,0.2229499451284215,1.5567609441320145
-0.15,-0.375,2.566505415841762,0.9745191718730859,0.18760894038299025,0.9707138499084808,0.0,370.00000000000006,135.0,True,0.7101534740854032,0.8947071159987333,0.22606929370143256,1.659102937312234
-0.15,-0.3625,2.4461541936902145,0.9775363203516054,0.18650910663954678,0.9770591824283099,0.0034847542003733664,370.00000000000006,140.00000000000003,True,0.7056825472184646,0.8967016232732657,0.23065961484346517,1.7418198095954829
-0.15,-0.35,2.7724537157005407,0.9698176989013643,0.1904175528337902,0.9802318486882245,0.01471850852446952,375.0,140.00000000000003,True,0.7019628801917235,0.8988178236202022,0.23656446373431114,1.8109845436807461
-0.15,-0.33749999999999997,3.0244171498153216,0.9651009919923509,0.19930743575996857,0.9853569249542404,0.024640657084188913,375.0,140.00000000000003,True,0.6989270721101477,0.9010709616820075,0.24361252904388184,1.8724688064102633
-0.15,-0.32499999999999996,3.4426937843018965,0.9566710074582692,0.21279284328219514,0.9865771812080537,0.03347280334728033,375.0,140.00000000000003,True,0.6965233690591601,0.9034836173021709,0.2516274981059981,1.9315718919180012
-0.15,-0.3125,3.800162177976505,0.9506984387838948,0.2302687789550995,0.9892617449664429,0.04115907746895328,375.0,140.00000000000003,True,0.6947142009219033,0.906084497154999,0.26043526988505444,1.9927448605079408
-0.15,-0.3,4.039801631504614,0.9482859482859483,0.25106386932744373,0.9909701037217816,0.043350217929084695,375.0,140.00000000000003,True,0.6934750807094021,0.9089076610099817,0.2698687221908748,2.0594020508590427
-0.15,-0.2875,4.734193383714814,0.9346600713217531,0.2745432832027578,0.9938987187309335,0.058925476603119586,380.00000000000006,145.0,True,0.6927915327745844,0.9119907329423529,0.2797703090582006,2.133896006755446
-0.15,-0.27499999999999997,5.1462325926340995,0.9287264420331239,0.3001528712139881,0.9956070774862721,0.06465665482058924,380.00000000000006,145.0,True,0.6926566428735667,0.915373561353127,0.28999277478293567,2.2175905272982686
-0.15,-0.26249999999999996,5.535831050623353,0.924288790660773,0.3274256776397354,0.9985356924954241,0.07169597277368123,380.00000000000006,145.0,True,0.6930676173722665,0.9190964582872185,0.30039928746532685,2.3110472650289458
-0.15,-0.24999999999999997,6.038406394685677,0.9168819499045265,0.3559689830199247,1.0,0.0795237560372908,385.00000000000006,145.0,True,0.6940223861086275,0.923198377813758,0.31086259388003074,2.4142538939050593
-0.15,-0.2375,6.914243595254179,0.900099239166391,0.3854485632201145,1.0,0.0963722571397067,385.00000000000006,145.0,True,0.6955162963735069,0.9277151690652822,0.3212645228172515,2.526855759706147
-0.15,-0.22499999999999998,7.209935179512454,0.8989098116947473,0.41557213564787043,1.0,0.09756634731857725,385.00000000000006,145.0,True,0.6975389659287572,0.9326777644549662,0.3314951900726623,2.6483480536246806
-0.15,-0.21249999999999997,7.8099402923920245,0.8897002724795641,0.4460756688745089,1.0,0.10681198910081743,385.00000000000006,150.0,True,0.7000712421990475,0.9381105209783505,0.3414525279747714,2.7782144674837226
-0.15,-0.19999999999999998,8.296676032568788,0.8835371793484144,0.4767137984401305,1.0,0.11299924234224483,390.00000000000006,150.0,True,0.703083314529905,0.9440296104497032,0.35104205610882117,2.915988426915725
-0.15,-0.18749999999999997,8.99752350235021,0.8716497597437266,0.5072522062937711,1.0,0.12493326214628937,390.00000000000006,150.0,True,0.7065326390356238,0.9504416440114278,0.36017660724449924,3.0612661538284685
-0.15,-0.175,9.553945544764014,0.8635353855918756,0.5374604536293777,1.0,0.13307944567862054,390.00000000000006,150.0,True,0.7103631380106479,0.957342399882023,0.36877639316497296,3.2136634736162253
-0.14375,-0.425,5.55161129095863,0.909102045816489,0.25182774129677854,0.9055521659548506,0.0,365.00000000000006,130.0,True,0.761973995206784,0.889831428171591,0.22294839545712453,0.6490909058076483
-0.14375,-0.4125,5.054117925978671,0.918412348401323,0.23397036654715703,0.9148261134838316,0.0,365.00000000000006,130.0,True,0.7516850802173869,0.8910891043376288,0.2185659548763788,0.8529639585556148
-0.14375,-0.39999999999999997,4.322057264440183,0.9343378659806444,0.21769463684986193,0.9306894447834045,0.0,365.00000000000006,135.0,True,0.7426548720981397,0.8924975156111801,0.21596457729992022,1.0406060780569995
-0.14375,-0.38749999999999996,3.535099353102681,0.952223447262036,0.2036400432920479,0.9485051860890787,0.0,370.00000000000006,135.0,True,0.7347621583078255,0.8940376365397198,0.2151532597594338,1.2000131884951273
-0.14375,-0.375,3.0024649303249924,0.9639838294744579,0.19257674925090254,0.9602196461256864,0.0,370.00000000000006,135.0,True,0.7278954918005536,0.8956978614098,0.2160944354346051,1.3304437740329065
-0.14375,-0.3625,2.575136322891463,0.9737841479848095,0.1853413469356932,0.9699816961561928,0.0,370.00000000000006,135.0,True,0.7219564745396925,0.897474849253314,0.21870420657776032,1.4351803304794375
-0.14375,-0.35,2.350872737003435,0.9792048929663608,0.18269687521720382,0.9768151311775473,0.0014968192590744667,370.00000000000006,140.00000000000003,True,0.7168605075894057,0.8993732085402888,0.22285866397780393,1.519301969207885
-0.14375,-0.33749999999999997,2.4769348134403577,0.97646487929152,0.18514124018776734,0.9821842586943258,0.009841308894082914,370.00000000000006,140.00000000000003,True,0.712538327814929,0.9014056128139558,0.22840355424719655,1.588659975271093
-0.14375,-0.32499999999999996,2.7934834036306464,0.9697660467906418,0.19276205815904537,0.986333129957291,0.020835857056329496,375.0,140.00000000000003,True,0.7089356375543253,0.9035921127623762,0.23516573990045322,1.6492379476633932
-0.14375,-0.3125,3.2597111524098925,0.9601470762661606,0.20523384847477757,0.987797437461867,0.03204591653712782,375.0,140.00000000000003,True,0.706011918749497,0.9059592057885212,0.2429636248942936,1.7066666596097875
-0.14375,-0.3,3.5432110196309896,0.9559533623837004,0.22195171961879973,0.9909701037217816,0.03836589698046181,375.0,140.00000000000003,True,0.703739422942794,0.9085389631639563,0.2516154597718199,1.7658305110561099
-0.14375,-0.2875,3.8499356601462633,0.9513051621210348,0.24220732880867052,0.9936546674801708,0.04278829199482779,375.0,140.00000000000003,True,0.702100306069872,0.9113674052619462,0.26094517514972254,1.8306304183225892
-0.14375,-0.27499999999999997,4.307941515047318,0.9438840579710145,0.26531570910557095,0.9958511287370347,0.05137742647913519,380.00000000000006,140.00000000000003,True,0.7010843402896049,0.9144832490629266,0.27078560353143405,1.9038695776998686
-0.14375,-0.26249999999999996,4.885028593839186,0.9334324602539175,0.2906765775043076,0.999267846247712,0.0631506692598101,380.00000000000006,145.0,True,0.7006856838350515,0.9179261553916744,0.2809803131879029,1.9873024207602072
-0.14375,-0.24999999999999997,5.293375099482377,0.9285633033784553,0.3177853368569658,0.9995118974984747,0.06825162097599818,380.00000000000006,145.0,True,0.7008995056405236,0.9217349657437476,0.291383855760361,2.081801469474198
-0.14375,-0.2375,5.848564155614704,0.919774647887324,0.3462220648709478,1.0,0.07661971830985916,380.00000000000006,145.0,True,0.7017188692819611,0.9259460320184978,0.3018617980276675,2.187587230156574
-0.14375,-0.22499999999999998,6.7127592444175725,0.9032864888790528,0.3756318064641134,1.0,0.09317251300210247,385.00000000000006,145.0,True,0.7031316766456674,0.9305914294117872,0.3122900878622834,2.304465291873666
-0.14375,-0.21249999999999997,7.127730178522899,0.8989098116947473,0.4057075355291238,1.0,0.09756634731857725,385.00000000000006,145.0,True,0.7051177771163027,0.9356973520771688,0.32255456446081643,2.4320279256608357
-0.14375,-0.19999999999999998,7.529642891590521,0.8949676570551475,0.4361741845963882,1.0,0.10152395570661112,385.00000000000006,150.0,True,0.7076469100768182,0.9412825159886191,0.3325505068827911,2.569781376409622
-0.14375,-0.18749999999999997,8.17073076582402,0.8846862468841443,0.4667779270782471,1.0,0.11184567031537877,390.00000000000006,150.0,True,0.7106767201413108,0.947356713813865,0.34218215467325847,2.7172092815604123
-0.14375,-0.175,8.731638452844383,0.8765166970900892,0.4972758369334017,1.0,0.12004724578546118,390.00000000000006,150.0,True,0.7141520308251578,0.9539197104704674,0.3513623944931339,2.8737666414450307
-0.1375,-0.425,6.221076340591223,0.896361631753032,0.27490630750283096,0.8928615009151922,0.0,360.0,130.0,True,0.7891335956280212,0.8920694382121241,0.22564997354211616,0.642049308261991
-0.1375,-0.4125,5.627241630849854,0.907877006002695,0.2553978782616235,0.9043319097010373,0.0,365.00000000000006,130.0,True,0.7769306043777683,0.8930742041135269,0.21879294268082689,0.6433647154744139
-0.1375,-0.39999999999999997,5.04111374618616,0.9193923802523583,0.23681426802973732,0.9158023184868822,0.0,365.00000000000006,130.0,True,0.766070179736276,0.8942410184042922,0.21367024377041396,0.7578839718922276
-0.1375,-0.38749999999999996,4.503328011128524,0.9299277226509861,0.21962731269289612,0.9262965222696766,0.0,365.00000000000006,135.0,True,0.7564341993189405,0.8955484909273558,0.21034993027130425,0.9048618201822911
-0.1375,-0.375,3.670338702808391,0.948793335783413,0.204453354554848,0.9450884685784015,0.0,365.00000000000006,135.0,True,0.7479133591684805,0.8969826109731576,0.2088603772051045,1.0448662532749722
-0.1375,-0.3625,3.0440322505258437,0.962758789660664,0.19205932385290272,0.958999389871873,0.0,370.00000000000006,135.0,True,0.7404098763068505,0.8985374546056538,0.20918203070114383,1.1646843746318332
-0.1375,-0.35,2.567463930280303,0.9735391400220507,0.1833195590579335,0.9697376449054301,0.0,370.00000000000006,135.0,True,0.7338390967537258,0.9002149861063417,0.21124555819145555,1.2620780298055918
-0.1375,-0.33749999999999997,2.238590437759079,0.981379394830332,0.1790899644168383,0.9775472849298352,0.0,370.00000000000006,135.0,True,0.728130566354289,0.9020252882616742,0.2149359850640299,1.3395857627867624
-0.1375,-0.32499999999999996,2.180598284106311,0.9831768865049372,0.18000461890373684,0.984136668700427,0.004935225169648365,370.00000000000006,140.00000000000003,True,0.7232280443838499,0.9039858995382584,0.22010206082152758,1.4019884659332518
-0.1375,-0.3125,2.553343349755848,0.974695746475479,0.18628393535056492,0.987065283709579,0.016534954407294834,375.0,140.00000000000003,True,0.7190888462205659,0.9061210627402541,0.22656797567045805,1.4550288130715916
-0.1375,-0.3,3.0025733334214646,0.9652670393719519,0.19768170131730295,0.9902379499694935,0.02919009450891255,375.0,140.00000000000003,True,0.7156822992320212,0.9084607408146415,0.23414504952827292,1.504598159679467
-0.1375,-0.2875,3.3140306982428327,0.9601368085859181,0.21360341502889216,0.9938987187309335,0.03689251507626818,375.0,140.00000000000003,True,0.7129876677315871,0.9110392636490323,0.24264163179226678,1.5561424912897732
-0.1375,-0.27499999999999997,3.645762228461666,0.9550087873462214,0.23330262689088166,0.9960951799877974,0.042238648363252376,375.0,140.00000000000003,True,0.7109917534666224,0.9138940092848936,0.2518702174865287,1.6142331588915584
-0.1375,-0.26249999999999996,3.9994043489534983,0.9499592691725823,0.25603998567283337,0.9985356924954241,0.047713254974979635,380.00000000000006,140.00000000000003,True,0.7096857812966535,0.9170637116218734,0.2616522615539411,1.6823231818748505
-0.1375,-0.24999999999999997,4.7443596112896795,0.9353729804056377,0.2811623865858336,0.9990237949969494,0.061876933654176694,380.00000000000006,145.0,True,0.7090622748337246,0.920586841048259,0.2718205386176958,1.7626924807631141
-0.1375,-0.2375,5.133366946028769,0.9306806521491278,0.308123322024043,0.9995118974984747,0.06612700946300308,380.00000000000006,145.0,True,0.709112089483622,0.9244998931410406,0.28222045065953394,1.8565613570774688
-0.1375,-0.22499999999999998,5.669753585613919,0.9226856561546287,0.3364711012077167,0.9995118974984747,0.07414942918503448,380.00000000000006,145.0,True,0.7098213810583616,0.9288357720090643,0.2927099871064804,1.9643212743827247
-0.1375,-0.21249999999999997,6.396761532126181,0.9095264623955431,0.36582865405012777,1.0,0.08690807799442897,385.00000000000006,145.0,True,0.7111687593275333,0.9336220204451765,0.3031595341593254,2.0857999287585023
-0.1375,-0.19999999999999998,7.030894742525053,0.8993059380852705,0.39587218126561524,1.0,0.09716866806213506,385.00000000000006,145.0,True,0.7131234014699916,0.9388794637796549,0.31345129839794605,2.2204829615905215
-0.1375,-0.18749999999999997,7.358820229365387,0.8973287897108937,0.42631444599147317,1.0,0.09915356711003627,385.00000000000006,145.0,True,0.7156430066919136,0.9446206361861792,0.3234786095681067,2.3676724076967046
-0.1375,-0.175,8.001708287886201,0.8869933717266109,0.45689085785178774,1.0,0.10952950124959253,390.00000000000006,150.0,True,0.7186729338590183,0.9508486737498767,0.3331453079534827,2.526557727460061
-0.13125,-0.425,7.3447503589056495,0.871860835477153,0.2996371132585263,0.8684563758389262,0.0,360.0,130.0,True,0.8189804724139045,0.8946452314309717,0.23163551493710086,1.1962418896566092
-0.13125,-0.4125,6.4122798492850475,0.8921964963861325,0.2791320155509437,0.888712629652227,0.0,360.0,130.0,True,0.8047942782604836,0.8953863079821247,0.22238033909947935,0.9589862869109015
-0.13125,-0.39999999999999997,5.6670624266295055,0.9076319980399363,0.25907527299076144,0.9040878584502745,0.0,365.00000000000006,130.0,True,0.7920273641883071,0.8963016790604427,0.2147438451080132,0.8445973206207925
-0.13125,-0.38749999999999996,5.157688226676987,0.9169423006247703,0.2397921980444329,0.9133618059792556,0.0,365.00000000000006,130.0,True,0.7805660717006749,0.8973679354505181,0.2088380580824132,0.8428348709676481
-0.13125,-0.375,4.585032028730851,0.9282126669116746,0.22172408945423286,0.924588163514338,0.0,365.00000000000006,135.0,True,0.7703040255755569,0.8985687119969862,0.20475186311736818,0.9098822650728846
-0.13125,-0.3625,3.880591795685524,0.9434031606027196,0.20545950888285588,0.9397193410616229,0.0,365.00000000000006,135.0,True,0.7611452562426341,0.8998955902695635,0.20253656458440214,1.0010085433522522
-0.13125,-0.35,3.050662464648222,0.9625137816979051,0.19175384878316767,0.9587553386211104,0.0,370.00000000000006,135.0,True,0.7530056896966641,0.9013480682617546,0.2021948268118899,1.0897754423179433
-0.13125,-0.33749999999999997,2.616593323258893,0.9718240842827391,0.1815073808644219,0.9680292861500915,0.0,370.00000000000006,135.0,True,0.745814693330218,0.9029336469941104,0.20367517291036089,1.1649481364992154
-0.13125,-0.32499999999999996,2.182477286578337,0.9821144187186084,0.17565968856841038,0.9782794386821232,0.0,370.00000000000006,135.0,True,0.7395149315219023,0.9046673887924991,0.2068738390351937,1.2240621128853135
-0.13125,-0.3125,2.0206244054360463,0.9862996941896024,0.17498383522844663,0.9838926174496644,0.0014860681114551083,370.00000000000006,140.00000000000003,True,0.7340618720672419,0.906571182201842,0.21164297858495887,1.2693882758317028
-0.13125,-0.3,2.373448908446009,0.9780378906721371,0.17985109217581874,0.9890176937156803,0.015068659618422652,375.0,140.00000000000003,True,0.7294228445163343,0.9086729220657219,0.21780303929771477,1.305689643104607
-0.13125,-0.2875,2.7362362268939857,0.9706408879341211,0.1901155851095659,0.9924344112263576,0.025871361839741286,375.0,140.00000000000003,True,0.7255745103175693,0.9110050424279971,0.2251562159699803,1.3388702792158407
-0.13125,-0.27499999999999997,3.1033449694464017,0.9638426090038993,0.20520502961151343,0.9958511287370347,0.035000591226203144,375.0,140.00000000000003,True,0.7225010086355526,0.9136034487755713,0.23349832917287652,1.3750074051548447
-0.13125,-0.26249999999999996,3.4782888186146206,0.9577613516367476,0.22433577303083255,0.9970713849908481,0.04130001173295788,375.0,140.00000000000003,True,0.7201909951169791,0.9165057507687876,0.24262826365646906,1.419613919000362
-0.13125,-0.24999999999999997,3.7632637687206856,0.9541788427819988,0.24670670472427644,0.9985356924954241,0.0434833430742256,375.0,140.00000000000003,True,0.7186345045855181,0.9197497926049452,0.2523540185207428,1.4771065201264897
-0.13125,-0.2375,4.425367102190587,0.942065781881131,0.27160581374114795,0.9985356924954241,0.05562608193883439,380.00000000000006,145.0,True,0.7178202698947576,0.9233719756576592,0.26249656864475085,1.550506589015054
-0.13125,-0.22499999999999998,5.00478979272472,0.9319557027057883,0.29843835148085485,0.9995118974984747,0.06484758534079232,380.00000000000006,145.0,True,0.7177326141029681,0.927405591728976,0.272891461418649,1.6414315219081081
-0.13125,-0.21249999999999997,5.4942484799667834,0.9251955117307038,0.32671775224903027,0.9995118974984747,0.07163096452453814,380.00000000000006,145.0,True,0.7183489318487482,0.9318792259861457,0.2833892538801339,1.7503073779390483
-0.13125,-0.19999999999999998,6.192999829925695,0.9127809459912781,0.35604156295237166,1.0,0.08364083640836409,385.00000000000006,145.0,True,0.7196376387760987,0.9368153431689695,0.2938552520175992,1.876698206901164
-0.13125,-0.18749999999999997,6.934303402632752,0.8997024137550975,0.3860676923454684,1.0,0.09677063815716963,385.00000000000006,145.0,True,0.7215562481926437,0.9422287709069551,0.30416865836559853,2.019632187004282
-0.13125,-0.175,7.262168950320048,0.8977235235895744,0.4164949160707384,1.0,0.09875728582426042,385.00000000000006,145.0,True,0.724050555214237,0.9481255566199399,0.31422172680384014,2.1778364931221277
-0.125,-0.425,8.072881667253565,0.8581403895626608,0.3253512274527358,0.8547895057962172,0.0,360.0,125.0,True,0.8515687315258222,0.8975702995071738,0.24078516254158686,1.9583109057712806
-0.125,-0.4125,7.503074657178569,0.8686757319612888,0.30432171911381206,0.8652837095790116,0.0,360.0,125.0,True,0.8353400785618692,0.8980362859182504,0.22928327580479932,1.5986779158678455
-0.125,-0.39999999999999997,6.5488216630868,0.8895014087957859,0.28340492479853024,0.8860280658938378,0.0,360.0,130.0,True,0.8205994824210837,0.8986897417918673,0.21923985012534927,1.3271160112160199
-0.125,-0.38749999999999996,5.780832086679883,0.9054269263751072,0.2628177253170236,0.9018913971934106,0.0,365.00000000000006,130.0,True,0.8072387346876017,0.899505300288861,0.21078717243571068,1.1513740472377498
-0.125,-0.375,5.192415365908171,0.9166972926620115,0.24285835398775446,0.913117754728493,0.0,365.00000000000006,130.0,True,0.7951555554352299,0.9004644964004609,0.20405501097634707,1.067959589711626
-0.125,-0.3625,4.649349985219083,0.9269876270978806,0.223936740410719,0.9233679072605248,0.0,365.00000000000006,130.0,True,0.7842567786936966,0.9015565921364432,0.1991554926368195,1.0558539679402459
-0.125,-0.35,4.036997191988783,0.939483033198579,0.2066105442085214,0.9358145210494204,0.0,365.00000000000006,135.0,True,0.7744599599977189,0.9027786214072158,0.19616660639769862,1.0842710033051983
-0.125,-0.33749999999999997,3.095394759004529,0.9612887418841113,0.19161622028382305,0.9575350823672971,0.0,370.00000000000006,135.0,True,0.7656950609920806,0.9041356126509428,0.19511720141018649,1.1264321183273633
-0.125,-0.32499999999999996,2.5754012747428465,0.9725591081710155,0.17986763733575742,0.9687614399023795,0.0,370.00000000000006,135.0,True,0.7579044774269065,0.9056402397504041,0.1959772523464731,1.1657075903943612
-0.125,-0.3125,2.100064952400259,0.9835844664951611,0.1723768130535631,0.9797437461866992,0.0,370.00000000000006,135.0,True,0.7510426813905797,0.9073120097564807,0.19865637077213064,1.194674577539914
-0.125,-0.3,1.8513246399092012,0.9897096655641309,0.17005549466514536,0.9858450274557657,0.0,370.00000000000006,135.0,True,0.7450753771691007,0.9091766482986225,0.20301055373654692,1.2123538184529983
-0.125,-0.2875,2.1130260236626914,0.9835291268015017,0.17344193393321305,0.9909701037217816,0.011442483262325016,375.0,140.00000000000003,True,0.7399773198340693,0.9112646885217383,0.2088553803786244,1.2218839379149429
-0.125,-0.27499999999999997,2.364149134850186,0.9788436110109389,0.18251456222205745,0.9936546674801708,0.018797445475358478,375.0,140.00000000000003,True,0.735730467712443,0.9136103676488393,0.21598153276927395,1.2288565406987777
-0.125,-0.26249999999999996,2.9723657890372563,0.965447875991007,0.1967381865660258,0.9960951799877974,0.033621404048774714,375.0,140.00000000000003,True,0.7323211158163145,0.9162500590807899,0.22416985765370695,1.2400563035843375
-0.125,-0.24999999999999997,3.386052986461295,0.9582110576358728,0.2152918112578009,0.9970713849908481,0.04084986500763001,375.0,140.00000000000003,True,0.7297371564319346,0.919220750500383,0.23320305158071766,1.2623706527936533
-0.125,-0.2375,3.663360668796905,0.9550719550719551,0.2373064658782774,0.9980475899938988,0.043056043056043054,375.0,140.00000000000003,True,0.7279651746067562,0.9225584254952686,0.24287414922056205,1.301787030955467
-0.125,-0.22499999999999998,4.263535572652331,0.9442452284557548,0.262001549508842,0.9985356924954241,0.05344129554655871,380.00000000000006,140.00000000000003,True,0.726987867506134,0.926296489731501,0.25299116976881614,1.362597064879267
-0.125,-0.21249999999999997,4.8758761606233545,0.9332342517434549,0.2887287646467856,0.9995118974984747,0.06356465073739567,380.00000000000006,145.0,True,0.7267812570723308,0.9304642436299009,0.2633795492222548,1.4470261588741091
-0.125,-0.19999999999999998,5.25475588530189,0.929409085733804,0.3169614034460248,0.9995118974984747,0.06740293749288398,380.00000000000006,145.0,True,0.727312888387459,0.9350853893024313,0.2738826799249979,1.5553622844539738
-0.125,-0.18749999999999997,5.988486626592216,0.9160588037257322,0.3462696127872954,1.0,0.08035012905397823,385.00000000000006,145.0,True,0.7285400222182399,0.9401766070415752,0.2843612909397021,1.6864595393082449
-0.125,-0.175,6.778199472831904,0.9016900474980669,0.3762912602789867,1.0,0.09477521263669501,385.00000000000006,145.0,True,0.7304085863021873,0.9457464184001365,0.2946924403463544,1.8383288487349794
-0.11875,-0.425,8.786784114503735,0.8449099595736862,0.35156007984405707,0.8416107382550335,0.0,355.0,125.0,True,0.8869395046296218,0.9008565605566813,0.25290183992679055,2.835122031535331
-0.11875,-0.4125,8.178716534542104,0.8564253338233493,0.3303437061764182,0.8530811470408786,0.0,360.0,125.0,True,0.8686199040438234,0.9010356647132443,0.23934670581609083,2.386484092611458
-0.11875,-0.39999999999999997,7.560451926312586,0.8681857160357712,0.30900478988105334,0.8647956070774863,0.0,360.0,125.0,True,0.851848223214342,0.9014160605839946,0.2270748278097743,2.011395563334993
-0.11875,-0.38749999999999996,6.841418735141819,0.8826411858385398,0.28768575204136243,0.8791946308724832,0.0,360.0,130.0,True,0.8365227454842217,0.9019707325131481,0.21621464547742755,1.7154152814854866
-0.11875,-0.375,5.940667419648199,0.9019968148964841,0.26658255457133634,0.8984746796827334,0.0,360.0,130.0,True,0.8225464887292164,0.902679265558161,0.2069099205802135,1.5018470171996534
-0.11875,-0.3625,5.255024716094578,0.9157172608109764,0.24596707295244208,0.9121415497254424,0.0,365.00000000000006,130.0,True,0.8098300687530743,0.9035287157947259,0.19930899880876093,1.3671807524127646
-0.11875,-0.35,4.705063762383933,0.9260075952468455,0.22621799061281953,0.922391702257474,0.0,365.00000000000006,130.0,True,0.7982936578902294,0.9045138373127416,0.1935495360869501,1.2977345492726438
-0.11875,-0.33749999999999997,4.15751886808022,0.9365429376454735,0.2078599361664494,0.9328859060402684,0.0,365.00000000000006,135.0,True,0.7878688057830796,0.9056372986266781,0.18973948169593527,1.271976693813111
-0.11875,-0.32499999999999996,3.361387858144397,0.9541835109641064,0.1916034700124167,0.95045759609518,0.0,365.00000000000006,135.0,True,0.7784985131965011,0.9069093554181621,0.18793780437759547,1.2675741190578569
-0.11875,-0.3125,2.5261719607759465,0.9735391400220507,0.17836452271741074,0.9697376449054301,0.0,370.00000000000006,135.0,True,0.770136994920068,0.9083472174917034,0.1881396892876837,1.2673580883028845
-0.11875,-0.3,2.064530428867804,0.9838294744579199,0.16921377099408905,0.9799877974374619,0.0,370.00000000000006,135.0,True,0.7627490788951311,0.9099743860774318,0.19027056133287076,1.2613103975848932
-0.11875,-0.2875,1.792491180577418,0.9901996814896484,0.16519768107417204,0.986333129957291,0.0,370.00000000000006,135.0,True,0.7563081563568727,0.911819441943967,0.19419095993481564,1.2458736593001771
-0.11875,-0.27499999999999997,1.8071438968543712,0.9902379499694935,0.1670363031947091,0.9902379499694935,0.003927826193690929,370.00000000000006,140.00000000000003,True,0.7507944529215789,0.9139148678870537,0.19971034754374262,1.2224661753878396
-0.11875,-0.26249999999999996,2.2295006182391717,0.980729856678309,0.17485851252102996,0.9936546674801708,0.016902088615236024,375.0,140.00000000000003,True,0.7461923835382358,0.916295642749747,0.20660575065576295,1.1960793908497505
-0.11875,-0.24999999999999997,2.8108656979172064,0.9681823578297518,0.18818360866474695,0.9951189749847468,0.030897207367795602,375.0,140.00000000000003,True,0.7424879007835473,0.9189976827628963,0.21464021359681917,1.1740988273322643
-0.11875,-0.2375,3.254263273583573,0.9600141126661178,0.206155656867435,0.9965832824893227,0.03951546512995413,375.0,140.00000000000003,True,0.73966574969906,0.9220563663060558,0.22357814155748865,1.1651406746136863
-0.11875,-0.22499999999999998,3.5843754902267078,0.9550719550719551,0.22782824444985372,0.9980475899938988,0.043056043056043054,375.0,140.00000000000003,True,0.7377069746276895,0.9255049524041224,0.2331957713107464,1.1776497860822286
-0.11875,-0.21249999999999997,4.166643726414981,0.944682328434209,0.25234308425803265,0.9985356924954241,0.053003124638352044,380.00000000000006,140.00000000000003,True,0.7365863490199757,0.929373078530036,0.24328742622633578,1.2182924849134518
-0.11875,-0.19999999999999998,4.68220648808349,0.9362312191765111,0.27899017728934467,0.9995118974984747,0.060557403371946324,380.00000000000006,145.0,True,0.7362704692521962,0.933685343113126,0.25366831701149234,1.290671412804881
-0.11875,-0.18749999999999997,5.125664139654425,0.9306806521491278,0.30719898525912176,0.9995118974984747,0.06612700946300308,380.00000000000006,145.0,True,0.7367161849961015,0.9384599257881715,0.26417493362013345,1.3950372412125625
-0.11875,-0.175,5.767620271933949,0.919774647887324,0.3365087988292572,1.0,0.07661971830985916,385.00000000000006,145.0,True,0.7378694234106998,0.9437073974057685,0.27466418486852845,1.5290637000011666
-0.1125,-0.425,10.116606778041806,0.8152639960798725,0.3779056069737619,0.8120805369127517,0.0,355.0,120.0,False,0.9251193248531839,0.9045162019645723,0.26775172387663054,3.8080700435744563
-0.1125,-0.4125,9.050211048167945,0.8390297684674752,0.35674489353767364,0.8357535082367297,0.0,355.0,125.0,True,0.9046720663134221,0.9043963063743764,0.25234572534859095,3.281107313220922
-0.1125,-0.39999999999999997,8.31173799387813,0.8539752541957614,0.33529527365253775,0.850640634533252,0.0,360.0,125.0,True,0.8858226082421808,0.9044921034469827,0.23805827753809267,2.820540616454848
-0.1125,-0.38749999999999996,7.690917471924236,0.8657356364081833,0.3136496477102478,0.8623550945698597,0.0,360.0,125.0,True,0.8684770444197896,0.904775100468843,0.2249963323172272,2.43022666429479
-0.1125,-0.375,7.161281288633336,0.8750459389930173,0.2919351347633133,0.8716290420988407,0.0,360.0,130.0,True,0.8525445743132688,0.9052231088642207,0.21329290416641988,2.113811236689274
-0.1125,-0.3625,6.01775737193613,0.9007717750826902,0.2703278450237864,0.89725442342892,0.0,360.0,130.0,True,0.8379408153921265,0.9058212262852773,0.20310275258051222,1.8726908707049017
-0.1125,-0.35,5.354327623468231,0.913757197108906,0.24907461572191733,0.910189139719341,0.0,365.00000000000006,130.0,True,0.824589664326834,0.9065620321922044,0.1945932861034214,1.703088432170296
-0.1125,-0.33749999999999997,4.687573633562592,0.9269876270978806,0.22852357821194014,0.9233679072605248,0.0,365.00000000000006,130.0,True,0.8124250564371256,0.9074458993548716,0.18792914912980363,1.5939805524700394
-0.1125,-0.32499999999999996,4.306026791632987,0.9328678182040916,0.20916437552647604,0.9292251372788286,0.0,365.00000000000006,130.0,True,0.8013915124365918,0.9084807886880538,0.18325100413351472,1.528150253141856
-0.1125,-0.3125,3.545511912869257,0.9492833517089305,0.19167634129099248,0.9455765710799268,0.0,365.00000000000006,135.0,True,0.791443957603686,0.9096816657084835,0.1806518497260769,1.4864215575649724
-0.1125,-0.3,2.624624300607915,0.9705990444689453,0.176965594324203,0.9668090298962783,0.0,370.00000000000006,135.0,True,0.78254707589612,0.911069805221145,0.18015600853422095,1.4523245649402048
-0.1125,-0.2875,2.149080702361232,0.9808893789048144,0.16614659464025594,0.9770591824283099,0.0,370.00000000000006,135.0,True,0.7746734917962377,0.912671766166167,0.18170780375494364,1.4147585659541886
-0.1125,-0.27499999999999997,1.8258525747417071,0.9882396177875781,0.1603922422585236,0.9843807199511897,0.0,370.00000000000006,135.0,True,0.7678023336747948,0.9145182411190989,0.18517338040785639,1.3684849091535707
-0.1125,-0.26249999999999996,1.6258539735070539,0.9936297929682715,0.16061662692761325,0.9897498474679682,0.0,370.00000000000006,135.0,True,0.7619165388292657,0.9166426573114655,0.1903553418906948,1.313426599415361
-0.1125,-0.24999999999999997,2.0939566512239782,0.9826233860263063,0.16712786466753551,0.9936546674801708,0.014999395185677998,375.0,140.00000000000003,True,0.7570004899982584,0.919079720444773,0.19701474660788518,1.2536814356768942
-0.1125,-0.2375,2.6703907543625194,0.9700107104605498,0.17952222015447436,0.9946308724832215,0.02860207365033965,375.0,140.00000000000003,True,0.7530373465203178,0.9218640069383978,0.2048943567250675,1.1966421040480013
-0.1125,-0.22499999999999998,3.160277575950706,0.9604659371690787,0.1969109155166179,0.9965832824893227,0.03906341922579127,375.0,140.00000000000003,True,0.7500067192484201,0.9250283718610709,0.2137378100872443,1.1521549675280969
-0.1125,-0.21249999999999997,3.4830216489147143,0.9559667408361635,0.21826013804379849,0.9975594874923734,0.042627942382011945,375.0,140.00000000000003,True,0.7478821044703644,0.9286025166484484,0.2233030717577625,1.1312609868008863
-0.1125,-0.19999999999999998,3.92903233159016,0.9488550505637569,0.2426223017142413,0.9985356924954241,0.04882017900732303,380.00000000000006,140.00000000000003,True,0.7466292336472665,0.9326116151025733,0.23337003256892547,1.1440390096303215
-0.1125,-0.18749999999999997,4.360909903129252,0.9429363520850179,0.2692169497169549,0.9990237949969494,0.054291324939355436,380.00000000000006,140.00000000000003,True,0.7462043616110067,0.9370749624779882,0.24374356967671715,1.196934876992366
-0.1125,-0.175,4.996343983013935,0.9319557027057883,0.29742485431556054,0.9995118974984747,0.06484758534079232,380.00000000000006,145.0,True,0.7465533935237565,0.942004814171686,0.25425374810204343,1.2911497621510444
-0.10625000000000001,-0.425,10.903982170998589,0.8000735023888277,0.40412240673451366,0.7969493593654667,0.0,355.0,120.0,False,0.9661196270809603,0.9085615688597949,0.28509937712181993,4.870978523449206
-0.10625000000000001,-0.4125,10.344192579520229,0.8103638368246968,0.3831938878627657,0.8071995118974985,0.0,355.0,120.0,False,0.9435205500518059,0.9081304922538482,0.2680287813217963,4.270760755782251
-0.10625000000000001,-0.39999999999999997,9.606657987009783,0.825309322552983,0.36185688339115385,0.8220866381940207,0.0,355.0,125.0,True,0.9225584092241025,0.9079298136304392,0.2519389592738992,3.7324439933602513
-0.10625000000000001,-0.38749999999999996,8.462484832118497,0.8510351586426559,0.3401716850683373,0.8477120195241,0.0,360.0,125.0,True,0.9031480513166515,0.9079298596087501,0.23690639452279802,3.258828809548661
-0.10625000000000001,-0.375,7.8758185366027185,0.8618155090040426,0.31822016324093955,0.8584502745576571,0.0,360.0,125.0,True,0.8852061097717837,0.9081068854228296,0.22303711544948024,2.853165563107439
-0.10625000000000001,-0.3625,7.251169710260042,0.8735758912164645,0.2961151407719957,0.8701647345942648,0.0,360.0,125.0,True,0.8686541478019065,0.9084441998601501,0.21046767606933842,2.5182591623573143
-0.10625000000000001,-0.35,6.433864425967719,0.890481440646821,0.2740144594019218,0.8870042708968884,0.0,360.0,130.0,True,0.8534208593830499,0.9089323712350795,0.19936312333296113,2.254763021676122
-0.10625000000000001,-0.33749999999999997,5.4716432686477905,0.9113071174813181,0.2521414854992608,0.9077486272117145,0.0,365.00000000000006,130.0,True,0.8394437184021508,0.9095696304165127,0.18990947041103348,2.0589566377061055
-0.10625000000000001,-0.32499999999999996,4.853475064026142,0.92306749969374,0.2308141376368403,0.9194630872483222,0.0,365.00000000000006,130.0,True,0.8266697454825858,0.9103617533979448,0.18229877162566313,1.9211645062767433
-0.10625000000000001,-0.3125,4.353747563962258,0.9318877863530565,0.21048646514830713,0.9282489322757779,0.0,365.00000000000006,130.0,True,0.8150553711611797,0.911321430691097,0.17670654250655932,1.826326595397865
-0.10625000000000001,-0.3,3.7117184155862484,0.9448732083792724,0.19180130785746516,0.9411836485661988,0.0,365.00000000000006,135.0,True,0.804565848959049,0.9124678144238997,0.1732633342861261,1.7570050715656043
-0.10625000000000001,-0.2875,2.723722039672411,0.9676589489158398,0.1756441138388982,0.9638804148871263,0.0,370.00000000000006,135.0,True,0.7951739081932714,0.913825422855405,0.17202719887514661,1.697228104436266
-0.10625000000000001,-0.27499999999999997,2.215921714116755,0.9784392992772265,0.16315650840671517,0.9746186699206834,0.0,370.00000000000006,135.0,True,0.7868580980630846,0.9154230679566218,0.1729651599696776,1.6352946737996206
-0.10625000000000001,-0.26249999999999996,1.8228344002216785,0.987259585936543,0.15562565825843888,0.9834045149481391,0.0,370.00000000000006,135.0,True,0.7796005040004736,0.917292543888615,0.1759510793988911,1.5648497780040902
-0.10625000000000001,-0.24999999999999997,1.608827230811042,0.9926497611172364,0.1541690147464105,0.9887736424649176,0.0,370.00000000000006,135.0,True,0.7733843197619935,0.919467248280491,0.1807803809764639,1.4846812605755189
-0.10625000000000001,-0.2375,2.0121814259083255,0.983073388949341,0.1593048975101706,0.9921903599755949,0.013108386940162642,375.0,140.00000000000003,True,0.7681914538156649,0.9219807268559541,0.1871963032697117,1.3979789656776715
-0.10625000000000001,-0.22499999999999998,2.317720028769224,0.9774553303753447,0.17073460819088787,0.9946308724832215,0.021136063408190225,375.0,140.00000000000003,True,0.7640002940948003,0.9248652421473413,0.19491857866896825,1.3116095710368778
-0.10625000000000001,-0.21249999999999997,2.9801768737816134,0.9631858407079646,0.18754039637538844,0.9965832824893227,0.03634218289085546,375.0,140.00000000000003,True,0.7607832296878032,0.9281503180776078,0.2036677955557023,1.23554438484561
-0.10625000000000001,-0.19999999999999998,3.363921691216338,0.9573120675501349,0.2085892788842089,0.9970713849908481,0.04174973613228568,375.0,140.00000000000003,True,0.7585051347272451,0.9318614338794933,0.2131820641326602,1.1820645566771915
-0.10625000000000001,-0.18749999999999997,3.6476222811196033,0.9541788427819988,0.2328297262121466,0.9985356924954241,0.0434833430742256,375.0,140.00000000000003,True,0.7571217290746692,0.9360186308831246,0.2232260320467765,1.1639181815932356
-0.10625000000000001,-0.175,4.262752327421464,0.9433722408413268,0.2594014623673011,0.9990237949969494,0.05385415462845256,380.00000000000006,140.00000000000003,True,0.7565786352129975,0.9406354830100226,0.23359425358165678,1.1910090284354389
-0.1,-0.425,12.13823671191238,0.772877618522602,0.4300107667935089,0.7698596705308115,0.0,350.00000000000006,120.0,False,1.0099355688367175,0.9130050493652926,0.30473134854895,6.020461931469701
-0.1,-0.4125,11.021745153420692,0.7981134386867573,0.4094451585098031,0.7949969493593655,0.0,355.0,120.0,False,0.9851741403434477,0.9122506045634423,0.28615226450196896,5.35029120466766
-0.1,-0.39999999999999997,10.442492643106945,0.808893789048144,0.3883832909066494,0.8057352043929226,0.0,355.0,120.0,False,0.9620769894991805,0.911741456580953,0.2684500274953929,4.73873986753395
-0.1,-0.38749999999999996,9.85942870307597,0.8196741394095308,0.3668640517374281,0.8164734594264795,0.0,355.0,125.0,False,0.9405688238690438,0.9114469365391336,0.2516691116587756,4.187843762669251
-0.1,-0.375,8.73161501568351,0.8449099595736862,0.34493978798563,0.8416107382550335,0.0,355.0,125.0,True,0.9205747749851725,0.9113420507586124,0.23588186414387957,3.7003050675644156
-0.1,-0.3625,8.023112300224748,0.8588754134509372,0.32268220570253925,0.8555216595485052,0.0,360.0,125.0,True,0.9020236078856825,0.9114084509562804,0.22119248083938203,3.279164318464112
-0.1,-0.35,7.358543976521797,0.8716158275143943,0.3001912466080437,0.8682123245881636,0.0,360.0,125.0,True,0.8848496980501027,0.9116349161978835,0.20774003501898003,2.926934395059329
-0.1,-0.33749999999999997,6.803317843713044,0.8814161460247458,0.2776081412478076,0.8779743746186699,0.0,360.0,130.0,True,0.8689952461452367,0.9120176848375096,0.19569835062067795,2.644107996573947
-0.1,-0.32499999999999996,5.6709205466153305,0.9066519661889011,0.2551338443313787,0.9031116534472239,0.0,360.0,130.0,True,0.8544105827357088,0.912560400487848,0.18527040511561232,2.427245500150486
-0.1,-0.3125,4.963926792646762,0.9206174200661521,0.23305733742711118,0.9170225747406956,0.0,365.00000000000006,130.0,True,0.8410546699436929,0.9132736464756729,0.17667509063735043,2.267585820669179
-0.1,-0.3,4.419715610644134,0.9304177385765038,0.21179602616361037,0.9267846247712019,0.0,365.00000000000006,130.0,True,0.8288943678505011,0.9141744434271227,0.17012365198208887,2.151328487739297
-0.1,-0.2875,3.979076132137494,0.9377679774592674,0.19195231167542418,0.9341061622940817,0.0,365.00000000000006,135.0,True,0.8179031080175571,0.9152852911001653,0.1657876211227979,2.0619740859931044
-0.1,-0.27499999999999997,3.1261057374636794,0.9566335905916943,0.17438062317493416,0.9528981086028065,0.0,370.00000000000006,135.0,True,0.8080596201761705,0.9166330625420452,0.16376378493127783,1.983725986697944
-0.1,-0.26249999999999996,2.3016596093813657,0.975499203724121,0.16023184666542398,0.9716900549115314,0.0,370.00000000000006,135.0,True,0.7993456628659834,0.9182478983578637,0.16404710618186347,1.9043698693378501
-0.1,-0.24999999999999997,1.8384351045672858,0.9857895381599902,0.15089113819338945,0.9819402074435631,0.0,370.00000000000006,135.0,True,0.7917437786210305,0.9201617289240576,0.1665225417356002,1.816740403179913
-0.1,-0.2375,1.5914904924799287,0.9916697292662011,0.1476842030889953,0.987797437461867,0.0,370.00000000000006,135.0,True,0.7852350310234222,0.9224069744281268,0.17097914513314405,1.7188466718783175
-0.1,-0.22499999999999998,1.5760714967636902,0.9929138668295663,0.1513739896762761,0.9917022574740696,0.002699717756779973,375.0,140.00000000000003,True,0.7797968245802886,0.9250150978015126,0.17714069211241876,1.613242807282271
-0.1,-0.21249999999999997,2.1556135951295556,0.979795550210463,0.1618012474785715,0.9941427699816962,0.01831545969393903,375.0,140.00000000000003,True,0.7754007065252556,0.9280152165975745,0.18470131548894025,1.506256149390129
-0.1,-0.19999999999999998,2.8335688287402907,0.9649911295091662,0.17802620709540978,0.9960951799877974,0.03407880724174654,375.0,140.00000000000003,True,0.7720107842694229,0.9314328170256122,0.19335604501362924,1.4073892166521478
-0.1,-0.18749999999999997,3.265505258344643,0.9577613516367476,0.1988017457984353,0.9970713849908481,0.04130001173295788,375.0,140.00000000000003,True,0.7695822168864005,0.9352884847050535,0.20282131786044452,1.3287252851764328
-0.1,-0.175,3.5485829242429285,0.9546251900362531,0.2229552064105616,0.9985356924954241,0.04303590223365688,375.0,140.00000000000003,True,0.768060436353435,0.9395967353890716,0.21284574271839857,1.283621648010436
