rank_envelope,name,z40_rms_waves,z20_rms_waves,envelope_score,footprint_iou,inside_fill_fraction,outside_fraction,outer_band_rmse,rectangle_accepted,center_ratio,middle_over_sides,core_rms_fraction,hole_target_score,size50_x_um,size50_y_um
1,Z40+0.000_Z20+0.000_rmswaves,0.0,0.0,0.048811329584015205,1.0,0.9960951799877974,0.0,1.2953177791946904e-07,True,0.9989019002050464,0.9999464017644392,0.007574645829490279,7.856624577227443,374.0339748369473,137.1929810447036
2,Z40+0.000_Z20+0.375_rmswaves,0.0,0.375,14.2662394345795,0.714861196251861,1.0,0.28233645678255537,0.4330276357312897,False,0.8908435567044111,1.1037468275788491,0.289227671259281,5.9691291999962655,414.70092914844474,172.14207042874438
3,Z40+0.000_Z20-6.000_rmswaves,0.0,-6.0,20.373110397238168,0.5711843711843712,0.8562538133007932,0.37005117155938594,0.3876303238338045,False,1.564873409763506,1.5193340775055217,0.2977524144822626,25.167936600765746,326.66998689762465,422.71639513414857
4,Z40+0.000_Z20+5.250_rmswaves,0.0,5.25,20.897163109809334,0.4968652991661087,1.0,0.5011869255584637,0.2464750823377505,False,1.1028272434979278,1.1263773418829706,0.17052182872320787,10.140962235473207,1028.6232573379855,717.5577596026102
5,Z40+0.000_Z20+5.625_rmswaves,0.0,5.625,20.996599577900973,0.487256013848266,1.0,0.5108338804990151,0.21510917014439232,False,1.1354695420630505,1.1504467508916414,0.13889595453738554,11.250803179795954,1067.8667544600125,767.1356588354439
6,Z40-3.000_Z20+6.000_rmswaves,-3.0,6.0,21.159257221864486,0.48743058458231325,1.0,0.5106586254254494,0.23541468223250384,False,1.1529334777690077,1.218538065737957,0.19436793422301785,12.463640112579467,478.3627011336923,2260.6959321572085
7,Z40+0.000_Z20+4.875_rmswaves,0.0,4.875,21.210556205839357,0.49831546707503827,0.9951189749847468,0.49960115358654966,0.28348987802313336,False,1.0784527351746296,1.1224598403682582,0.21269127663270618,9.492061895256684,1002.0999601875042,668.0104658180621
8,Z40+0.000_Z20+6.000_rmswaves,0.0,6.0,21.302127254895186,0.4752285032310648,1.0,0.5229085404901904,0.19757796954533144,False,1.1749196556345565,1.1864417872352735,0.12619736531915288,12.599791579172047,1114.6619972615572,818.0458485427686
9,Z40-3.000_Z20+5.625_rmswaves,-3.0,5.625,21.346519895907853,0.48421240411488375,0.9975594874923734,0.5133059474906233,0.2405999098562193,False,1.1645664286988362,1.2262475328390081,0.21213840347548588,12.78289864623024,482.14078744370033,2192.355319550399
10,Z40-3.000_Z20+4.875_rmswaves,-3.0,4.875,21.433813458425384,0.4906362471786738,0.9853569249542404,0.5037792662692804,0.2663328445745078,False,1.1885119759971303,1.2452740831918983,0.24951436305991923,13.524735961228568,488.73203137810253,2055.3022006561587
11,Z40-3.000_Z20+2.625_rmswaves,-3.0,2.625,21.48350292944633,0.5029936264726711,0.9572910311165345,0.4833036949219522,0.29798223524344625,False,1.2275263243343495,1.334271301691794,0.35233350798123586,15.870025721504408,253.72293287870545,1645.5610458343763
12,Z40-3.000_Z20+5.250_rmswaves,-3.0,5.25,21.547847751367435,0.48374348841386744,0.9897498474679682,0.5118854185472709,0.2537688387867406,False,1.1698988703746078,1.231523496895675,0.2344161866429111,12.95107686351285,485.11039300935056,2127.626959288813
13,Z40+0.000_Z20+4.500_rmswaves,0.0,4.5,21.63298487128836,0.49156641073695667,0.9960951799877974,0.5055424314010539,0.30648653964558836,False,1.0288556826852926,1.1350185365530223,0.25296832344407344,8.706401086239767,962.4254669752784,617.9657139194815
14,Z40+0.000_Z20-5.625_rmswaves,0.0,-5.625,21.668498124655198,0.5614936025763774,0.7871873093349604,0.3401861511711159,0.4552023199335226,False,1.6103199011103464,1.8558292612029896,0.39460950797248734,31.92450483196807,303.6700902328714,374.73585252860073
15,Z40-3.000_Z20+4.500_rmswaves,-3.0,4.5,21.731083160181193,0.48820104198590253,0.9758389261744966,0.5038158466215797,0.2803677245088262,False,1.1996987684146148,1.253541190897908,0.24302595013918918,13.87257997128063,349.8987503478472,1986.523443725112
16,Z40-3.000_Z20+4.125_rmswaves,-3.0,4.125,21.732036442094103,0.49156313740033375,0.9743746186699207,0.4999686893355877,0.2941426792537929,False,1.2155211691141488,1.2668030288483456,0.23356410138319397,14.391776669955037,356.29723292101664,1916.0692177722278
17,Z40+0.000_Z20+2.625_rmswaves,0.0,2.625,21.79950937885474,0.4752285032310648,1.0,0.5229085404901904,0.2572638244204779,False,1.2678519382453672,1.2628214175795012,0.1947927902124352,15.395807557975338,684.912294193727,437.4002030802605
18,Z40+0.000_Z20+3.375_rmswaves,0.0,3.375,21.82391241371943,0.4752285032310648,1.0,0.5229085404901904,0.2601921886042407,False,1.0339968395621413,1.238784274912266,0.22447470392859276,10.731848069341384,830.8439401756085,497.65879497729236
19,Z40+0.000_Z20+3.750_rmswaves,0.0,3.75,21.85166128804175,0.4752285032310648,1.0,0.5229085404901904,0.26352205352291896,False,0.9992326825973389,1.1797915724333163,0.2522458504933856,9.022578884761904,864.9557195219826,535.4182749065974
20,Z40+0.000_Z20+3.000_rmswaves,0.0,3.0,21.99559444359944,0.4752285032310648,1.0,0.5229085404901904,0.2807940321898418,False,1.1035092827480637,1.3030505948086606,0.2072099229468788,13.085836695231594,760.1162278622683,460.7135626935918
21,Z40+0.000_Z20+4.125_rmswaves,0.0,4.125,22.150798248680324,0.4752285032310648,1.0,0.5229085404901904,0.2994184887995477,False,1.008307172582555,1.160234958888949,0.2675961931430955,8.802988788324793,912.6766594512765,577.1046294927689
22,Z40+0.000_Z20+2.250_rmswaves,0.0,2.25,22.29567141057733,0.4752285032310648,1.0,0.5229085404901904,0.3168032682271888,False,1.4518925119997577,1.2145645789650885,0.22117575533672715,18.720959642076654,630.317814583474,436.38265287212647
23,Z40-3.000_Z20+3.000_rmswaves,-3.0,3.0,22.503300867712543,0.48280829210246134,0.9406955460646735,0.5030619480435764,0.3052713774645351,False,1.2508338100213212,1.3239598318178158,0.3120894791564313,16.038150239025626,224.30926067016617,1711.6216685814315
24,Z40-3.000_Z20+1.500_rmswaves,-3.0,1.5,22.636354405027483,0.4891525201546831,0.9106772422208664,0.4873256852373429,0.318847424542633,False,1.3648007483260738,1.3694730333084912,0.3700842096561275,19.054441162239595,205.72794374333284,1434.960978236964
25,Z40-6.000_Z20+4.125_rmswaves,-6.0,4.125,22.84725027980663,0.47378700030515714,0.9482611348383161,0.513856740694401,0.3146376257081404,False,1.1762551188397399,1.0267177785724777,0.3468211780878529,10.7432090988726,214.9166819150138,789.9909185587617
26,Z40-3.000_Z20+3.750_rmswaves,-3.0,3.75,22.902324641970985,0.4745900106004864,0.9326418547895058,0.5064255731352922,0.3113734113192978,False,1.2140495902956325,1.2724650772137225,0.23746256167344673,14.453223070475397,207.9987598560707,1848.2845326105512
27,Z40-3.000_Z20+3.375_rmswaves,-3.0,3.375,23.10934519234228,0.47233510472022505,0.9233679072605248,0.5082212257100149,0.3128467595675133,False,1.2182188720747225,1.285760661732034,0.2552667266043066,14.747243032001306,211.8929115861166,1775.993172731073
28,Z40-6.000_Z20+6.000_rmswaves,-6.0,6.0,23.24301183415163,0.46544996097736685,0.9499694935936547,0.5208346156213455,0.32921361998875986,False,1.0571489343129004,1.0105897242214001,0.2977765278993366,7.685628182226496,137.44651068322418,3102.5462244953683
29,Z40-3.000_Z20+1.125_rmswaves,-3.0,1.125,23.39346592290638,0.47724469259235214,0.8999389871873094,0.49455143581659927,0.3470313155818874,False,1.3396508384478873,1.3570421109516209,0.414354389899693,18.511842753552983,233.0582787511286,1371.1740751776351
30,Z40+0.000_Z20+1.875_rmswaves,0.0,1.875,23.423380365209255,0.4752285032310648,1.0,0.5229085404901904,0.45212834278301967,False,1.3233577569647255,1.2676558717922004,0.22205513993150064,16.569849326827022,591.7705303654172,394.91438078434373
31,Z40+3.000_Z20-5.250_rmswaves,3.0,-5.25,23.696795121837347,0.4775356786280613,0.9960951799877974,0.5196822594880848,0.4908418312542349,False,0.7125991968547017,0.6180266742096543,0.3385223108323029,7.381828954100637,1352.550810345852,88.1995099305822
32,Z40+0.000_Z20-0.375_rmswaves,0.0,-0.375,23.824009317081135,0.5180693372534607,0.516046369737645,0.0,0.6871586844165857,False,1.8282101951594856,1.0209628017960983,0.7079360548644512,28.079011157893028,333.2147205229587,84.74110711569153
33,Z40-3.000_Z20+2.250_rmswaves,-3.0,2.25,23.843842476315253,0.4704783980426244,0.8955460646735814,0.4998977853492334,0.3661687102722257,False,1.2097895678933248,1.3220393924526557,0.303881468808742,15.244334272841826,272.2090794941188,1568.8755611023803
34,Z40-6.000_Z20+5.250_rmswaves,-6.0,5.25,23.844333140187455,0.45451862345788324,0.9435021354484442,0.5307682971234373,0.3439766046836546,False,1.0164190151100245,1.0352021269983736,0.3883844504968153,7.500033631659113,nan,nan
35,Z40+3.000_Z20-4.125_rmswaves,3.0,-4.125,24.0345457473423,0.4705434081716396,0.9834045149481391,0.5237841990190865,0.48520618808957383,False,0.6594382107440502,0.6277805938215438,0.3427069883195153,7.566910691496054,884.720911313168,122.95063206690352
36,Z40-3.000_Z20+0.000_rmswaves,-3.0,0.0,24.1976809772722,0.4700311278892642,0.8684563758389262,0.4928383096985677,0.3772422001509939,False,1.5085610045504176,1.4459996010960927,0.5092530057922959,23.496549409503018,222.95370340277532,1516.5654139626324
37,Z40+3.000_Z20-5.625_rmswaves,3.0,-5.625,24.20933799332977,0.47088770554157644,0.9858450274557657,0.524008719731338,0.5105381374109433,False,0.6830710404499684,0.6164757059381577,0.313388126495249,7.503729883306349,1308.9214534410783,69.52292246361418
38,Z40-3.000_Z20-0.750_rmswaves,-3.0,-0.75,24.30149489720374,0.47620645680918183,0.8657718120805369,0.4870219073096667,0.4129236152483,False,1.1300872832230233,1.4410424444641627,0.43059971889579146,16.634036206957635,184.99921644046378,607.1666443964671
39,Z40-6.000_Z20-0.750_rmswaves,-6.0,-0.75,24.399661368837037,0.48011075842506923,0.8674801708358756,0.4830945975423544,0.4448699994759345,False,0.8927114489159387,1.106048998266504,0.4524621198105679,7.230137973381417,187.55888872094374,167.100049602546
40,Z40-6.000_Z20+4.875_rmswaves,-6.0,4.875,24.48906147171227,0.4589994529207951,0.925320317266626,0.521245028095208,0.4217986691249842,False,1.0151854901757915,1.0157568066161453,0.3474192237782763,6.994250992822487,174.02459291618067,135.65092155204124
41,Z40+3.000_Z20-4.500_rmswaves,3.0,-4.5,24.54113858995867,0.45223976985850994,0.9438682123245882,0.5332770168346105,0.4175427336055367,False,0.7152420908751717,0.6171459615924465,0.32656763634685576,7.335817968227045,29.589014346871885,112.04135279525869
42,Z40-6.000_Z20+3.375_rmswaves,-6.0,3.375,24.60192405066075,0.4484457692073727,0.9034777303233679,0.526840490797546,0.3625240529901409,False,0.9580072555828084,1.0119487591241432,0.4315138448249608,6.521000048908166,nan,nan
43,Z40+3.000_Z20-3.375_rmswaves,3.0,-3.375,24.6034023438788,0.4483633146564435,0.9315436241610738,0.5343418323776992,0.3933009129098487,False,0.6250782180450556,0.609412902146254,0.35689793206318127,8.393402171509326,nan,nan
44,Z40+3.000_Z20-2.625_rmswaves,3.0,-2.625,24.647613944181842,0.45707325767928225,0.9426479560707749,0.5278405965405537,0.4511444856349997,False,0.8375477787106325,0.764403888533209,0.34371510170919234,4.152341461156134,20.885384924664155,136.57093595703253
45,Z40-6.000_Z20+0.375_rmswaves,-6.0,0.375,24.675017729303498,0.4666666666666667,0.8684563758389262,0.49763534975647633,0.417233666640095,False,0.9238371537085693,1.0715737408074166,0.40613213770558526,6.531037148452388,104.9442080759951,159.81276451863022
46,Z40-6.000_Z20+1.125_rmswaves,-6.0,1.125,24.68517398291402,0.45703943608306347,0.8821232458816352,0.5109261890264529,0.3901347714816458,False,1.2987228245096785,1.0497547293560565,0.47657158948089895,14.396009343368345,44.234712350403086,217.8574178091564
47,Z40+3.000_Z20-1.875_rmswaves,3.0,-1.875,24.694294022270746,0.4564199798542395,0.9438682123245882,0.5288420539684473,0.4551144597694195,False,0.9509224177807003,0.7371581028648304,0.40828431283920513,6.772254340754248,602.1066967375616,29.401255536653316
48,Z40+3.000_Z20-4.875_rmswaves,3.0,-4.875,24.718175974192885,0.45561365372187296,0.9502135448444173,0.5312706916270391,0.46143635789483195,False,0.7021641847295985,0.6017728927792405,0.3612866240163046,7.939106181174434,24.16396585886875,94.00427793000836
49,Z40+3.000_Z20-2.250_rmswaves,3.0,-2.25,24.718673416646812,0.45042709867452135,0.9369127516778524,0.5334791590715762,0.42267249493059633,False,0.6890870523525675,0.6843304084369556,0.43239642490713565,6.806678490201466,nan,nan
50,Z40+3.000_Z20-6.000_rmswaves,3.0,-6.0,24.822346352082224,0.456986429029064,0.9613178767541184,0.5325183954426774,0.49284007130422003,False,0.7088875626934288,0.6382465668130612,0.31487724562206193,6.819762706687487,nan,nan
51,Z40-3.000_Z20+1.875_rmswaves,-3.0,1.875,24.82446667850253,0.45622648727921955,0.8769981696156193,0.5102555366269165,0.3977294127410167,False,1.252597547099046,1.3320997526119605,0.37708371741082075,16.35743495220296,106.21384415142471,1499.9880584790362
52,Z40-9.000_Z20+5.250_rmswaves,-9.0,5.25,25.090727635083105,0.44544271640126404,0.8777303233679072,0.5256841411144082,0.3752847387940131,False,1.222625249452556,0.9623680897159657,0.4665809219702067,12.138882072063948,219.5321651995966,209.8683412013803
53,Z40+6.000_Z20-6.000_rmswaves,6.0,-6.0,25.13802932058013,0.4459757771016049,0.9160463697376449,0.5329434455297705,0.4291452360862419,False,1.0581775438199392,0.8935544146092352,0.37553865737811026,7.545201014082604,212.90099401791355,212.9631747770577
54,Z40+0.000_Z20+0.750_rmswaves,0.0,0.75,25.140420364691064,0.46036450778835847,0.8946918852959121,0.5110044017607043,0.4734751924308147,False,0.6308278728115121,1.158060422248769,0.3380154203582386,7.619739200533204,nan,nan
55,Z40+3.000_Z20+4.500_rmswaves,3.0,4.5,25.165358875844305,0.5037395512538495,0.6985967053081147,0.3586871289346925,0.5409260834229984,False,0.7110175655133287,0.7707364438368229,0.6779994228515123,9.26521227702186,27.573095019194454,74.42884855374669
56,Z40+3.000_Z20-3.000_rmswaves,3.0,-3.0,25.179253897859798,0.4390401693818738,0.9148261134838316,0.5402023919043238,0.4005665582580586,False,0.8234529760263294,0.6941026883159455,0.38958109321916345,5.946223944450741,28.959949538697323,53.462476495298475
57,Z40-6.000_Z20+2.625_rmswaves,-6.0,2.625,25.250377973025593,0.4385318848585282,0.8723611958511287,0.5319803600654665,0.3562122650171495,False,1.220432233616138,1.0392667652276566,0.45673535796696907,12.422905329306747,33.51231809499116,729.5477301305291
58,Z40-3.000_Z20-1.875_rmswaves,-3.0,-1.875,25.259300275323568,0.4741339029437287,0.8691885295912142,0.48832698800373536,0.524810054251233,False,1.136938593353134,1.4384461862569482,0.4957004596151317,17.003349576974163,196.5420592819674,453.12567262083394
59,Z40+0.000_Z20+1.500_rmswaves,0.0,1.5,25.278907654360747,0.4752285032310648,1.0,0.5229085404901904,0.6747916174811985,False,0.9189049451581736,1.2830783810800637,0.30658893705523466,10.348531208357466,290.7543168755006,331.051235934249
60,Z40-3.000_Z20+0.750_rmswaves,-3.0,0.75,25.353674435296625,0.4507641710195396,0.8568639414276998,0.5101158085670434,0.41485564458519847,False,1.188065981864266,1.3178440440794033,0.4229991362393022,15.14703360275503,nan,nan
61,Z40-6.000_Z20+5.625_rmswaves,-6.0,5.625,25.380160403077547,0.43374272786037493,0.9006711409395973,0.5453649522636279,0.3798067149643843,False,1.0457276244459592,1.0297391570436467,0.4262493544828406,8.338460631224804,147.2754602041828,13.02315745580892
62,Z40+3.000_Z20-1.125_rmswaves,3.0,-1.125,25.4277414463769,0.4417940634108619,0.910189139719341,0.5359875583203733,0.4380135358962653,False,0.8457427564156913,0.8289573424000727,0.456542564236322,4.826880633061359,82.08058441231174,16.118275092988085
63,Z40-6.000_Z20-1.875_rmswaves,-6.0,-1.875,25.60463864368308,0.4735821619001454,0.8350213544844417,0.4783105893115804,0.528369270701698,False,1.003925833988751,1.2603110152611492,0.5577877309116864,12.37024762925611,198.01837465508328,125.2391581985355
64,Z40-9.000_Z20+6.000_rmswaves,-9.0,6.0,25.646661970900773,0.44077610101632275,0.8771201952410006,0.5279747832939322,0.423645857477664,False,0.9538786484039619,0.9630688604261983,0.4136500436856135,5.801356350952352,nan,nan
65,Z40-3.000_Z20+0.375_rmswaves,-3.0,0.375,25.729196954327637,0.44796732153277574,0.8435631482611349,0.5121038887712612,0.42859448835245406,False,1.1961475090552447,1.3646953849850347,0.37817954230538353,15.944125515703837,181.2866512001628,1585.1648410481064
66,Z40+0.000_Z20-5.250_rmswaves,0.0,-5.25,25.738390645153856,0.4871057597268398,0.6615009151921903,0.3536425420293311,0.511711716343271,False,1.929053835459673,2.222107356437228,0.4966370332544691,44.20779461139169,264.09761286997184,376.0753211596804
67,Z40-9.000_Z20-0.750_rmswaves,-9.0,-0.75,25.75507831177098,0.4672519031616487,0.8313605857230019,0.48507293477439345,0.511796583320376,False,0.8825690406599116,1.0696476362595524,0.521989127043482,7.442321489149472,191.95954970082863,135.11096969390857
68,Z40+3.000_Z20-3.750_rmswaves,3.0,-3.75,25.77642405399042,0.4382726899865237,0.9166564978645515,0.54150390625,0.4707178438602492,False,0.6243032811361505,0.6578408548767815,0.37578344245196527,7.505907540705006,nan,nan
69,Z40-6.000_Z20-3.750_rmswaves,-6.0,-3.75,25.80227827857973,0.47872561949052544,0.8440512507626602,0.47363214367247547,0.5880789125364211,False,0.94646631807777,1.1503983228974466,0.5423453295088484,9.624270544628555,203.93086839065018,131.6564926201438
70,Z40-9.000_Z20+0.375_rmswaves,-9.0,0.375,25.83087826240107,0.45684771742752417,0.8389261744966443,0.4980652697671023,0.4815399008650142,False,0.902134316503623,1.0368664444202778,0.49172417453206596,6.761541186790979,109.55493282794446,148.24836456125792
71,Z40-6.000_Z20+3.000_rmswaves,-6.0,3.0,25.905612248895174,0.4377370220702518,0.8630872483221477,0.5273006749983292,0.42556439606390434,False,1.0535362759193043,1.0285974737056978,0.42158601052245165,8.449182971645982,100.67926890675065,139.1787412362383
72,Z40-6.000_Z20+1.875_rmswaves,-6.0,1.875,25.916216410027655,0.4368113265620191,0.8697986577181208,0.5303729081565424,0.42951857323174325,False,0.9069567156304769,0.9943654443219004,0.4687164365219832,6.00248201712516,nan,nan
73,Z40-6.000_Z20+2.250_rmswaves,-6.0,2.25,26.006170935675435,0.43996499781236326,0.862843197071385,0.5246386554621849,0.4479423181319418,False,1.1287398309425065,1.0028278584340535,0.4761046996516249,10.301560920661796,240.64445817364913,33.84626134118155
74,Z40-6.000_Z20+1.500_rmswaves,-6.0,1.5,26.020102563041558,0.43771659000693086,0.8496644295302014,0.5248720573183214,0.42275063590359935,False,1.072553449433094,1.0697222864363825,0.43890285670853313,9.40901419514508,110.73001833414418,139.46457340592968
75,Z40-3.000_Z20-1.125_rmswaves,-3.0,-1.125,26.036610288593423,0.4429402916748414,0.8303843807199512,0.5104668728868427,0.43309037140539786,False,1.4588016880031687,1.5029522982094645,0.5329150822587265,23.538942940923263,34.81944078984534,342.7641465163774
76,Z40+6.000_Z20-5.250_rmswaves,6.0,-5.25,26.044330000546164,0.4407795194577256,0.8926174496644296,0.532378699737902,0.4880162833285078,False,0.9500238086365671,0.991256581520448,0.42317974441323786,6.071616245486465,13.85760543649216,141.42583847599207
77,Z40-9.000_Z20+3.750_rmswaves,-9.0,3.75,26.129808126102024,0.4353298336601101,0.8403904820012202,0.5260477599614617,0.41308055917221126,False,1.252718000620891,0.9618708368529754,0.5139134746345455,13.185772602891662,48.11538093840272,107.75480212996294
78,Z40-9.000_Z20+4.500_rmswaves,-9.0,4.5,26.185739230176672,0.43570498108057815,0.861012812690665,0.5290348418101722,0.44737060718367444,False,0.8870186045782719,0.9469182045766141,0.4955262298390787,5.79922807388186,nan,nan
79,Z40-6.000_Z20+3.750_rmswaves,-6.0,3.75,26.201056787659937,0.43120836134710594,0.8638194020744356,0.5358945781157805,0.42963913449849284,False,1.0964907804899633,1.0344632180328037,0.49560168519133385,10.044858274248906,149.80309359066985,25.842145945866065
80,Z40+3.000_Z20-1.500_rmswaves,3.0,-1.5,26.30963127398445,0.43251733744294946,0.8943258084197682,0.5420805998125586,0.4830755781177965,False,0.8179326602483719,0.822818228754982,0.41042232132332934,3.8808002473630476,21.820243325525944,92.69204248526069
81,Z40+9.000_Z20-1.500_rmswaves,9.0,-1.5,26.36453834419857,0.43743962908107414,0.8328248932275778,0.5179744332226852,0.44833917855438976,False,0.903714612751954,1.0737848706040825,0.529448685439287,7.816066601753756,192.59560384943282,124.53278052376044
82,Z40-6.000_Z20+4.500_rmswaves,-6.0,4.5,26.404868511164914,0.42042953179844134,0.8662599145820622,0.5482084897855279,0.4069499539299149,False,1.100233427601922,1.0090458649869656,0.46085658531833024,9.599400411077248,24.438502089317836,226.24980472330316
83,Z40-9.000_Z20+2.250_rmswaves,-9.0,2.25,26.415489687240694,0.44118590771995125,0.8428309945088469,0.5168240643581672,0.48242688085475655,False,1.211925972418351,0.9219186974206626,0.5339107542991791,12.35594174647199,237.8714821665788,36.46489109718958
84,Z40+6.000_Z20-5.625_rmswaves,6.0,-5.625,26.530466351763135,0.4255180964751727,0.8833435021354484,0.547024591702647,0.4646886172862964,False,1.0936265356785728,0.925952037274684,0.4902955846356267,9.358642169691027,24.833015177694286,123.969613445373
85,Z40+9.000_Z20-0.375_rmswaves,9.0,-0.375,26.544083380481936,0.4438894438894439,0.8167175106772422,0.5048457497965525,0.4847659786471987,False,0.7673758398784788,0.9621421948194624,0.5125516057842308,5.49058810590191,3.6228383248915583,129.36627759958114
86,Z40+0.000_Z20-4.875_rmswaves,0.0,-4.875,26.560606319374074,0.4789605104966244,0.6319707138499084,0.33848511942776854,0.5643826814479714,False,2.3366030256862165,2.7841482155687607,0.6214048876443917,61.68635928599442,246.09966365927926,346.0338244817397
87,Z40+6.000_Z20-1.875_rmswaves,6.0,-1.875,26.593393010912607,0.43555306845737735,0.8557657107992679,0.5301172529313233,0.4863390534835623,False,1.2019446936501577,0.8851992292234117,0.51888774589618,11.987168963167587,46.55752840366439,240.86480035021256
88,Z40+6.000_Z20-2.625_rmswaves,6.0,-2.625,26.59729321298858,0.4287781059738381,0.8718730933496034,0.5401892013643091,0.47553534145808457,False,0.985067203979135,0.9933311736319446,0.48911035778587225,7.514971477000926,23.2781330287857,138.7797469237866
89,Z40+3.000_Z20+4.125_rmswaves,3.0,4.125,26.624125307397225,0.4786670032819995,0.6955460646735815,0.39413265306122447,0.5830161641522011,False,0.2080938627651433,0.7940374356973805,0.5954820048235936,15.948848287430067,nan,nan
90,Z40-9.000_Z20+1.500_rmswaves,-9.0,1.5,26.68867020096209,0.43974671855418507,0.8150091519219036,0.5112330772045371,0.4775446918540554,False,0.9895143189489506,1.037706763638675,0.5105166385291053,8.273533546328338,108.88337498034247,140.52293932244365
91,Z40+9.000_Z20-3.750_rmswaves,9.0,-3.75,26.716712112942268,0.44714483303694924,0.8323367907260525,0.5060467810847997,0.536874967125799,False,0.9430907472023776,1.033495082949408,0.5196404137590982,7.647158574878917,15.24707445725917,147.39866628785722
92,Z40-6.000_Z20-2.250_rmswaves,-6.0,-2.25,26.790604404206473,0.44526737786233606,0.8035387431360586,0.4975967040512703,0.5095877207189674,False,1.23369786895497,1.0872597334840464,0.5446224779171622,13.76138992346807,23.714866806045684,86.29164336913095
93,Z40+6.000_Z20-4.500_rmswaves,6.0,-4.5,26.814065965317397,0.41968537158700503,0.8521049420378279,0.5462932882853616,0.4354615112278022,False,1.0933599437044559,0.8358006386623966,0.46746885387042686,9.232722053969491,225.8392284840342,33.23478200706306
94,Z40-6.000_Z20+0.000_rmswaves,-6.0,0.0,26.827491391789046,0.4246223079395693,0.8098840756558877,0.5258269629206258,0.4192515599362858,False,1.3063704938432388,1.1290237842963005,0.5811874881729107,15.955824826341246,34.025091167012164,113.63404526785013
95,Z40-6.000_Z20-1.125_rmswaves,-6.0,-1.125,26.866760018773917,0.4261597853824511,0.7986577181208053,0.5199149123450452,0.42060476706386374,False,1.3124457806620835,1.191553899400818,0.62733846612182,17.09462021773202,29.442777276074665,245.54229402810904
96,Z40-3.000_Z20-4.500_rmswaves,-3.0,-4.5,26.898862754258793,0.4509389848404857,0.7295912141549725,0.4601354401805869,0.4848641459940908,False,1.1602200234727789,1.1234592202659062,0.8190301106856414,15.957828009460913,124.97130287679211,119.65376850342253
97,Z40+3.000_Z20-0.750_rmswaves,3.0,-0.75,26.931491274927403,0.44919120696806303,0.9289810860280658,0.5328014728444308,0.6736219936709302,False,0.8899421294753408,0.9050501880363484,0.44196264929598994,4.818938871120442,19.961058416548685,67.17323620682788
98,Z40-3.000_Z20-0.375_rmswaves,-3.0,-0.375,26.991023207910363,0.4339742369439685,0.838438071995119,0.5240041565639072,0.512496368927967,False,1.27583756649556,1.259535076930407,0.48848960900796207,16.187388308187575,65.86874673991028,1450.3105064533033
99,Z40+12.000_Z20-2.625_rmswaves,12.0,-2.625,27.030660299847614,0.43985589432250316,0.8084197681513118,0.5062970415083091,0.516431008913727,False,0.8556364877913106,1.0054996873383117,0.5478146099738641,6.846630035024833,16.594654686167885,141.84223968990474
100,Z40-12.000_Z20+5.625_rmswaves,-12.0,5.625,27.040678506081814,0.4282059481931564,0.8208663819402074,0.5251641137855579,0.47305266754126096,False,0.9007657395095494,0.939561156523379,0.49563788141682985,5.941833714381878,6.457340336875694,143.3291334359847
101,Z40+9.000_Z20-2.625_rmswaves,9.0,-2.625,27.049570813596315,0.42948349613739384,0.82477120195241,0.5249174105573908,0.48417967313626825,False,0.9620652216157446,1.060423714685,0.5294847674921356,8.360375526329273,20.19517268941528,142.4560758234287
102,Z40+3.000_Z20+0.375_rmswaves,3.0,0.375,27.132926660656807,0.4195650811556057,0.8208663819402074,0.5357167506384154,0.44237088969832195,False,1.0375980552974564,0.9795800130720875,0.5016327602295503,8.545473563566993,30.266530200948765,113.10724283224944
103,Z40-12.000_Z20+4.125_rmswaves,-12.0,4.125,27.139774310646295,0.43183431189108973,0.8206223306894448,0.5206358257894361,0.5022556103008372,False,0.9489313528093166,0.9703741306521866,0.511169360404386,7.05331611902871,18.867845381871774,142.47880353040773
104,Z40+12.000_Z20-3.750_rmswaves,12.0,-3.75,27.166092227918934,0.4426539006135797,0.8050030506406345,0.5014735887553843,0.5431869620188865,False,0.8682491820823022,0.9881551801947827,0.557104105174666,6.955343101225572,12.41144646483566,147.35094909365765
105,Z40-9.000_Z20+3.000_rmswaves,-9.0,3.0,27.196644568332253,0.4212232682835588,0.8283099450884686,0.536085292509568,0.46560413191889777,False,0.8526778550577808,0.9495621769052928,0.47815644327537227,5.1355992632416445,nan,nan
106,Z40+3.000_Z20-0.375_rmswaves,3.0,-0.375,27.196789938221233,0.4220255773077156,0.8535692495424039,0.5427805738937186,0.49587453798272263,False,0.9843408176251938,0.9521744516720874,0.48712597605871594,7.215685797349114,122.36619635056103,117.56126483639022
107,Z40+6.000_Z20-3.750_rmswaves,6.0,-3.75,27.253537119589815,0.43512765302983697,0.8669920683343502,0.5314869765908341,0.5790650510555629,False,0.8946050259453159,0.9577587663850153,0.4788247322368997,5.6841042978123495,6.956653532433352,147.8658777028035
108,Z40+9.000_Z20-1.875_rmswaves,9.0,-1.875,27.280023764865966,0.4402929409371398,0.7923123856009762,0.5034793912976983,0.5277311660502522,False,1.291970957857659,1.0350385347380715,0.641715212446232,15.524904498766857,31.35637334453928,91.0238778562024
109,Z40-9.000_Z20-3.750_rmswaves,-9.0,-3.75,27.29372721541455,0.45085455179630274,0.7886516168395363,0.4884843688167788,0.5780617932727901,False,0.899455826835867,1.0925627115507366,0.5879483688178756,8.899285773752684,198.60496241206744,123.71421181320918
110,Z40+12.000_Z20-1.500_rmswaves,12.0,-1.5,27.29856706026402,0.4334729702772791,0.7993898718730934,0.5109369167599851,0.508926390733182,False,0.7981665869957628,0.9934338195792277,0.5487398737221792,6.460568449448365,13.247430459059416,136.58017049286423
111,Z40-12.000_Z20+0.375_rmswaves,-12.0,0.375,27.304790632985824,0.44397768748708766,0.786699206833435,0.49652479500195235,0.5437695561667857,False,0.9467255644707296,1.0686068759371408,0.5901514399888467,9.119469255177723,111.9024211313334,131.70950887461566
112,Z40-12.000_Z20+4.875_rmswaves,-12.0,4.875,27.35037709116189,0.4265325981187155,0.8037827943868212,0.5236132205105952,0.4818974061099122,False,1.23979239089861,0.9059948523089897,0.5679323980786217,13.277683616060385,232.8044640539154,36.01027040796285
113,Z40+6.000_Z20-1.500_rmswaves,6.0,-1.5,27.382676151188477,0.42119781769141174,0.8423428920073215,0.5404433792690234,0.5023638603242995,False,0.8448993437872931,0.9035311328094867,0.5228404607308875,5.741142547896679,20.26229642089946,98.72458074401104
114,Z40-6.000_Z20-4.500_rmswaves,-6.0,-4.5,27.4012400793183,0.44243980292831864,0.7785234899328859,0.4946134347275032,0.541333301111226,False,0.8576281131607342,1.0138996924457362,0.6183003378622447,8.187307322047605,nan,nan
115,Z40-3.000_Z20-2.625_rmswaves,-3.0,-2.625,27.423369919108985,0.436917298276209,0.797803538743136,0.5069381598793363,0.537854353417405,False,0.9883305203679896,1.1999701849991686,0.6242484329306461,11.906761914799423,nan,nan
116,Z40+6.000_Z20-0.375_rmswaves,6.0,-0.375,27.48888610168436,0.4216927586852118,0.8289200732153752,0.53571184471328,0.5035569510109014,False,0.8050683471681724,0.9071538614325582,0.5150329728655745,5.362381749012462,117.9488155963176,119.77181262588773
117,Z40-6.000_Z20+0.750_rmswaves,-6.0,0.75,27.545313698905574,0.42813475132140355,0.8242830994508847,0.5263969711841828,0.5366710902329326,False,0.9922873020807177,0.9494252746684311,0.5516382828110035,8.24122764957522,64.57535414246414,16.552929596336426
118,Z40+6.000_Z20-3.000_rmswaves,6.0,-3.0,27.56832934627287,0.4173490118820415,0.8276998169615619,0.5435089844538663,0.48653280596041193,False,1.2258274870089143,0.8817176485739391,0.5417857699417281,12.729285960884642,40.04386322712638,106.52168183290756
119,Z40-9.000_Z20+1.125_rmswaves,-9.0,1.125,27.612199691923124,0.4159223800038553,0.7937766931055522,0.5311035824983782,0.4552407689531021,False,1.3177449996204584,0.9901306457646598,0.5919943734303669,15.398827298671545,34.76053354717162,114.2197354079768
120,Z40-3.000_Z20-1.500_rmswaves,-3.0,-1.5,27.635965751219114,0.4242082199057168,0.7835265405735204,0.5167456912771883,0.48911182380794266,False,1.237813449391936,1.1779914669262115,0.5399427797083634,14.73956325153376,68.47986819460391,48.85224103209586
121,Z40+3.000_Z20+1.125_rmswaves,3.0,1.125,27.694098232851932,0.4239576105468996,0.8215985356924954,0.532787454028173,0.5283812420794144,False,1.2121490678770908,0.8889033165781306,0.5892603127680125,12.895171401136126,25.273135019458866,310.04574196152294
122,Z40-3.000_Z20-5.625_rmswaves,-3.0,-5.625,27.765142188477107,0.4388796410219295,0.7399633923123856,0.48250554702167603,0.5346427536191057,False,0.7225794368601359,0.8538692441581869,0.8321670778113006,11.763996516440708,nan,nan
123,Z40-6.000_Z20-4.125_rmswaves,-6.0,-4.125,27.776263630849225,0.43210396909027043,0.7544844417327639,0.4941503722490387,0.5199646471983059,False,1.131527682138446,0.9580238330515982,0.6082263977028809,11.559877040890997,22.28034954163069,79.66238698574938
124,Z40-12.000_Z20-3.750_rmswaves,-12.0,-3.75,27.8481788310103,0.44370860927152317,0.7603416717510677,0.485509041367352,0.5851562331113793,False,0.8582906414768082,1.073016454173342,0.6086885147762701,8.662934081387776,198.34006622998288,119.50469573112909
125,Z40-12.000_Z20+1.125_rmswaves,-12.0,1.125,27.87160446909915,0.4203089056851791,0.7842586943258084,0.522049527775712,0.49883300317258006,False,1.3282483321522691,0.952905573352582,0.6499013361590044,16.065615407713782,33.71650417428269,213.20607530609368
126,Z40+3.000_Z20+5.250_rmswaves,3.0,5.25,27.87914622927308,0.47452929370161523,0.6058572300183038,0.3165863730213352,0.7029917141130685,False,1.3224660998604867,0.8629301338283628,0.8432604050763756,18.16097455239902,44.587974310704084,140.8138407634363
127,Z40+0.000_Z20-4.500_rmswaves,0.0,-4.5,27.8792492042795,0.4569666111818271,0.5694935936546675,0.305195771921989,0.6128564706580395,False,2.8793110808864557,3.580948884872355,0.7677239982448782,85.88905175106629,243.08429837126042,319.2709655325506
128,Z40+9.000_Z20-5.625_rmswaves,9.0,-5.625,27.89987871446513,0.4151811758605043,0.7825503355704698,0.5308361986977833,0.4711001786263579,False,1.2671591309032202,0.8960642334986682,0.5792800707437215,13.98621594706211,222.07597618379785,49.91457778742275
129,Z40-9.000_Z20-1.125_rmswaves,-9.0,-1.125,27.93535089092775,0.4163342705813117,0.7808419768151311,0.5258946432540564,0.48366591899687766,False,1.288393030793462,1.0578712872303724,0.6716095948356693,15.89558980325108,26.981803616999827,231.4603614996838
130,Z40-12.000_Z20+0.000_rmswaves,-12.0,0.0,27.959609554986656,0.4196068047924803,0.7774252593044539,0.5203643755175789,0.49956488665615245,False,1.3389125242488609,0.9972688598432022,0.6803651346954446,16.731774159708795,28.698290489322567,217.8584812379546
131,Z40-9.000_Z20+4.125_rmswaves,-9.0,4.125,27.965550322182356,0.411297940676365,0.800366076876144,0.5396223766406962,0.4808754110441494,False,1.0941746745584575,0.9784021390202056,0.5360658249251198,10.048967501322801,25.41529107880825,128.99578847195815
132,Z40+6.000_Z20-4.875_rmswaves,6.0,-4.875,27.996479591354138,0.4100289752232275,0.8500305064063454,0.5557964545338605,0.5310155544409061,False,0.8855604697995212,0.9198968634572086,0.5405445304615188,6.471878386621465,nan,nan
133,Z40-12.000_Z20+1.500_rmswaves,-12.0,1.5,28.025054877820082,0.4292925847602156,0.7679072605247101,0.5079365079365079,0.5408404685013605,False,1.017823852855917,1.0516111905927932,0.607041429591083,10.147875439087715,111.17164913241409,126.54652121896063
134,Z40+12.000_Z20-5.625_rmswaves,12.0,-5.625,28.031167975565392,0.4170779528091407,0.7527760829774253,0.5179338907556459,0.46723730382793777,False,1.2627387938151524,0.8617017007104433,0.6282515692996707,14.407751397087248,57.78780721329626,34.40450667631299
135,Z40-12.000_Z20-1.125_rmswaves,-12.0,-1.125,28.069279178294668,0.42057317640800584,0.7757169005491154,0.5184455723051284,0.5159400229853579,False,1.2738355267223416,0.980301920051953,0.6703788350909958,15.208279202912836,25.431927830403787,93.22553784381893
136,Z40+6.000_Z20-4.125_rmswaves,6.0,-4.125,28.08036437909091,0.4006365984024983,0.8179377669310556,0.5578204367042681,0.4617295160385859,False,1.209494066155983,0.9512209538430223,0.583295719998476,12.842839727187672,27.904275000724333,118.51132759117877
137,Z40-6.000_Z20-3.375_rmswaves,-6.0,-3.375,28.08227038215304,0.4317233576126158,0.7488712629652227,0.4920963336919639,0.5502049126061009,False,1.0575910959160535,0.9002477480145165,0.6422407450360168,10.579999635074975,62.84317040099384,61.48333009676978
138,Z40-3.000_Z20-3.375_rmswaves,-3.0,-3.375,28.08245316538804,0.44415972667093745,0.7653447223917023,0.4827643080983012,0.6262441812994785,False,0.871456922185865,1.1802126291843928,0.7374565004989103,12.277677409455412,nan,nan
139,Z40-9.000_Z20-2.250_rmswaves,-9.0,-2.25,28.108734080600115,0.4242567248702218,0.7718120805369127,0.5120728226490782,0.5354271511144308,False,1.1975527586691483,0.9783385365211574,0.5985916071353242,12.843350517344371,23.537267245269,81.41214805482156
140,Z40-12.000_Z20-0.750_rmswaves,-12.0,-0.75,28.150735774579218,0.4380340371442695,0.7569249542403905,0.49159904925825754,0.5901792618555142,False,0.9590638703030572,1.1126699375181621,0.6355547324782734,10.474301481863876,114.81626089288247,112.80000508493238
141,Z40-9.000_Z20+4.875_rmswaves,-9.0,4.875,28.190358474659874,0.41611707807298537,0.8123245881635144,0.5371619272752555,0.5439382425105298,False,1.0439732254005778,0.9470964033131736,0.6006053821294248,9.815505960043602,148.9236514463857,21.151265088477892
142,Z40+3.000_Z20+0.750_rmswaves,3.0,0.75,28.19352429827262,0.4267391166993113,0.8280658938377059,0.529338327091136,0.6115316160105031,False,0.7840172544092457,0.8990978007045421,0.5477283356628155,5.9591836985027316,nan,nan
143,Z40+3.000_Z20+4.875_rmswaves,3.0,4.875,28.20627940012235,0.44407865468458046,0.6090298962782185,0.38130655758026527,0.5585745001153537,False,2.115109214631469,0.520808385476728,0.8015888096692682,36.54384645725277,47.80022348203917,197.27504905392118
144,Z40-12.000_Z20+2.250_rmswaves,-12.0,2.25,28.232008472535348,0.4171976614333574,0.7788895668090299,0.5240474237566177,0.5216972155829324,False,1.2547397109354945,0.8950283722577289,0.6169698594565387,14.090655617484687,48.651440666664456,37.59129498416034
145,Z40-9.000_Z20+0.000_rmswaves,-9.0,0.0,28.251151506712343,0.4084999029691442,0.774496644295302,0.5336859892733818,0.4768538722457942,False,1.3044209632805115,1.0447439132080112,0.6581390875233194,16.005017638576206,30.027112101981807,108.7093489108575
146,Z40-3.000_Z20-2.250_rmswaves,-3.0,-2.25,28.289256278604707,0.414571678910831,0.7544844417327639,0.5178947368421053,0.49331034750104585,False,1.401149076624036,1.2020608777019248,0.5351469911813758,18.340890814004027,32.37400957955374,242.57897904309758
147,Z40+9.000_Z20-4.500_rmswaves,9.0,-4.5,28.29039894965279,0.40577380569665017,0.7710799267846248,0.5387927888475293,0.4605999979539287,False,1.1498957435076913,0.8694695582403,0.6172439961282093,11.956068455152531,63.07989292877203,24.631065197087437
148,Z40+0.000_Z20+1.125_rmswaves,0.0,1.125,28.297308931654072,0.41862261572285936,0.863575350823673,0.5495512698109605,0.6225810404861358,False,0.5998142542451992,1.2314421454311881,0.45497928908148016,10.252166810898428,22.075589665491748,274.8890330724602
149,Z40+9.000_Z20-3.000_rmswaves,9.0,-3.0,28.307762600998938,0.4198026539639333,0.7527760829774253,0.514290213369026,0.5140682784242713,False,1.3741184900949885,1.0077514677001933,0.6498198246674889,17.22878802290206,35.025631498111416,105.78878166809432
150,Z40-9.000_Z20-1.875_rmswaves,-9.0,-1.875,28.32398366011351,0.4371894464273217,0.7627821842586944,0.49478703628869314,0.6124391004505882,False,0.9704337922932178,1.1723824522085986,0.6374568382200992,11.456779374606025,199.66483892749665,115.07746508211625
151,Z40+12.000_Z20+1.500_rmswaves,12.0,1.5,28.486094618592126,0.4199595790647432,0.736790726052471,0.5055682934818212,0.5250437402812594,False,0.9210138586623421,1.0652589296463013,0.6489354323773222,9.73051309072056,117.5152937774476,114.47875254186681
152,Z40-3.000_Z20-3.750_rmswaves,-3.0,-3.75,28.597013371474944,0.4186780133519184,0.6964002440512508,0.4893064876957494,0.498316279166,False,1.2924752514486548,1.1233986258070825,0.7045442946331205,16.811184525016543,133.73830748999367,170.21613067236945
153,Z40+6.000_Z20+0.000_rmswaves,6.0,0.0,28.607282746458182,0.411242044237192,0.8002440512507627,0.5392074198988196,0.5581550093144725,False,0.7622844760319448,0.7114104039438613,0.6874075418122186,9.918677558977885,nan,nan
154,Z40+9.000_Z20-6.000_rmswaves,9.0,-6.0,28.66163358028507,0.40468896530165677,0.7923123856009762,0.5461027612722824,0.5227773620322189,False,0.9618753183620491,0.8930317514949389,0.6295751432130218,8.932353770993034,67.8744850634018,7.835233953853578
155,Z40-6.000_Z20-0.375_rmswaves,-6.0,-0.375,28.66627006103623,0.41855159376833323,0.787431360585723,0.5254798146922568,0.5885345074695468,False,1.0600783521510353,0.9165932759762668,0.5821089488404256,9.778223573756918,58.99596187519289,41.68461576096662
156,Z40+3.000_Z20+0.000_rmswaves,3.0,0.0,28.714838548588418,0.42702669680493616,0.8568639414276998,0.5379047117662543,0.7052995607375866,False,0.8592507708824502,0.7698141617090335,0.5100268222687082,6.473820718921285,nan,nan
157,Z40-12.000_Z20+3.000_rmswaves,-12.0,3.0,28.721782827706267,0.4135032011899373,0.7841366687004271,0.530743391266248,0.5672134590458328,False,0.8139293604745891,0.9152673849988485,0.5998573233932658,7.081295853564213,nan,nan
158,Z40+6.000_Z20+1.500_rmswaves,6.0,1.5,28.726784800714874,0.4024350543655186,0.7557046979865771,0.5370411901024146,0.4825146010085849,False,0.983103425598201,1.0250737348159231,0.5877373476321105,9.116900912261073,208.4444035636306,119.81148746813025
159,Z40+3.000_Z20+2.250_rmswaves,3.0,2.25,28.754750594416837,0.42255628868784434,0.761928004881025,0.5102745098039215,0.5957191800092085,False,0.46007954995034395,0.7427175431296386,0.671821144354863,12.152374789031969,nan,nan
160,Z40-9.000_Z20+5.625_rmswaves,-9.0,5.625,28.786512985166656,0.39659126123334365,0.7847467968273337,0.5525015656530513,0.49252318868145334,False,1.1106909894426906,0.9581890583039293,0.5615689849267512,10.58741999531325,23.77817388404853,130.0912023747355
161,Z40+12.000_Z20+6.000_rmswaves,12.0,6.0,28.84030194926686,0.4252559726962457,0.6841976815131178,0.4724809483488569,0.5541792517471512,False,1.0344129721530726,1.2170574063755188,0.6951591057730881,13.613820200903573,118.86460388292832,126.48796519879372
162,Z40+9.000_Z20+4.125_rmswaves,9.0,4.125,28.944319486312594,0.40955898018606635,0.7037217815741306,0.5064612751390671,0.49788603856830554,False,1.1412484568788295,1.2538083648372507,0.7011730864283202,15.650953754418264,121.9743430771602,122.63753094191756
163,Z40-9.000_Z20+2.625_rmswaves,-9.0,2.625,28.957100208781835,0.39751513220770945,0.7618059792556436,0.5466560162660664,0.49012236616131466,False,1.1740225393517931,1.0108839772675828,0.5927364239075813,12.455278424399383,29.640596957687066,109.67307371849502
164,Z40+3.000_Z20+1.875_rmswaves,3.0,1.875,28.985383983570248,0.43904564037262916,0.8032946918852959,0.5053723044556315,0.7422665802908139,False,1.0255900800071156,0.882154653561898,0.6185869697032643,9.704392209325238,24.623307990121727,120.2909440076525
165,Z40-9.000_Z20+1.875_rmswaves,-9.0,1.875,29.018670121582634,0.4086131107855004,0.7865771812080536,0.5378548895899053,0.5811631843736397,False,0.8654735237561,0.8980978172513278,0.6293357017189607,7.925753755158759,nan,nan
166,Z40-9.000_Z20-4.125_rmswaves,-9.0,-4.125,29.027265988389225,0.4211415062478892,0.7647345942647956,0.5133183194843519,0.62382084952104,False,1.1126497985943655,0.9936416310797311,0.6683618518775913,12.146773189880916,18.100596412995174,83.29314578779457
167,Z40-6.000_Z20-2.625_rmswaves,-6.0,-2.625,29.030385940800947,0.4019023377319311,0.7341061622940818,0.528748237505875,0.4973902132742167,False,0.9173408479762952,0.9849956411833173,0.6448796429177059,8.943447187131234,nan,nan
168,Z40+9.000_Z20+1.500_rmswaves,9.0,1.5,29.0354221935148,0.40862366333218353,0.7232458816351434,0.5163606691146471,0.5204494719990713,False,1.1201811974026423,1.2606840323599366,0.6820959499072656,15.228100240746269,119.90754977852986,117.69327790094286
169,Z40-9.000_Z20+3.375_rmswaves,-9.0,3.375,29.04105835845194,0.4050962699370909,0.7818181818181819,0.5406839199942648,0.5619172055613814,False,1.0077230276626696,0.909259810556359,0.6164756174369533,9.383169292829768,69.20289644812165,18.14763691896368
170,Z40+9.000_Z20-5.250_rmswaves,9.0,-5.25,29.06365593882397,0.39364303178484106,0.7701037217815742,0.5513613421482904,0.4966813774633249,False,1.1978513559892068,1.0462681965210003,0.6285416608340245,13.546748729830949,24.434218198543064,128.67926216713948
171,Z40-6.000_Z20-5.250_rmswaves,-6.0,-5.25,29.087790986761178,0.41705566780464015,0.7304453935326418,0.508377135348226,0.5748043091018857,False,0.7953448359375749,0.9589079750591959,0.7720063172368784,10.563004515719431,nan,nan
172,Z40-12.000_Z20-5.625_rmswaves,-12.0,-5.625,29.098977675712252,0.4267262791852956,0.7337400854179378,0.49644083410099654,0.628005035616769,False,0.8956526359265818,1.0851348398262148,0.6487273523044241,9.733661391571728,114.59136622365733,123.9589985582804
173,Z40+12.000_Z20-0.375_rmswaves,12.0,-0.375,29.120106213302236,0.41225969761236914,0.7392312385600976,0.5145833333333333,0.568163696273522,False,0.7332847671708346,0.927544339601552,0.6195013849619286,7.493451733503133,nan,nan
174,Z40+6.000_Z20-0.750_rmswaves,6.0,-0.75,29.122003183717283,0.41815002185997124,0.8194020744356315,0.5382658323592107,0.6707948107406184,False,0.9551141641830616,0.8061736421741565,0.6133890396973815,8.870365011588168,23.685944592042254,74.92030890151507
175,Z40-12.000_Z20+4.500_rmswaves,-12.0,4.5,29.165002654537933,0.41299091681369665,0.7751067724222087,0.5280832095096583,0.6093084133544681,False,0.8863582353638201,0.8802174882009103,0.7022489355605556,9.48364350765632,nan,nan
176,Z40+9.000_Z20-4.875_rmswaves,9.0,-4.875,29.193948943377677,0.41380657766199935,0.7792556436851739,0.5285693193562675,0.6207230926846791,False,0.8870945489043904,0.9767537194697493,0.6238814022852952,8.23489808374545,nan,nan
177,Z40-3.000_Z20-3.000_rmswaves,-3.0,-3.0,29.20130202248046,0.3959953209936008,0.7061622940817571,0.522721649484536,0.4673031725742893,False,1.4383100548268577,1.2915968564477522,0.6638266262731868,21.009528285421467,39.718411551325374,258.24993741645426
178,Z40+12.000_Z20+1.125_rmswaves,12.0,1.125,29.2212965117488,0.4283107586497298,0.74862721171446,0.4966773320206744,0.6694126768997241,False,1.0940170184933842,0.9135838693583479,0.7611128314320516,12.991973985682497,20.02384435876606,74.17190628184993
179,Z40-12.000_Z20+3.750_rmswaves,-12.0,3.75,29.22918544319011,0.39810271508014394,0.7425259304453935,0.539259483607178,0.5067100686805686,False,1.2915826496659712,0.9711937532017454,0.6670976536519361,15.511392025182909,31.847213770095166,102.87255022972832
180,Z40-9.000_Z20-6.000_rmswaves,-9.0,-6.0,29.231665607053777,0.41230616724491964,0.7144600366076876,0.5030976831027751,0.5617619048385808,False,0.969577750258419,0.8138394615838703,0.6839909513324927,10.186607575374493,13.993461414835444,72.7223560865545
181,Z40-9.000_Z20-5.250_rmswaves,-9.0,-5.25,29.237050665430026,0.42165283291230604,0.7167785234899329,0.4907230795907751,0.6124877444372583,False,0.9029238594135537,0.7886278901649431,0.7703747146395622,11.235697546629378,nan,nan
182,Z40+3.000_Z20+3.000_rmswaves,3.0,3.0,29.240186540362686,0.4024764080062511,0.8209884075655888,0.556493078444298,0.6129946025442119,False,0.43477800842160863,0.9271485511987981,0.6344920852626937,11.462486493935392,nan,nan
183,Z40-12.000_Z20-2.250_rmswaves,-12.0,-2.25,29.25548636393404,0.4124105343617539,0.7281269066503966,0.509413795938502,0.5759596328251884,False,1.1654185146133262,0.8966500623175924,0.6472747704875856,12.612298333835518,23.583548830921476,70.92646970473432
184,Z40+12.000_Z20+0.000_rmswaves,12.0,0.0,29.262212535390052,0.4152536555227569,0.7420378279438682,0.5116839315827512,0.6027573153567525,False,1.0226792635832154,0.8290951406244718,0.7062389215122354,11.180239933456459,55.93225415410856,48.93557903924638
185,Z40+6.000_Z20+2.250_rmswaves,6.0,2.25,29.297111828482162,0.3907335415206169,0.7520439292251373,0.5487956658613369,0.4927264390254111,False,1.0408241651611176,1.007325077691408,0.6926136128549256,11.420535263101064,122.400599509542,117.33371843697142
186,Z40+9.000_Z20+0.000_rmswaves,9.0,0.0,29.297120687822698,0.4064559068219634,0.7491153142159853,0.5266404503045724,0.5687344988717339,False,0.9990053053200475,0.8231335230971153,0.679398350710375,10.44061165233612,61.52360467424788,41.18029454035505
187,Z40+6.000_Z20-3.375_rmswaves,6.0,-3.375,29.30787146367185,0.3920943384874556,0.7991458206223306,0.5626711185308848,0.5479396442401575,False,0.9358136648526486,0.8079168605574373,0.639882539987483,9.073029140542713,65.5891278737868,10.666748508135171
188,Z40-9.000_Z20-5.625_rmswaves,-9.0,-5.625,29.373790152911806,0.4299374252970541,0.7496034167175106,0.49544147843942504,0.6959100016577068,False,0.9273375509592834,1.086136899190788,0.6382119524925642,9.855526042119573,116.77440380349407,124.61787639244301
189,Z40-9.000_Z20-3.375_rmswaves,-9.0,-3.375,29.426545439963995,0.41787022320503076,0.7417937766931055,0.5079724807770134,0.63552806628491,False,0.9855547201491387,0.8347045466819847,0.7168717574958571,10.851786018121388,59.9679253704805,60.907681927942804
190,Z40-3.000_Z20-4.875_rmswaves,-3.0,-4.875,29.455694331565898,0.40783733826247687,0.6769981696156193,0.4899797756940614,0.5387229254576752,False,0.8656342991156113,1.010333503355833,0.6858322109514239,9.440536438260906,nan,nan
191,Z40+6.000_Z20+1.875_rmswaves,6.0,1.875,29.473388883491108,0.4093059425831119,0.7746186699206833,0.5326855123674912,0.6276242300980569,False,0.6932545524092811,0.7504826573601283,0.6950374526563897,9.841823644743583,nan,nan
192,Z40+9.000_Z20+1.125_rmswaves,9.0,1.125,29.494000970254298,0.42044286008089393,0.7522879804759,0.5090387831488413,0.6654824926637857,False,1.013497079349735,0.9416865155365579,0.7066375197895784,10.979261488248186,10.545742385205383,71.73443242894942
193,Z40+12.000_Z20-4.875_rmswaves,12.0,-4.875,29.53442926782465,0.4139231131757894,0.7541183648566199,0.5186166069481227,0.6391534885290722,False,0.8420068374925489,0.93830254198487,0.6552062301961608,8.34221830401826,nan,nan
194,Z40-12.000_Z20-4.125_rmswaves,-12.0,-4.125,29.59155387252682,0.41139798061936705,0.7447223917022575,0.5181208053691275,0.6250827860610145,False,1.1689395667839557,1.017647914485884,0.7224243321596507,13.99530287849667,18.692189818036994,85.97120632016754
195,Z40-12.000_Z20+5.250_rmswaves,-12.0,5.25,29.721366906699735,0.3897840694109205,0.7310555216595485,0.5440986226314588,0.5163515855788637,False,1.2107836507039103,0.9638524279701284,0.6490459045259249,13.632237187567803,27.156155908151725,114.0377601632691
196,Z40-12.000_Z20-5.250_rmswaves,-12.0,-5.25,29.740022678280738,0.41454807346056893,0.7062843197071385,0.4957309635825057,0.6282769759623444,False,0.9376141574349197,0.805750675879474,0.7721335419460518,11.453130384613756,0.9928153451006533,62.505953712752486
197,Z40+9.000_Z20+3.375_rmswaves,9.0,3.375,29.831239481332815,0.40735825407358256,0.6741915802318487,0.494279176201373,0.5716921060263992,False,1.0391531825427758,1.217623390798193,0.6787088427342068,13.467443234253878,118.06510947995471,125.4728448015045
198,Z40-6.000_Z20-1.500_rmswaves,-6.0,-1.5,29.89793893954912,0.39552287796231866,0.7391092129347163,0.5374570446735395,0.576799559024616,False,0.9718799103002747,0.9068016281250212,0.681663053063921,9.956647028734343,63.45447234031311,37.76907157892044
199,Z40-6.000_Z20-6.000_rmswaves,-6.0,-6.0,29.914443637396335,0.4084156656478783,0.7011592434411227,0.5068657741160316,0.6064204374188319,False,0.750787658058759,0.9965465073150481,0.8539108539517455,12.338336381416816,nan,nan
200,Z40+12.000_Z20-4.500_rmswaves,12.0,-4.5,29.921321432196407,0.3872694824509221,0.7188529591214154,0.5406627680311891,0.5196523058516748,False,1.1630344858345503,0.8366626667839895,0.7130458766340909,13.52392899766563,60.690429440985575,24.985409715806888
201,Z40-6.000_Z20-3.000_rmswaves,-6.0,-3.0,29.93022851734318,0.3989406918197868,0.747895057962172,0.5367697075051017,0.6051375232261478,False,1.1253756310405076,1.2560417362657483,0.6910061435499547,15.335688482875021,123.396351142968,268.9847906077826
202,Z40+3.000_Z20+3.750_rmswaves,3.0,3.75,29.940136161112513,0.42302942244823827,0.7144600366076876,0.487527352297593,0.7023036331433581,False,1.0291136153717666,0.5315398992614954,0.7901477079971997,15.539605645559579,26.141295033968678,162.25037364089974
203,Z40-12.000_Z20+6.000_rmswaves,-12.0,6.0,29.981908138446173,0.3992854822994479,0.7539963392312385,0.5381568129157636,0.6194447129850966,False,0.9793372696160166,0.9141321292861244,0.7031058382077471,10.426831352149438,68.67643132231473,8.857757852341042
204,Z40-12.000_Z20-2.625_rmswaves,-12.0,-2.625,30.00237075541593,0.391028636272612,0.7177547284929835,0.5359734932155255,0.546042252383935,False,0.7346257654772453,0.8826453801944593,0.7194896078426167,9.446989032042893,nan,nan
205,Z40+9.000_Z20+1.875_rmswaves,9.0,1.875,30.055157205319215,0.39930143206426827,0.7014032946918853,0.5156723963599595,0.5831195083289994,False,0.8497308474493459,0.9037262593232347,0.8167987103704086,11.494411428520163,nan,nan
206,Z40+12.000_Z20+3.375_rmswaves,12.0,3.375,30.101631041525344,0.3992604944537084,0.6719951189749848,0.5055221334291101,0.5596866866629784,False,1.1843613399121715,1.3457977618386001,0.726537349073714,17.931141032003136,118.68710281365519,119.0139494620486
207,Z40-3.000_Z20-4.125_rmswaves,-3.0,-4.125,30.106594414225658,0.4035803795202291,0.6916412446613789,0.5044588214722854,0.6043061030514063,False,0.880890348772776,1.064422980886895,0.682825764067486,9.969696681989893,nan,nan
208,Z40-12.000_Z20+2.625_rmswaves,-12.0,2.625,30.13534255926595,0.39046984338553814,0.714948139109213,0.5386977403354066,0.5520262354292381,False,1.1560159497541724,1.0328738820667127,0.6688658566665974,13.149669632300565,29.050329577003886,105.48445349514367
209,Z40-12.000_Z20+3.375_rmswaves,-12.0,3.375,30.160827375447738,0.3931751706207345,0.7420378279438682,0.5417828347524678,0.5992072867030325,False,1.0890158821150924,0.8578079338300393,0.6604036627118589,11.425991475852527,62.402475457068796,25.571609008956145
210,Z40+12.000_Z20+3.750_rmswaves,12.0,3.75,30.257937910331215,0.40135304066475475,0.6699206833435022,0.49605287314117863,0.5958133865374957,False,0.8575078925104996,0.9364299111055814,0.8546294306079846,12.309402848786075,nan,nan
211,Z40+12.000_Z20-3.000_rmswaves,12.0,-3.0,30.259817194858037,0.3982723505864176,0.6920073215375229,0.5172384438580063,0.5881484316614919,False,1.3556548173715621,1.0419276158510333,0.7614837731955281,18.146519277038802,29.28477029602131,99.49519084640889
212,Z40+0.000_Z20-4.125_rmswaves,0.0,-4.125,30.34491277965112,0.4074074074074074,0.4818791946308725,0.27924803796313197,0.6675584907819676,False,3.486089642289153,4.826368049079398,0.9257853359064618,120.10656911115959,212.37440175877674,570.3423293877579
213,Z40+9.000_Z20-4.125_rmswaves,9.0,-4.125,30.345936186061294,0.3819449010454336,0.7103111653447224,0.5471800855698172,0.5320436651260142,False,1.3650230500954383,1.0376328708645095,0.6998874818579919,17.655672047772214,30.043674633518755,105.6681968519218
214,Z40-6.000_Z20-4.875_rmswaves,-6.0,-4.875,30.392253732868156,0.3921198124431381,0.687614399023795,0.5195668854974849,0.5755011555630578,False,1.16926757422276,1.0479026290793136,0.7380289778747959,14.39156202491771,24.92842146066597,105.78443086421275
215,Z40+9.000_Z20+3.750_rmswaves,9.0,3.75,30.401163978487844,0.4006724764976326,0.7164124466137889,0.52069556698506,0.6437324263545325,False,0.9135624431151861,0.9548104303118348,0.7418504314648943,10.535533662721049,5.613455328620299,69.63464075365476
216,Z40-9.000_Z20-2.625_rmswaves,-9.0,-2.625,30.4146983617409,0.38133107359363794,0.7172666259914582,0.5488179306109917,0.5464300672605215,False,0.7849668799670431,0.8916003526104903,0.7224241843174396,9.453036938423812,nan,nan
217,Z40+12.000_Z20-5.250_rmswaves,12.0,-5.25,30.48862906713153,0.38578713822107424,0.7147040878584503,0.541023430765614,0.5765178883582606,False,1.321506734355002,1.0679893488289975,0.7465213697077902,17.44294514178398,26.591794222872522,110.34018956158661
218,Z40-9.000_Z20+0.750_rmswaves,-9.0,0.75,30.50573311277909,0.3958702064896755,0.7408175716900549,0.5376589749447871,0.6530364881204193,False,0.9070078137256606,0.83959719735986,0.6852924122587324,9.436017689676529,62.09111672792676,10.874294694588556
219,Z40-12.000_Z20-1.875_rmswaves,-12.0,-1.875,30.581501956748518,0.4069396154119066,0.7003050640634533,0.5080154307758251,0.6790335309769838,False,1.0483200319392239,1.1781569115707742,0.7551772974100993,14.079810024569985,119.0669301626691,109.90781253755681
220,Z40+3.000_Z20+3.375_rmswaves,3.0,3.375,30.630694335878545,0.40958211006308953,0.8040268456375839,0.5425258626674998,0.7966811249498202,False,0.9710039624114097,0.7934844229472708,0.6339197902853553,9.494316100762871,89.48304025442114,231.0020727080789
221,Z40+12.000_Z20-1.875_rmswaves,12.0,-1.875,30.667011740413088,0.3926912142015117,0.6910311165344722,0.5249559600704639,0.6072277861501184,False,1.2875902523442226,1.0549541131549898,0.7680241578445905,16.96495745190984,28.244626719015116,91.42690722810974
222,Z40+12.000_Z20+3.000_rmswaves,12.0,3.0,30.669642823084885,0.4091719563511875,0.7039658328248932,0.5024579560155239,0.7101348230378033,False,1.0074342863512087,1.0044348285928846,0.781869846387669,12.42457017242324,6.7676298137479405,75.96235169759642
223,Z40-12.000_Z20-6.000_rmswaves,-12.0,-6.0,30.675672577440558,0.4027043722973437,0.7198291641244662,0.5193514218202558,0.6899104396412138,False,1.0524244083390935,0.9282819710321933,0.725762450563412,11.818602758744637,13.465984561904177,78.84596970547514
224,Z40+9.000_Z20+4.500_rmswaves,9.0,4.5,30.76991746430569,0.39070867236942763,0.689444783404515,0.5225621091769478,0.6148401241663164,False,0.7377952943287149,0.8627143992134138,0.8481682414164643,12.028283485687146,nan,nan
225,Z40+12.000_Z20-6.000_rmswaves,12.0,-6.0,30.79352600133013,0.3948895117658562,0.7431360585723001,0.5398912058023572,0.6847589346120987,False,0.8943374788696132,0.8830322528906176,0.761085178103557,10.663717897353392,nan,nan
226,Z40+9.000_Z20-0.750_rmswaves,9.0,-0.75,30.8359201125459,0.39088145896656534,0.7071384990848079,0.5337517097111594,0.6330349744656767,False,1.230790835559575,1.0675417389493678,0.7734040837868006,16.066735382001966,26.523878676176306,88.72983929722855
227,Z40+12.000_Z20+1.875_rmswaves,12.0,1.875,30.89245434215043,0.3925499395748916,0.6777303233679073,0.5139156310169788,0.6304663783091192,False,0.9037191481020361,0.8181895766059143,0.8023465174319736,11.687044700769764,nan,nan
228,Z40+12.000_Z20+5.250_rmswaves,12.0,5.25,30.952524317040194,0.40364643434110314,0.640268456375839,0.4796191609639988,0.6662161641858928,False,0.9397035897001658,1.1473092579650264,0.7940471744963352,13.206923165750617,110.6073112212687,22.46543144835779
229,Z40-12.000_Z20-3.375_rmswaves,-12.0,-3.375,30.995079410591366,0.3983499048022001,0.6932275777913361,0.5130710551127111,0.6846940276955015,False,0.9404373603357625,0.7934141234341444,0.78887868050287,11.84836022447885,12.867752525232435,54.700291837481466
230,Z40-9.000_Z20-0.375_rmswaves,-9.0,-0.375,30.99618396169869,0.3918407960199005,0.7247101891397193,0.5367033309930572,0.6770747506835377,False,0.9303240341130703,0.8158810605818767,0.7210931677201995,10.408243016993328,61.362502654935994,18.761483403790702
231,Z40+3.000_Z20+5.625_rmswaves,3.0,5.625,31.00606167275559,0.4154261164951544,0.5073825503355704,0.30746169220519654,0.7668870374116946,False,0.10932176986445037,2.195202940169487,1.0483024616863845,39.776387786581104,nan,nan
232,Z40+6.000_Z20+5.625_rmswaves,6.0,5.625,31.007779078462388,0.39139998580855745,0.6745576571079926,0.5170365193080552,0.6314151535410653,False,0.41454221250519163,0.667507526035055,0.7918523167714165,15.206271601552002,nan,nan
233,Z40+6.000_Z20+0.750_rmswaves,6.0,0.75,31.099191178109493,0.37519984651787425,0.7198291641244662,0.5578292481822952,0.6005023548400183,False,0.779735492546709,0.8520571449297646,0.6897139463492085,8.869589768088009,103.5045178848391,11.958572197695016
234,Z40+3.000_Z20+1.500_rmswaves,3.0,1.5,31.11980695705169,0.37081147793890773,0.737156802928615,0.5700661874599673,0.5974471918658977,False,0.8216753779155165,0.7275658094875014,0.6199239193786502,8.6225439553157,77.27157435326356,8.504588575374028
235,Z40-12.000_Z20+1.875_rmswaves,-12.0,1.875,31.165008577150402,0.38623678508109527,0.7216595485051861,0.5432499227679951,0.6661258231071203,False,0.8207632152864898,0.8545387243572157,0.7244478621218792,9.622741152466698,nan,nan
236,Z40+12.000_Z20-4.125_rmswaves,12.0,-4.125,31.19261426695499,0.3821616811554521,0.6812690665039658,0.5358716435281403,0.607694889964694,False,1.376312040728388,1.0485518231511841,0.7729924410511904,18.72357936086578,28.735908067805934,101.84925067704751
237,Z40+9.000_Z20-3.375_rmswaves,9.0,-3.375,31.225413126141504,0.37299302756988423,0.7154362416107383,0.5592060747312232,0.6003739081659064,False,0.9655906968944578,0.8321434343553522,0.7623058353871537,11.43333183729232,63.04196742566549,13.512642944045979
238,Z40+12.000_Z20+5.625_rmswaves,12.0,5.625,31.262494805021575,0.40352148395043835,0.6834655277608298,0.5002230748639244,0.7369275077992624,False,1.020044869465201,1.037544779996911,0.7967167678359987,13.024789717130592,14.241314327393065,95.88622042823687
239,Z40-9.000_Z20-3.000_rmswaves,-9.0,-3.0,31.274121830037398,0.3844328741844065,0.7132397803538744,0.5448882659814686,0.6587205137163158,False,1.13294760245033,1.2293186333293815,0.7977015673778226,16.40825608695683,123.70895054054688,112.58878858707082
240,Z40+6.000_Z20-2.250_rmswaves,6.0,-2.25,31.279589702017013,0.3705033818160053,0.7592434411226358,0.577711415773042,0.6373589477144481,False,0.7649740915030091,0.7670753663950781,0.7053766400469316,9.680255537134007,nan,nan
241,Z40+3.000_Z20+2.625_rmswaves,3.0,2.625,31.3627207147154,0.36665624022521115,0.7190970103721781,0.5693195936563619,0.5881613315152061,False,0.8110547767641678,0.7819380588936397,0.6983171168052483,9.470477514541988,23.46737641610168,143.05073494272438
242,Z40+6.000_Z20+5.250_rmswaves,6.0,5.25,31.39684191848385,0.37268781302170284,0.6849298352654057,0.5470830307431614,0.592454676066537,False,0.9782933173281466,0.7498209363179061,0.8630575183628533,13.792921206210575,23.38304236236505,121.25307889334013
243,Z40+6.000_Z20+1.125_rmswaves,6.0,1.125,31.54454487077419,0.3933388736175925,0.7547284929835265,0.5463214259517347,0.7779726058933677,False,0.8728356202643451,0.8515743397154668,0.677771236095391,8.982565856801672,11.99172724860944,75.20037122088178
244,Z40+6.000_Z20+6.000_rmswaves,6.0,6.0,31.575646865391178,0.39477493623767834,0.7027455765710799,0.5229061386794798,0.743161589397377,False,0.8574609920811209,0.7450045617205687,0.7422154439592531,10.7674979543119,244.99272124893082,131.62262005901962
245,Z40+6.000_Z20-1.125_rmswaves,6.0,-1.125,31.582014297327277,0.37013901647375835,0.7414276998169615,0.5724137931034483,0.6537796251708181,False,0.7619930592663572,0.7219906315477894,0.6912807131249976,9.866409377386674,nan,nan
246,Z40-9.000_Z20-4.500_rmswaves,-9.0,-4.5,31.59585898655292,0.37291568217106597,0.6755338621110433,0.5452603909972071,0.6056603315703022,False,0.8473570417620799,0.877770006791312,0.7684664721410789,10.543218528886564,nan,nan
247,Z40+9.000_Z20+4.875_rmswaves,9.0,4.875,31.644840162999117,0.36849976208279517,0.665405735204393,0.5444063831564876,0.5843791338801375,False,1.169095364473084,1.1816532768006995,0.823176090189653,16.7150392789525,122.69646787935145,120.08257481324785
248,Z40-3.000_Z20-6.000_rmswaves,-3.0,-6.0,31.65088098904893,0.39108529843957734,0.6859060402684564,0.5202696936075787,0.7198161339959201,False,1.2568296494933975,0.8350273961990279,0.6636215035017449,14.725934984902494,191.46044342781366,252.2753584762528
249,Z40+6.000_Z20+2.625_rmswaves,6.0,2.625,31.789857034997812,0.3714267604741079,0.7189749847467968,0.5627133739052991,0.6634555418843078,False,0.5828022613468485,0.67247854772575,0.8054177136991001,13.339576473883719,nan,nan
250,Z40+9.000_Z20+0.750_rmswaves,9.0,0.75,31.842687600078563,0.37255569939360905,0.6706528370957902,0.5413119679519279,0.6328009139060479,False,0.8796390399237618,0.9477498414652086,0.7217407734156742,9.87735424417524,nan,nan
251,Z40-6.000_Z20-5.625_rmswaves,-6.0,-5.625,31.930745314627575,0.3676165988143704,0.6319707138499084,0.5285389167045972,0.5896869299163873,False,1.272395564336542,1.1598666668832038,0.8102619278521093,17.995904361574624,127.97621619223088,119.81139751319702
252,Z40+12.000_Z20+2.625_rmswaves,12.0,2.625,31.931201002590733,0.37768457589124305,0.6397803538743136,0.5185049132151712,0.6467110089733304,False,0.9586543543936791,1.0415700429521098,0.7857084878601064,12.20794926777766,100.30934413566669,9.874746857356946
253,Z40-12.000_Z20-4.875_rmswaves,-12.0,-4.875,31.978498733095087,0.3924050632911392,0.6866381940207443,0.5209840810419681,0.7631162073129926,False,1.0727062269023957,1.183163857832801,0.8396724484074877,15.676590024577106,122.34626860488258,113.32738660018907
254,Z40+12.000_Z20-0.750_rmswaves,12.0,-0.75,31.99769563985047,0.3758136348064406,0.6693105552165954,0.5397331543173618,0.6615304825502284,False,1.1845167462868145,1.1163541776328914,0.8594039378514088,16.84705249960239,24.809945872797847,92.92233442033597
255,Z40+12.000_Z20-3.375_rmswaves,12.0,-3.375,32.020415312472316,0.3653500299740225,0.673215375228798,0.552736116740981,0.619218815150471,False,0.9846556765469935,0.8022185932966454,0.8115902315145735,12.638041940573213,60.12617375785702,19.33383485516715
256,Z40-9.000_Z20-1.500_rmswaves,-9.0,-1.5,32.061030701097565,0.36939731995511255,0.6867602196461257,0.5526943252265141,0.6566144856264627,False,0.8506499922098533,0.8075556861088234,0.7762087582422295,10.934943169603,nan,nan
257,Z40+12.000_Z20-1.125_rmswaves,12.0,-1.125,32.14496620582381,0.3689940192191385,0.673947528981086,0.5476287984273897,0.6538560981868181,False,0.9489035580696381,0.7957064606628708,0.8111130382775477,12.31581918174334,59.95403592862168,24.831306851871027
258,Z40+3.000_Z20+6.000_rmswaves,3.0,6.0,32.153252982076836,0.37980026768248737,0.45015253203172667,0.2958579881656805,0.729232976695752,False,1.5142488544595158,4.3416917813085085,1.1341949641662132,89.81572964247817,120.8562685220203,53.41327551333488
259,Z40-12.000_Z20-3.000_rmswaves,-12.0,-3.0,32.20482085316617,0.37729537852413136,0.6758999389871873,0.5389161741446766,0.7019402852160999,False,1.1800322657691629,1.1915067565146584,0.8625989883407376,17.52495318040898,24.03287857384987,106.95646031718891
260,Z40+6.000_Z20+0.375_rmswaves,6.0,0.375,32.20890560738909,0.3735075326623742,0.7330079316656498,0.5649938445941053,0.7376124014811305,False,0.9982883699444458,0.9973321511719686,0.750516424298525,11.742675552520193,22.410660977847435,102.99965953816691
261,Z40+12.000_Z20+0.375_rmswaves,12.0,0.375,32.246832475364705,0.37431561438769145,0.6595485051860891,0.536727522070798,0.6767982148797754,False,1.0313998021561306,1.102501697240785,0.8641323868343127,14.781123629678486,23.97253944154615,98.72601631077463
262,Z40+9.000_Z20+0.375_rmswaves,9.0,0.375,32.259178368622216,0.3750920163287158,0.6849298352654057,0.5467904723455793,0.7035864976005529,False,1.0434498437817268,1.0875610057619636,0.836938153197952,14.342757205759865,20.1474876079285,97.06552555164482
263,Z40-12.000_Z20+0.750_rmswaves,-12.0,0.75,32.27691201555813,0.3740534745024459,0.6850518608907871,0.5451304488737644,0.7052719833998482,False,0.8573284797841887,0.8128190284593603,0.7793324618895858,10.999286871940743,nan,nan
264,Z40+9.000_Z20+2.250_rmswaves,9.0,2.25,32.31053921641623,0.37733909109603125,0.6737034777303234,0.5372558880227978,0.71395336381933,False,1.2713700460598292,1.3384032213085895,0.8734705376167393,20.771949863260236,120.777510416018,110.85799151678714
265,Z40+6.000_Z20+4.500_rmswaves,6.0,4.5,32.35026085685922,0.3678199083604489,0.6798047589993899,0.5519903498190591,0.6772126416749495,False,0.8242219758830716,0.7140919562584123,0.8794130625117439,13.46129939814834,21.122531276911545,112.44458418451845
266,Z40+9.000_Z20-2.250_rmswaves,9.0,-2.25,32.398189257930404,0.3627125268712136,0.6833435021354485,0.5609909062402006,0.6594491854081611,False,0.8682330110967004,0.8234314534634748,0.8097266120603591,11.592142450002694,nan,nan
267,Z40-12.000_Z20-4.500_rmswaves,-12.0,-4.5,32.407539334886074,0.36431690580162196,0.6442953020134228,0.5416666666666666,0.6357983906113291,False,0.7811560422913714,0.8418514878048311,0.8436586386822772,11.956610466763964,nan,nan
268,Z40+6.000_Z20+3.000_rmswaves,6.0,3.0,32.4302690433311,0.36409406666241795,0.7010372178157414,0.5661203836568235,0.6862897364253626,False,0.9314269466395282,0.8639449851109535,0.8104360961425578,11.912623507703627,23.95138485645624,113.46947036398356
269,Z40-3.000_Z20-5.250_rmswaves,-3.0,-5.25,32.43811029993476,0.36413560811305556,0.610738255033557,0.5218305149517531,0.6183416704540434,False,0.9814202126228377,1.0504259421585969,0.9121857877929379,14.72610238904909,19.520321747794533,108.02037445397052
270,Z40+9.000_Z20+2.625_rmswaves,9.0,2.625,32.443505883429445,0.3662481379016812,0.6324588163514338,0.5329368297738127,0.6412480995830089,False,0.89707681602555,1.0593094344840317,0.8235350846647272,12.542661809712254,101.08357355693835,10.195060024642906
271,Z40-9.000_Z20-4.875_rmswaves,-9.0,-4.875,32.456723382752585,0.38217288933736965,0.6971323978035388,0.5386416861826698,0.7790615413737231,False,1.0381034028369471,1.1105417401828015,0.7892768412987284,13.719771938138791,23.91629693819072,112.78889834798727
272,Z40+9.000_Z20+3.000_rmswaves,9.0,3.0,32.48443874501009,0.3824814480893266,0.676876143990238,0.5287571149435052,0.7677555372392898,False,1.15243504104866,1.1553012718585673,0.8000656586418549,15.875824896557573,16.85366931295193,99.89593107816765
273,Z40+9.000_Z20-1.125_rmswaves,9.0,-1.125,32.49866720061354,0.36082540914677536,0.6845637583892618,0.5642379990678887,0.6628049304960104,False,0.8541353730618749,0.8092849391502499,0.8083797080648638,11.561912663924202,nan,nan
274,Z40+12.000_Z20+4.125_rmswaves,12.0,4.125,32.49910626300379,0.37693582078801413,0.6405125076266016,0.5207705651419703,0.7103131276514444,False,1.2833784000143802,1.418126918505056,0.9031039803832801,22.40566940397779,120.09927625271686,114.38570577760308
275,Z40+6.000_Z20+4.875_rmswaves,6.0,4.875,32.6180532383125,0.3804251247351514,0.6830994508846858,0.5348180156224032,0.7778639156963778,False,0.4324168059336097,0.6758244134447267,0.8700709222096936,16.043808708590237,nan,nan
276,Z40-12.000_Z20-0.375_rmswaves,-12.0,-0.375,32.62182928870365,0.36887296328848623,0.6696766320927394,0.5458457464415757,0.7069847329866422,False,0.8240068754356463,0.7922161900121976,0.8113179785328943,11.601952497521339,nan,nan
277,Z40-12.000_Z20-1.500_rmswaves,-12.0,-1.5,32.63784344562116,0.360056258790436,0.6599145820622331,0.5546772068511199,0.654566052662517,False,0.7683365779078657,0.8003598401888671,0.8165920289766799,11.59208463053201,nan,nan
278,Z40+12.000_Z20-2.250_rmswaves,12.0,-2.25,32.77918379742986,0.3602421796165489,0.6573520439292251,0.5532056067015012,0.6704482503828156,False,0.9393297231292463,0.7864369549329131,0.8420514841025974,12.851014354716366,60.945790629722225,17.779841896523713
279,Z40+9.000_Z20+5.250_rmswaves,9.0,5.25,32.9356301508217,0.36711571675302246,0.6523489932885906,0.5401685876483744,0.7218933768179963,False,0.6464168230602286,0.8241533398833417,0.9271016592557562,14.03154875231026,nan,nan
280,Z40+12.000_Z20+0.750_rmswaves,12.0,0.75,32.99169656260695,0.36356101940741764,0.6457596095179988,0.5430051813471503,0.7038182879913596,False,0.7540852895509119,0.8138498806793797,0.8111400061010824,11.428163661343811,nan,nan
281,Z40+0.000_Z20-3.750_rmswaves,0.0,-3.75,33.152120815590635,0.35052324954148234,0.3964612568639414,0.2539609644087256,0.7435746851781467,False,4.108855757028021,6.6645930442212045,1.1320689181267756,167.47011425991653,191.1862712043546,525.5597308522356
282,Z40+12.000_Z20+2.250_rmswaves,12.0,2.25,33.16932445244552,0.37276307607268705,0.6597925564368518,0.5380606578385305,0.7812060104090058,False,1.1130010709585898,1.1498732032617833,0.93247598430668,17.259417225412207,18.994185200442583,102.01145741020323
283,Z40+12.000_Z20+4.500_rmswaves,12.0,4.5,33.31496560129151,0.3592240171129306,0.5967053081147041,0.5235775526110679,0.6851595567492277,False,0.8543243672725619,1.0212009413144212,0.9241656997877385,13.975316544715168,nan,nan
284,Z40+6.000_Z20+3.375_rmswaves,6.0,3.375,33.71009117288258,0.3636014590132463,0.6972544234289201,0.5653430701354024,0.8338823477259247,False,0.5327756806681473,0.6662464716828849,0.8466040440252501,14.567028372338893,nan,nan
285,Z40+6.000_Z20+3.750_rmswaves,6.0,3.75,33.754979174990716,0.3510949379426863,0.6632092739475289,0.5696413017657772,0.7442342730995726,False,0.8271455494361937,0.7332049988917281,0.8568573184707136,12.88702456941647,20.614746056127185,109.45870544922826
286,Z40+12.000_Z20+4.875_rmswaves,12.0,4.875,33.76335258194969,0.3688991420950184,0.6283099450884686,0.5243418013856813,0.814251951673199,False,1.200037453540914,1.2463199958944389,0.898385880144372,18.909412159931573,20.139792391861533,107.39706421021654
287,Z40+9.000_Z20+6.000_rmswaves,9.0,6.0,34.127942118051756,0.3632209374783632,0.6435631482611348,0.5424258198854763,0.8367218591647879,False,0.589507357009057,0.8016488666338516,0.948572689429968,14.905256235111848,nan,nan
288,Z40+6.000_Z20+4.125_rmswaves,6.0,4.125,34.14005436204095,0.3685541934228449,0.6972544234289201,0.558286951144094,0.9109203121406879,False,0.5004297020375137,0.6496853608722152,0.8749658628865428,15.537624245286592,nan,nan
289,Z40+9.000_Z20+5.625_rmswaves,9.0,5.625,34.320270706116695,0.339695957461313,0.6119585112873703,0.5634955174514753,0.7102148478717848,False,1.134060557712755,1.0570314798437808,0.9018376058735039,16.33769251194519,29.994132854936417,117.47028298397528
290,Z40+0.000_Z20-0.750_rmswaves,0.0,-0.75,34.32419675849691,0.26620115153742496,0.26516168395363027,0.0,0.8152495915623493,False,2.8320910292688843,1.2813150550569279,1.5537833208755558,58.48112061359908,289.0631904945186,49.06167739718488
291,Z40+0.000_Z20-1.125_rmswaves,0.0,-1.125,34.369989786333306,0.2893879029337197,0.2924954240390482,0.04767580452920143,0.8597919124259258,False,2.847510653345066,2.3126890904489197,1.5362380078461713,67.82722679307491,233.5131871340384,71.21924669607172
292,Z40+0.000_Z20-1.500_rmswaves,0.0,-1.5,35.87854174287982,0.28716718089361215,0.30665039658328247,0.18961625282167044,0.8424777674688328,False,2.255577125014994,7.873743525958941,1.4919256919262884,180.00435504758667,179.99460495615443,79.09174065252893
293,Z40+0.000_Z20-3.375_rmswaves,0.0,-3.375,38.16670548966871,0.2499724821133737,0.2771201952410006,0.2887566551832133,0.8124674151870473,False,5.210996932916179,10.733435869140077,1.442050884497718,270.80109527277983,117.50425537417692,485.9446786872894
294,Z40+0.000_Z20-1.875_rmswaves,0.0,-1.875,38.725358387542165,0.24770642201834864,0.28004881025015255,0.324403885781572,0.8236296592629778,False,5.124964559862778,29.89206475883739,1.5970885240710724,733.4609806415876,124.73804379485631,255.44698313639154
295,Z40+0.000_Z20-2.250_rmswaves,0.0,-2.25,38.828975110951454,0.24281984334203655,0.26101281269066506,0.23195691202872532,0.9315203943331937,False,9.686406149005247,37.456481459522585,2.2713982583611516,941.596486759972,131.75769632960845,349.99258519207353
296,Z40+0.000_Z20-3.000_rmswaves,0.0,-3.0,41.14155312518342,0.1987556938117987,0.2183038438071995,0.3189950513894176,0.8822166450840798,False,7.699169392794427,17.66045743016603,1.8753521153642587,454.58078077756596,91.33685467807427,459.15014863457804
297,Z40+0.000_Z20-2.625_rmswaves,0.0,-2.625,41.94717109139364,0.18694628238196703,0.20341671751067725,0.3114415530772408,0.9324621247632924,False,10.19128495000553,23.412701591191833,2.331024233985158,611.5402693485522,72.85698635843158,405.06788232869013
