y_m,intensity_norm,target
-0.00256,1.71786322636805e-13,0
-0.0025575,1.44425541072053e-13,0
-0.002555,8.05291338337779e-14,0
-0.0025525,2.11287918874705e-14,0
-0.00255,5.9432789283294e-16,0
-0.0025475,2.47710831423406e-14,0
-0.002545,7.27319582841284e-14,0
-0.0025425,1.17518003095225e-13,0
-0.00254,1.46105999055638e-13,0
-0.0025375,1.62063576457059e-13,0
-0.002535,1.71981124063224e-13,0
-0.0025325,1.72063773757141e-13,0
-0.00253,1.50181216839111e-13,0
-0.0025275,1.02560281804174e-13,0
-0.002525,4.84333422249878e-14,0
-0.0025225,2.54655853083213e-14,0
-0.00252,6.49254035426138e-14,0
-0.0025175,1.64483290720688e-13,0
-0.002515,2.81449833658044e-13,0
-0.0025125,3.5511269691762e-13,0
-0.00251,3.44590450642897e-13,0
-0.0025075,2.56051237822119e-13,0
-0.002505,1.40156851177472e-13,0
-0.0025025,6.15758853535759e-14,0
-0.0025,6.132803363213e-14,0
-0.0024975,1.36039660876838e-13,0
-0.002495,2.44869427999044e-13,0
-0.0024925,3.35984810740299e-13,0
-0.00249,3.73817719890508e-13,0
-0.0024875,3.51974814249578e-13,0
-0.002485,2.89493287613567e-13,0
-0.0024825,2.19036864214162e-13,0
-0.00248,1.76780061185005e-13,0
-0.0024775,1.96356981201907e-13,0
-0.002475,3.01853322377694e-13,0
-0.0024725,4.95442709197017e-13,0
-0.00247,7.44090970543756e-13,0
-0.0024675,9.7821950152828e-13,0
-0.002465,1.11307529911314e-12,0
-0.0024625,1.08861216599507e-12,0
-0.00246,9.05946428136631e-13,0
-0.0024575,6.33665851517023e-13,0
-0.002455,3.73618996610253e-13,0
-0.0024525,2.04476478267859e-13,0
-0.00245,1.40612393409447e-13,0
-0.0024475,1.35833355667419e-13,0
-0.002445,1.28811285637619e-13,0
-0.0024425,9.41142269791737e-14,0
-0.00244,5.74183197326219e-14,0
-0.0024375,6.30530999117725e-14,0
-0.002435,1.23774561728639e-13,0
-0.0024325,2.00510034354522e-13,0
-0.00243,2.35283188873008e-13,0
-0.0024275,2.11614097063371e-13,0
-0.002425,1.85892886000506e-13,0
-0.0024225,2.51633311009809e-13,0
-0.00242,4.55932530597846e-13,0
-0.0024175,7.36576643271867e-13,0
-0.002415,9.42933283547719e-13,0
-0.0024125,9.40813329507083e-13,0
-0.00241,7.28344041200498e-13,0
-0.0024075,4.68550734577021e-13,0
-0.002405,3.98937460877261e-13,0
-0.0024025,6.71247921213577e-13,0
-0.0024,1.23349450754741e-12,0
-0.0023975,1.84231902492827e-12,0
-0.002395,2.20223444301591e-12,0
-0.0023925,2.1382457243626e-12,0
-0.00239,1.68755258982145e-12,0
-0.0023875,1.05765017180064e-12,0
-0.002385,4.92169271766993e-13,0
-0.0023825,1.41214721138546e-13,0
-0.00238,1.41020512843171e-14,0
-0.0023775,2.31559281998359e-14,0
-0.002375,6.59498991761129e-14,0
-0.0023725,8.30798386341803e-14,0
-0.00237,6.56622882643512e-14,0
-0.0023675,3.15199663280416e-14,0
-0.002365,4.13289379221509e-15,0
-0.0023625,9.44027972047264e-15,0
-0.00236,7.85882024105144e-14,0
-0.0023575,2.37893148512249e-13,0
-0.002355,4.84774182537148e-13,0
-0.0023525,7.6965394241413e-13,0
-0.00235,1.0058213414204e-12,0
-0.0023475,1.10870747079186e-12,0
-0.002345,1.04131098436106e-12,0
-0.0023425,8.35517341407492e-13,0
-0.00234,5.75482851307473e-13,0
-0.0023375,3.54988326155618e-13,0
-0.002335,2.35600310726761e-13,0
-0.0023325,2.27511101465591e-13,0
-0.00233,2.97270117453915e-13,0
-0.0023275,3.9102398457506e-13,0
-0.002325,4.57883637561769e-13,0
-0.0023225,4.64409642216131e-13,0
-0.00232,4.00112581582913e-13,0
-0.0023175,2.7846560193536e-13,0
-0.002315,1.36538941616577e-13,0
-0.0023125,3.17180413313697e-14,0
-0.00231,3.05133009798437e-14,0
-0.0023075,1.86110973891339e-13,0
-0.002305,5.09170974459838e-13,0
-0.0023025,9.46492850040215e-13,0
-0.0023,1.3858488535024e-12,0
-0.0022975,1.6949104261386e-12,0
-0.002295,1.77997848766408e-12,0
-0.0022925,1.63117507956367e-12,0
-0.00229,1.32315030182528e-12,0
-0.0022875,9.68561370029631e-13,0
-0.002285,6.56879164018785e-13,0
-0.0022825,4.23328908698942e-13,0
-0.00228,2.67107409373464e-13,0
-0.0022775,1.93060125938197e-13,0
-0.002275,2.2754164995672e-13,0
-0.0022725,3.83880405685877e-13,0
-0.00227,6.08476221634333e-13,0
-0.0022675,7.72560716386486e-13,0
-0.002265,7.45620914947641e-13,0
-0.0022625,5.08911397931203e-13,0
-0.00226,2.09373135363051e-13,0
-0.0022575,8.04396836362229e-14,0
-0.002255,2.62855771628697e-13,0
-0.0022525,6.62174875656293e-13,0
-0.00225,9.80746025608459e-13,0
-0.0022475,9.37005327049529e-13,0
-0.002245,5.21932122640128e-13,0
-0.0022425,8.01900039401938e-14,0
-0.00224,1.13520457207837e-13,0
-0.0022375,9.1780268708006e-13,0
-0.002235,2.31582152895561e-12,0
-0.0022325,3.70287093937352e-12,0
-0.00223,4.40036620379503e-12,0
-0.0022275,4.07947805684512e-12,0
-0.002225,2.95687521510583e-12,0
-0.0022225,1.62988541114535e-12,0
-0.00222,6.81915582467429e-13,0
-0.0022175,3.46055658516842e-13,0
-0.002215,4.48599194924723e-13,0
-0.0022125,6.28277374359902e-13,0
-0.00221,6.27676187569157e-13,0
-0.0022075,4.3314890780816e-13,0
-0.002205,1.95327293143833e-13,0
-0.0022025,4.85525577228504e-14,0
-0.0022,7.70464675971039e-15,0
-0.0021975,1.95485315798776e-14,0
-0.002195,8.87158256319103e-14,0
-0.0021925,3.30843692862657e-13,0
-0.00219,8.82239306579584e-13,0
-0.0021875,1.73922467047805e-12,0
-0.002185,2.67704955031537e-12,0
-0.0021825,3.33879254987765e-12,0
-0.00218,3.44266262688971e-12,0
-0.0021775,2.95565609786418e-12,0
-0.002175,2.10654592916952e-12,0
-0.0021725,1.23607647483358e-12,0
-0.00217,6.00600323826031e-13,0
-0.0021675,2.64782438453917e-13,0
-0.002165,1.35538174983887e-13,0
-0.0021625,8.10866031043711e-14,0
-0.00216,3.22294137503093e-14,0
-0.0021575,1.66537152690891e-15,0
-0.002155,3.3904652120638e-14,0
-0.0021525,1.45584548132305e-13,0
-0.00215,3.0471418852285e-13,0
-0.0021475,4.52452846383746e-13,0
-0.002145,5.37996669021149e-13,0
-0.0021425,5.38768433208982e-13,0
-0.00214,4.60842207483381e-13,0
-0.0021375,3.30716728298281e-13,0
-0.002135,1.8705354494586e-13,0
-0.0021325,7.07132221000481e-14,0
-0.00213,9.78895799997893e-15,0
-0.0021275,5.43879027436769e-15,0
-0.002125,3.10598730604603e-14,0
-0.0021225,5.02722222747585e-14,0
-0.00212,4.27886626026035e-14,0
-0.0021175,1.79658784472974e-14,0
-0.002115,4.47103113254415e-15,0
-0.0021125,2.43840522154876e-14,0
-0.00211,7.32466984983397e-14,0
-0.0021075,1.22320995609727e-13,0
-0.002105,1.40833049695682e-13,0
-0.0021025,1.20448064310947e-13,0
-0.0021,8.35306520435226e-14,0
-0.0020975,6.93185442579526e-14,0
-0.002095,1.07156520553404e-13,0
-0.0020925,1.93882304411231e-13,0
-0.00209,2.90626650224839e-13,0
-0.0020875,3.44484817836778e-13,0
-0.002085,3.2577961142871e-13,0
-0.0020825,2.577019952151e-13,0
-0.00208,2.12394598895064e-13,0
-0.0020775,2.65224882230006e-13,0
-0.002075,4.32265767122802e-13,0
-0.0020725,6.40706713006627e-13,0
-0.00207,7.69835347705776e-13,0
-0.0020675,7.47864038846787e-13,0
-0.002065,6.33190203061528e-13,0
-0.0020625,6.01054246051616e-13,0
-0.00206,8.20466811676735e-13,0
-0.0020575,1.30140790513499e-12,0
-0.002055,1.83797161884507e-12,0
-0.0020525,2.11633244978797e-12,0
-0.00205,1.92823057299705e-12,0
-0.0020475,1.33323945866463e-12,0
-0.002045,6.36731019387847e-13,0
-0.0020425,1.89008991819814e-13,0
-0.00204,1.55408022578709e-13,0
-0.0020375,4.33282782820707e-13,0
-0.002035,7.71688967211056e-13,0
-0.0020325,9.83153896698404e-13,0
-0.00203,1.06882930114983e-12,0
-0.0020275,1.1679137643195e-12,0
-0.002025,1.40605779139141e-12,0
-0.0020225,1.80239091744338e-12,0
-0.00202,2.32050866436427e-12,0
-0.0020175,2.98756793861219e-12,0
-0.002015,3.91939134503009e-12,0
-0.0020125,5.17518198816974e-12,0
-0.00201,6.55341134968474e-12,0
-0.0020075,7.54802326597059e-12,0
-0.002005,7.5853772465833e-12,0
-0.0020025,6.41889296549451e-12,0
-0.002,4.38138769634188e-12,0
-0.0019975,2.26070899380935e-12,0
-0.001995,8.44597824280936e-13,0
-0.0019925,4.50926670508907e-13,0
-0.00199,7.86296255309509e-13,0
-0.0019875,1.22549954435739e-12,0
-0.001985,1.28023012449585e-12,0
-0.0019825,8.96470446793438e-13,0
-0.00198,3.86660908706412e-13,0
-0.0019775,1.11044006329737e-13,0
-0.001975,2.04039356019776e-13,0
-0.0019725,5.52784155882737e-13,0
-0.00197,9.79842873385127e-13,0
-0.0019675,1.40655751675594e-12,0
-0.001965,1.83372218270831e-12,0
-0.0019625,2.19596703181574e-12,0
-0.00196,2.29608013573821e-12,0
-0.0019575,1.94802187591833e-12,0
-0.001955,1.22346576052489e-12,0
-0.0019525,5.42200971849448e-13,0
-0.00195,4.45385736324044e-13,0
-0.0019475,1.17704277445681e-12,0
-0.001945,2.41446680290237e-12,0
-0.0019425,3.41485771803551e-12,0
-0.00194,3.51747833610533e-12,0
-0.0019375,2.63017039804158e-12,0
-0.001935,1.31237026316619e-12,0
-0.0019325,3.75537444697537e-13,0
-0.00193,3.05763019274293e-13,0
-0.0019275,9.51851032340869e-13,0
-0.001925,1.70120020961106e-12,0
-0.0019225,1.97440906885861e-12,0
-0.00192,1.633933998214e-12,0
-0.0019175,1.00579383942659e-12,0
-0.001915,5.48557020772229e-13,0
-0.0019125,4.78369539525572e-13,0
-0.00191,6.53458568096564e-13,0
-0.0019075,7.69377511970926e-13,0
-0.001905,6.53497051576129e-13,0
-0.0019025,3.94867179960564e-13,0
-0.0019,2.22727162938431e-13,0
-0.0018975,2.75065441490171e-13,0
-0.001895,4.75797593335714e-13,0
-0.0018925,6.17012351499594e-13,0
-0.00189,5.51458239342737e-13,0
-0.0018875,3.14930093706066e-13,0
-0.001885,8.01262848642549e-14,0
-0.0018825,7.71621046272177e-16,0
-0.00188,9.10831979390953e-14,0
-0.0018775,2.35797865788677e-13,0
-0.001875,3.02286819195677e-13,0
-0.0018725,2.46149414869188e-13,0
-0.00187,1.26539492209547e-13,0
-0.0018675,3.76993973438568e-14,0
-0.001865,2.9700884090936e-14,0
-0.0018625,8.28106705854728e-14,0
-0.00186,1.40504295360538e-13,0
-0.0018575,1.58759039591954e-13,0
-0.001855,1.30576649240376e-13,0
-0.0018525,7.85439344090306e-14,0
-0.00185,3.42897236587837e-14,0
-0.0018475,2.23133713135645e-14,0
-0.001845,5.0967816371725e-14,0
-0.0018425,1.07869177543263e-13,0
-0.00184,1.63060947952131e-13,0
-0.0018375,1.84788858599539e-13,0
-0.001835,1.60950125038748e-13,0
-0.0018325,1.07739337091195e-13,0
-0.00183,5.53326126337684e-14,0
-0.0018275,2.57875917152121e-14,0
-0.001825,3.19192481101565e-14,0
-0.0018225,1.04562447310852e-13,0
-0.00182,3.1484647392394e-13,0
-0.0018175,7.44556744822301e-13,0
-0.001815,1.40033884541221e-12,0
-0.0018125,2.13665946013651e-12,0
-0.00181,2.67687160031626e-12,0
-0.0018075,2.75823344492007e-12,0
-0.001805,2.31529510263461e-12,0
-0.0018025,1.5572064298042e-12,0
-0.0018,8.57781818305981e-13,0
-0.0017975,5.24792420947831e-13,0
-0.001795,6.21728814553858e-13,0
-0.0017925,9.78679053927236e-13,0
-0.00179,1.3708180305634e-12,0
-0.0017875,1.70071751545043e-12,0
-0.001785,2.02548879555972e-12,0
-0.0017825,2.42095130405198e-12,0
-0.00178,2.83277040018365e-12,0
-0.0017775,3.07708469430775e-12,0
-0.001775,3.003404257901e-12,0
-0.0017725,2.66186325138581e-12,0
-0.00177,2.29526467140828e-12,0
-0.0017675,2.13653557149196e-12,0
-0.001765,2.18836096038967e-12,0
-0.0017625,2.20101706120716e-12,0
-0.00176,1.89356831608225e-12,0
-0.0017575,1.23161055824862e-12,0
-0.001755,5.02177571595024e-13,0
-0.0017525,9.63721891701643e-14,0
-0.00175,1.78652009309678e-13,0
-0.0017475,5.40508517370014e-13,0
-0.001745,7.83725642822456e-13,0
-0.0017425,6.81607586656066e-13,0
-0.00174,3.94766283233067e-13,0
-0.0017375,3.36771415618002e-13,0
-0.001735,7.96999211052346e-13,0
-0.0017325,1.65386602394214e-12,0
-0.00173,2.44201711439748e-12,0
-0.0017275,2.7273575041328e-12,0
-0.001725,2.46891576190375e-12,0
-0.0017225,2.05341897806341e-12,0
-0.00172,1.97204604117961e-12,0
-0.0017175,2.41658121725315e-12,0
-0.001715,3.13322851396514e-12,0
-0.0017125,3.64048771923184e-12,0
-0.00171,3.60677984962211e-12,0
-0.0017075,3.0681078688413e-12,0
-0.001705,2.33278675688569e-12,0
-0.0017025,1.70075887916484e-12,0
-0.0017,1.26223312775398e-12,0
-0.0016975,9.27210343079756e-13,0
-0.001695,6.0382094895057e-13,0
-0.0016925,3.18908413524939e-13,0
-0.00169,1.65767321539643e-13,0
-0.0016875,1.61809744322731e-13,0
-0.001685,1.95760895310123e-13,0
-0.0016825,1.42961207969334e-13,0
-0.00168,3.57174490572204e-14,0
-0.0016775,9.45975098992457e-14,0
-0.001675,5.48580604893259e-13,0
-0.0016725,1.38539747847472e-12,0
-0.00167,2.26818337520833e-12,0
-0.0016675,2.72696219219535e-12,0
-0.001665,2.49109235294402e-12,0
-0.0016625,1.69341703255812e-12,0
-0.00166,7.76619018844739e-13,0
-0.0016575,1.80676084559863e-13,0
-0.001655,6.61574814749727e-14,0
-0.0016525,2.79768493505434e-13,0
-0.00165,5.49992186748559e-13,0
-0.0016475,7.14515768889336e-13,0
-0.001645,7.87599407133439e-13,0
-0.0016425,8.49405278154666e-13,0
-0.00164,9.05295580928606e-13,0
-0.0016375,8.68321853510149e-13,0
-0.001635,6.73186082395155e-13,0
-0.0016325,3.88000260505039e-13,0
-0.00163,1.91904326700984e-13,0
-0.0016275,2.25233391683659e-13,0
-0.001625,4.53046573996801e-13,0
-0.0016225,6.78544209222611e-13,0
-0.00162,7.03746802455091e-13,0
-0.0016175,4.95253830680273e-13,0
-0.001615,2.06334027291153e-13,0
-0.0016125,3.81708443137928e-14,0
-0.00161,6.8126495798992e-14,0
-0.0016075,1.97707764923241e-13,0
-0.001605,2.5932769118995e-13,0
-0.0016025,1.77884628981126e-13,0
-0.0016,4.04471615441585e-14,0
-0.0015975,1.66728915880121e-14,0
-0.001595,2.05985800641424e-13,0
-0.0015925,5.4531769642564e-13,0
-0.00159,8.50665072682841e-13,0
-0.0015875,9.50382106708422e-13,0
-0.001585,8.00288045044394e-13,0
-0.0015825,4.9876075117486e-13,0
-0.00158,2.06246209209574e-13,0
-0.0015775,4.06352745577026e-14,0
-0.001575,2.16580808451661e-14,0
-0.0015725,8.82722083085784e-14,0
-0.00157,1.60405106586872e-13,0
-0.0015675,1.95387738561407e-13,0
-0.001565,2.03155502264375e-13,0
-0.0015625,2.16301375525144e-13,0
-0.00156,2.42965998519736e-13,0
-0.0015575,2.46296319743369e-13,0
-0.001555,1.7959523399817e-13,0
-0.0015525,6.03287638839237e-14,0
-0.00155,1.70023085643186e-14,0
-0.0015475,2.39481691006999e-13,0
-0.001545,8.31789139231033e-13,0
-0.0015425,1.66721721953866e-12,0
-0.00154,2.38655607289626e-12,0
-0.0015375,2.59586642772721e-12,0
-0.001535,2.15226316317188e-12,0
-0.0015325,1.31489528541901e-12,0
-0.00153,6.0668634205477e-13,0
-0.0015275,4.56900840856721e-13,0
-0.001525,8.9498445076096e-13,0
-0.0015225,1.55143175030359e-12,0
-0.00152,1.97483147743079e-12,0
-0.0015175,1.99709575741645e-12,0
-0.001515,1.82652800419299e-12,0
-0.0015125,1.78970292162218e-12,0
-0.00151,1.97215507933081e-12,0
-0.0015075,2.11472121316859e-12,0
-0.001505,1.88568962011719e-12,0
-0.0015025,1.27399187894177e-12,0
-0.0015,6.97201250735883e-13,0
-0.0014975,6.64871290834515e-13,0
-0.001495,1.27710027432766e-12,0
-0.0014925,2.04858297559402e-12,0
-0.00149,2.28953045565503e-12,0
-0.0014875,1.74768397886837e-12,0
-0.001485,9.12756301916996e-13,0
-0.0014825,6.35291464698417e-13,0
-0.00148,1.33870563443028e-12,0
-0.0014775,2.53893051954334e-12,0
-0.001475,3.18372526430959e-12,0
-0.0014725,2.60280629744408e-12,0
-0.00147,1.25019431487812e-12,0
-0.0014675,5.10761731336315e-13,0
-0.001465,1.62040526404219e-12,0
-0.0014625,4.55795601357018e-12,0
-0.00146,7.87000856292275e-12,0
-0.0014575,9.64549150349912e-12,0
-0.001455,8.88458327557964e-12,0
-0.0014525,6.15976138502901e-12,0
-0.00145,3.06564791370323e-12,0
-0.0014475,9.79653023969105e-13,0
-0.001445,2.01607467412178e-13,0
-0.0014425,1.32526304997153e-13,0
-0.00144,1.80767198266577e-13,0
-0.0014375,4.47426829853389e-13,0
-0.001435,1.52024019315803e-12,0
-0.0014325,3.61700782756808e-12,0
-0.00143,5.9894000720628e-12,0
-0.0014275,7.27681434634976e-12,0
-0.001425,6.58431804699648e-12,0
-0.0014225,4.31639918470218e-12,0
-0.00142,1.95360881693074e-12,0
-0.0014175,8.99150796794125e-13,0
-0.001415,1.3840730220445e-12,0
-0.0014125,2.39093569925322e-12,0
-0.00141,2.64425783600943e-12,0
-0.0014075,1.7565693597985e-12,0
-0.001405,5.00412034081708e-13,0
-0.0014025,7.14352958484699e-15,0
-0.0014,6.92402298182649e-13,0
-0.0013975,1.9370700263602e-12,0
-0.001395,2.80126408378538e-12,0
-0.0013925,3.0383755320748e-12,0
-0.00139,3.37820030499374e-12,0
-0.0013875,4.75845458063922e-12,0
-0.001385,7.22966385893501e-12,0
-0.0013825,9.62883852819138e-12,0
-0.00138,1.04291808601763e-11,0
-0.0013775,9.05352795243053e-12,0
-0.001375,6.44967925765932e-12,0
-0.0013725,4.35732316009434e-12,0
-0.00137,3.88696321686465e-12,0
-0.0013675,4.67476344363519e-12,0
-0.001365,5.35915445575377e-12,0
-0.0013625,4.91267864031016e-12,0
-0.00136,3.5819499811205e-12,0
-0.0013575,2.57273254645801e-12,0
-0.001355,2.81032170315433e-12,0
-0.0013525,3.98613618002051e-12,0
-0.00135,4.83223645355904e-12,0
-0.0013475,4.38808442846869e-12,0
-0.001345,3.04570847982781e-12,0
-0.0013425,2.31980988398416e-12,0
-0.00134,3.46834247631165e-12,0
-0.0013375,6.20018708590395e-12,0
-0.001335,8.69906415294764e-12,0
-0.0013325,9.03690190585891e-12,0
-0.00133,6.78324397267373e-12,0
-0.0013275,3.4005303805534e-12,0
-0.001325,1.06354675879379e-12,0
-0.0013225,9.20211557335277e-13,0
-0.00132,2.2843353117244e-12,0
-0.0013175,3.40471909175365e-12,0
-0.001315,3.06390376604921e-12,0
-0.0013125,1.57271745495279e-12,0
-0.00131,3.3259054685129e-13,0
-0.0013075,4.51460069877286e-13,0
-0.001305,1.72024199806551e-12,0
-0.0013025,2.86810476392495e-12,0
-0.0013,2.81257762996675e-12,0
-0.0012975,1.71959346882212e-12,0
-0.001295,8.91710416906709e-13,0
-0.0012925,1.58909394217165e-12,0
-0.00129,3.85047176459384e-12,0
-0.0012875,6.3627591804131e-12,0
-0.001285,7.48188200113134e-12,0
-0.0012825,6.50861904928347e-12,0
-0.00128,4.14983850018095e-12,0
-0.0012775,1.85022116781949e-12,0
-0.001275,6.46628060702108e-13,0
-0.0012725,5.26711289156691e-13,0
-0.00127,7.37302210547704e-13,0
-0.0012675,6.31357679579639e-13,0
-0.001265,2.38701609994413e-13,0
-0.0012625,9.81249620808908e-14,0
-0.00126,6.05870811362574e-13,0
-0.0012575,1.54562326947209e-12,0
-0.001255,2.23571602129402e-12,0
-0.0012525,2.12864712384677e-12,0
-0.00125,1.29679674667521e-12,0
-0.0012475,3.74118020660189e-13,0
-0.001245,2.75037148447394e-14,0
-0.0012425,4.29863675106538e-13,0
-0.00124,1.167528464073e-12,0
-0.0012375,1.61718079013882e-12,0
-0.001235,1.44482464161087e-12,0
-0.0012325,8.23546774717372e-13,0
-0.00123,2.38360448162644e-13,0
-0.0012275,8.18530808016896e-14,0
-0.001225,3.7317429417771e-13,0
-0.0012225,7.92085293698644e-13,0
-0.00122,9.60982192556435e-13,0
-0.0012175,7.38302666081462e-13,0
-0.001215,3.08631364612945e-13,0
-0.0012125,2.140105264296e-14,0
-0.00121,1.11729505993154e-13,0
-0.0012075,5.152835177646e-13,0
-0.001205,9.18360816635677e-13,0
-0.0012025,1.00992478996565e-12,0
-0.0012,7.40940786737382e-13,0
-0.0011975,3.73508982403846e-13,0
-0.001195,2.58894351381925e-13,0
-0.0011925,5.16555710862975e-13,0
-0.00119,9.00206162282755e-13,0
-0.0011875,1.00321768639489e-12,0
-0.001185,6.54430681545027e-13,0
-0.0011825,1.46236063208671e-13,0
-0.00118,4.04742185688578e-14,0
-0.0011775,6.67875948215105e-13,0
-0.001175,1.75505250959724e-12,0
-0.0011725,2.55860829809674e-12,0
-0.00117,2.45528665019619e-12,0
-0.0011675,1.49668614660158e-12,0
-0.001165,4.13266289688887e-13,0
-0.0011625,1.76242867626021e-14,0
-0.00116,5.15208339790849e-13,0
-0.0011575,1.35331391321161e-12,0
-0.001155,1.77029888205684e-12,0
-0.0011525,1.55116208499711e-12,0
-0.00115,1.2717785691809e-12,0
-0.0011475,1.76726237749559e-12,0
-0.001145,3.29396312483074e-12,0
-0.0011425,5.17543050880552e-12,0
-0.00114,6.29854118137389e-12,0
-0.0011375,6.03311971498582e-12,0
-0.001135,4.73936140175265e-12,0
-0.0011325,3.4096328663626e-12,0
-0.00113,2.81061410972401e-12,0
-0.0011275,2.95288066777943e-12,0
-0.001125,3.35744656623595e-12,0
-0.0011225,3.76262618203674e-12,0
-0.00112,4.45868636739015e-12,0
-0.0011175,5.84234659165469e-12,0
-0.001115,7.66196684956603e-12,0
-0.0011125,8.85959869303072e-12,0
-0.00111,8.38365380526647e-12,0
-0.0011075,6.30606547052503e-12,0
-0.001105,4.09005249236477e-12,0
-0.0011025,3.52622154317354e-12,0
-0.0011,5.14975469893262e-12,0
-0.0010975,7.61203438528559e-12,0
-0.001095,8.74107140632379e-12,0
-0.0010925,7.45699113284441e-12,0
-0.00109,4.78909070788228e-12,0
-0.0010875,2.95851043968503e-12,0
-0.001085,3.29809550829655e-12,0
-0.0010825,4.9868952971158e-12,0
-0.00108,5.92331353218758e-12,0
-0.0010775,5.02260187737407e-12,0
-0.001075,3.7022759439981e-12,0
-0.0010725,4.88669446389107e-12,0
-0.00107,1.01716705314953e-11,0
-0.0010675,1.77321539044188e-11,0
-0.001065,2.31722943047827e-11,0
-0.0010625,2.29374443322952e-11,0
-0.00106,1.741455330308e-11,0
-0.0010575,1.08483636388185e-11,0
-0.001055,7.91185137943865e-12,0
-0.0010525,9.83384183677179e-12,0
-0.00105,1.35412607223951e-11,0
-0.0010475,1.46443286117765e-11,0
-0.001045,1.15762666167244e-11,0
-0.0010425,7.05513827747481e-12,0
-0.00104,5.44774933322926e-12,0
-0.0010375,8.45869859591852e-12,0
-0.001035,1.32596260448542e-11,0
-0.0010325,1.50083248095606e-11,0
-0.00103,1.15675363938104e-11,0
-0.0010275,5.97255042798584e-12,0
-0.001025,4.06981136387518e-12,0
-0.0010225,9.19295916548355e-12,0
-0.00102,1.86802258311518e-11,0
-0.0010175,2.56178594447317e-11,0
-0.001015,2.45394203550626e-11,0
-0.0010125,1.61223668343839e-11,0
-0.00101,6.66084011562346e-12,0
-0.0010075,2.71368802890041e-12,0
-0.001005,5.66985441177758e-12,0
-0.0010025,1.10430767325675e-11,0
-0.001,1.29920029415265e-11,0
-0.0009975,9.8049718646308e-12,0
-0.000995,5.28017080230415e-12,0
-0.0009925,4.82143175624233e-12,0
-0.00099,1.00328474296226e-11,0
-0.0009875,1.69876296536782e-11,0
-0.000985,1.98535965339627e-11,0
-0.0009825,1.64570989243366e-11,0
-0.00098,1.04775110257946e-11,0
-0.0009775,8.10623041728986e-12,0
-0.000975,1.22466040288263e-11,0
-0.0009725,1.97174777370578e-11,0
-0.00097,2.41494174980515e-11,0
-0.0009675,2.18988723534946e-11,0
-0.000965,1.54164452373364e-11,0
-0.0009625,1.0869545392074e-11,0
-0.00096,1.22553642202512e-11,0
-0.0009575,1.76111210742253e-11,0
-0.000955,2.09900798537915e-11,0
-0.0009525,1.83895694981412e-11,0
-0.00095,1.19658132292296e-11,0
-0.0009475,8.36231268231611e-12,0
-0.000945,1.25049084499552e-11,0
-0.0009425,2.26034838777908e-11,0
-0.00094,3.11552085761206e-11,0
-0.0009375,3.12486183625706e-11,0
-0.000935,2.25163651702305e-11,0
-0.0009325,1.13337688172787e-11,0
-0.00093,5.13166813310176e-12,0
-0.0009275,6.09046089921883e-12,0
-0.000925,9.96546156908137e-12,0
-0.0009225,1.09164005608609e-11,0
-0.00092,7.56758326295543e-12,0
-0.0009175,4.42926641785776e-12,0
-0.000915,7.29507807267184e-12,0
-0.0009125,1.70472123823222e-11,0
-0.00091,2.79228938988702e-11,0
-0.0009075,3.21428446453783e-11,0
-0.000905,2.67639853710481e-11,0
-0.0009025,1.64041145472415e-11,0
-0.0009,9.23490843255083e-12,0
-0.0008975,9.87370375241387e-12,0
-0.000895,1.56804968918971e-11,0
-0.0008925,1.97743975043706e-11,0
-0.00089,1.78113761265298e-11,0
-0.0008875,1.20978306635727e-11,0
-0.000885,9.19803944314016e-12,0
-0.0008825,1.3378082301519e-11,0
-0.00088,2.21776439324334e-11,0
-0.0008775,2.83912610188749e-11,0
-0.000875,2.66701785648389e-11,0
-0.0008725,1.85533785656666e-11,0
-0.00087,1.11609521599877e-11,0
-0.0008675,1.07072018185374e-11,0
-0.000865,1.685098080307e-11,0
-0.0008625,2.31318773922506e-11,0
-0.00086,2.30639550342003e-11,0
-0.0008575,1.61934460698644e-11,0
-0.000855,8.49135687781183e-12,0
-0.0008525,6.76045937904828e-12,0
-0.00085,1.23057902065803e-11,0
-0.0008475,1.9757141046675e-11,0
-0.000845,2.20894993060872e-11,0
-0.0008425,1.71236651953421e-11,0
-0.00084,9.4730556712663e-12,0
-0.0008375,6.20003295667772e-12,0
-0.000835,1.02876076140981e-11,0
-0.0008325,1.7976739649824e-11,0
-0.00083,2.23313419886138e-11,0
-0.0008275,1.95980890532488e-11,0
-0.000825,1.24405340327105e-11,0
-0.0008225,7.18023368566733e-12,0
-0.00082,7.80945840244165e-12,0
-0.0008175,1.2454431255829e-11,0
-0.000815,1.55139690502322e-11,0
-0.0008125,1.32866445491325e-11,0
-0.00081,7.65348705225384e-12,0
-0.0008075,4.3056541995176e-12,0
-0.000805,7.21466320203566e-12,0
-0.0008025,1.46081993023429e-11,0
-0.0008,2.03093497493076e-11,0
-0.0007975,1.9272751355431e-11,0
-0.000795,1.22170202324044e-11,0
-0.0007925,5.06014111726625e-12,0
-0.00079,3.63976402616982e-12,0
-0.0007875,8.51868804134555e-12,0
-0.000785,1.45817321613059e-11,0
-0.0007825,1.57538958824415e-11,0
-0.00078,1.05391562839503e-11,0
-0.0007775,3.38686704876079e-12,0
-0.000775,6.97668501589171e-13,0
-0.0007725,5.08742804362149e-12,0
-0.00077,1.3023568216197e-11,0
-0.0007675,1.78794937120319e-11,0
-0.000765,1.56494541424588e-11,0
-0.0007625,8.3044246562148e-12,0
-0.00076,1.9526563681283e-12,0
-0.0007575,1.54458683273001e-12,0
-0.000755,6.77292766585721e-12,0
-0.0007525,1.26141201022866e-11,0
-0.00075,1.38443047601182e-11,0
-0.0007475,9.49757885862849e-12,0
-0.000745,3.46485502064613e-12,0
-0.0007425,8.99812825534628e-13,0
-0.00074,3.70071226920598e-12,0
-0.0007375,8.99571290880842e-12,0
-0.000735,1.18326131971914e-11,0
-0.0007325,9.61223193078954e-12,0
-0.00073,4.36255241081129e-12,0
-0.0007275,8.99223390043627e-13,0
-0.000725,2.51903918916169e-12,0
-0.0007225,8.01729694117581e-12,0
-0.00072,1.26747205066155e-11,0
-0.0007175,1.24061493386751e-11,0
-0.000715,7.46370829955413e-12,0
-0.0007125,2.38302688174138e-12,0
-0.00071,2.0770556191269e-12,0
-0.0007075,7.4036814849326e-12,0
-0.000705,1.41586569910021e-11,0
-0.0007025,1.65840311976273e-11,0
-0.0007,1.24861730328798e-11,0
-0.0006975,5.43104656476265e-12,0
-0.000695,1.84501254469231e-12,0
-0.0006925,5.33893503936956e-12,0
-0.00069,1.32642882276596e-11,0
-0.0006875,1.88068855517317e-11,0
-0.000685,1.70518986166529e-11,0
-0.0006825,9.66347827188131e-12,0
-0.00068,3.72112798029272e-12,0
-0.0006775,5.38960153743399e-12,0
-0.000675,1.40089175007228e-11,0
-0.0006725,2.22342485163238e-11,0
-0.00067,2.25744718779294e-11,0
-0.0006675,1.46202301078071e-11,0
-0.000665,6.10977000269482e-12,0
-0.0006625,6.2720374361829e-12,0
-0.00066,1.7123985712879e-11,0
-0.0006575,3.08381359043802e-11,0
-0.000655,3.61952287659576e-11,0
-0.0006525,2.87394642437141e-11,0
-0.00065,1.53207181047911e-11,0
-0.0006475,8.35647544534672e-12,0
-0.000645,1.45872388516328e-11,0
-0.0006425,2.86442613543908e-11,0
-0.00064,3.77954483165339e-11,0
-0.0006375,3.39157887578858e-11,0
-0.000635,2.15483654824974e-11,0
-0.0006325,1.40364408247373e-11,0
-0.00063,2.08043080986122e-11,0
-0.0006275,3.77069946862857e-11,0
-0.000625,5.01718424130996e-11,0
-0.0006225,4.69654903465977e-11,0
-0.00062,3.17672719424675e-11,0
-0.0006175,2.08676050517583e-11,0
-0.000615,2.80520224382249e-11,0
-0.0006125,5.04942793797988e-11,0
-0.00061,6.97295910662534e-11,0
-0.0006075,6.82219322008474e-11,0
-0.000605,4.67919696531274e-11,0
-0.0006025,2.59832535369007e-11,0
-0.0006,2.85205755065844e-11,0
-0.0005975,5.80057429725627e-11,0
-0.000595,9.38130164574375e-11,0
-0.0005925,1.08177176709566e-10,0
-0.00059,9.08240461826728e-11,0
-0.0005875,5.85275872844378e-11,0
-0.000585,4.00847099725376e-11,0
-0.0005825,5.0029619499967e-11,0
-0.00058,7.56098536604876e-11,0
-0.0005775,8.97651498732884e-11,0
-0.000575,7.82768532913399e-11,0
-0.0005725,5.49918627275097e-11,0
-0.00057,4.94460077398989e-11,0
-0.0005675,7.75235433461933e-11,0
-0.000565,1.23232348611871e-10,0
-0.0005625,1.50663018558182e-10,0
-0.00056,1.36869718585046e-10,0
-0.0005575,9.51802970104643e-11,0
-0.000555,6.54937485977357e-11,0
-0.0005525,7.84693267221591e-11,0
-0.00055,1.26214399440064e-10,0
-0.0005475,1.67937236256165e-10,0
-0.000545,1.67180302691099e-10,0
-0.0005425,1.26746886047409e-10,0
-0.00054,8.77642869928014e-11,0
-0.0005375,9.19441925211472e-11,0
-0.000535,1.41414082368969e-10,0
-0.0005325,1.94656705919305e-10,0
-0.00053,2.04399114067348e-10,0
-0.0005275,1.63209531560788e-10,0
-0.000525,1.13260599591842e-10,0
-0.0005225,1.08794457475848e-10,0
-0.00052,1.64647883248228e-10,0
-0.0005175,2.39392716125395e-10,0
-0.000515,2.71107663599432e-10,0
-0.0005125,2.3446257412512e-10,0
-0.00051,1.6594459177414e-10,0
-0.0005075,1.31887492346326e-10,0
-0.000505,1.67205421458407e-10,0
-0.0005025,2.41722299112864e-10,0
-0.0005,2.87043970521998e-10,0
-0.0004975,2.60662783471956e-10,0
-0.000495,1.87721206311309e-10,0
-0.0004925,1.39921658343997e-10,0
-0.00049,1.69382790964218e-10,0
-0.0004875,2.58684849210652e-10,0
-0.000485,3.3499356389031e-10,0
-0.0004825,3.36776567677938e-10,0
-0.00048,2.71309658025182e-10,0
-0.0004775,2.08215950847902e-10,0
-0.000475,2.13780307022387e-10,0
-0.0004725,2.87485517304977e-10,0
-0.00047,3.61742089409003e-10,0
-0.0004675,3.66775646371151e-10,0
-0.000465,2.99874013083856e-10,0
-0.0004625,2.31911992873449e-10,0
-0.00046,2.4225260620632e-10,0
-0.0004575,3.41999270897857e-10,0
-0.000455,4.59167074001561e-10,0
-0.0004525,5.02544728293715e-10,0
-0.00045,4.4598186048923e-10,0
-0.0004475,3.53183694347589e-10,0
-0.000445,3.17625196906976e-10,0
-0.0004425,3.73096949871134e-10,0
-0.00044,4.60560399841744e-10,0
-0.0004375,4.8537565509069e-10,0
-0.000435,4.12328453323913e-10,0
-0.0004325,3.06704051523474e-10,0
-0.00043,2.77919182526874e-10,0
-0.0004275,3.75050560389179e-10,0
-0.000425,5.33160613485192e-10,0
-0.0004225,6.2566044736748e-10,0
-0.00042,5.78768911570076e-10,0
-0.0004175,4.42273931696849e-10,0
-0.000415,3.47372397949938e-10,0
-0.0004125,3.86703076359978e-10,0
-0.00041,5.26968165367676e-10,0
-0.0004075,6.37777095559429e-10,0
-0.000405,6.13107696072998e-10,0
-0.0004025,4.73183371713627e-10,0
-0.0004,3.49552618574437e-10,0
-0.0003975,3.63982253069415e-10,0
-0.000395,5.12928116355064e-10,0
-0.0003925,6.67389836549832e-10,0
-0.00039,6.91524639027944e-10,0
-0.0003875,5.70580333417197e-10,0
-0.000385,4.26750902970816e-10,0
-0.0003825,4.04916880754429e-10,0
-0.00038,5.33874883162561e-10,0
-0.0003775,6.9524736275059e-10,0
-0.000375,7.33365887277116e-10,0
-0.0003725,6.05459319348432e-10,0
-0.00037,4.29262419254019e-10,0
-0.0003675,3.78106688322475e-10,0
-0.000365,5.17579336184903e-10,0
-0.0003625,7.37335126277006e-10,0
-0.00036,8.46971695155037e-10,0
-0.0003575,7.51577285980572e-10,0
-0.000355,5.43913558438754e-10,0
-0.0003525,4.23309999423995e-10,0
-0.00035,5.11936300224573e-10,0
-0.0003475,7.38097802905762e-10,0
-0.000345,8.98239059431979e-10,0
-0.0003425,8.44519967029672e-10,0
-0.00034,6.25388211930164e-10,0
-0.0003375,4.46076364516573e-10,0
-0.000335,4.81332302442705e-10,0
-0.0003325,7.11784044297106e-10,0
-0.00033,9.37151712039279e-10,0
-0.0003275,9.57695520795007e-10,0
-0.000325,7.58308880390866e-10,0
-0.0003225,5.24311440553937e-10,0
-0.00032,4.71882865196306e-10,0
-0.0003175,6.48179639197678e-10,0
-0.000315,8.86336409102649e-10,0
-0.0003125,9.58794999618846e-10,0
-0.00031,7.88614962789537e-10,0
-0.0003075,5.23116318887276e-10,0
-0.000305,4.00078098419722e-10,0
-0.0003025,5.28464869820863e-10,0
-0.0003,7.85866573801216e-10,0
-0.0002975,9.28425948949194e-10,0
-0.000295,8.13485120061896e-10,0
-0.0002925,5.30883880969693e-10,0
-0.00029,3.22229850976462e-10,0
-0.0002875,3.61810399101115e-10,0
-0.000285,5.9927096474077e-10,0
-0.0002825,8.06952490370453e-10,0
-0.00028,7.87375546453943e-10,0
-0.0002775,5.5116553667461e-10,0
-0.000275,3.04713933687925e-10,0
-0.0002725,2.6132838078297e-10,0
-0.00027,4.48774354900931e-10,0
-0.0002675,6.86106256114349e-10,0
-0.000265,7.47081548884449e-10,0
-0.0002625,5.60359828517327e-10,0
-0.00026,2.68389077901988e-10,0
-0.0002575,9.79910298994771e-11,0
-0.000255,1.63291678813803e-10,0
-0.0002525,3.75513208071838e-10,0
-0.00025,5.3215534443305e-10,0
-0.0002475,4.98289341690945e-10,0
-0.000245,3.18305906628763e-10,0
-0.0002425,1.66639567094062e-10,0
-0.00024,1.89776958281669e-10,0
-0.0002375,3.80271328484423e-10,0
-0.000235,5.86289040267604e-10,0
-0.0002325,6.40489177880861e-10,0
-0.00023,4.9725647176243e-10,0
-0.0002275,2.71316702591426e-10,0
-0.000225,1.5749247113037e-10,0
-0.0002225,3.02000142286458e-10,0
-0.00022,7.221727674086e-10,0
-0.0002175,1.32614379655194e-09,0
-0.000215,2.01068981642871e-09,0
-0.0002125,2.76558134990628e-09,0
-0.00021,3.71219283882174e-09,0
-0.0002075,5.04932843367361e-09,0
-0.000205,6.94812591641466e-09,0
-0.0002025,9.4954993656816e-09,0
-0.0002,1.27902694574469e-08,0
-0.0001975,1.72233325653639e-08,0
-0.000195,2.38491345321276e-08,0
-0.0001925,3.46627102343773e-08,0
-0.00019,5.26215983133509e-08,0
-0.0001875,8.14070149047004e-08,0
-0.000185,1.25110244526676e-07,0
-0.0001825,1.88128230560513e-07,0
-0.00018,2.75512910194885e-07,0
-0.0001775,3.93940171688882e-07,0
-0.000175,5.53495653347872e-07,0
-0.0001725,7.70639645854333e-07,0
-0.00017,1.07282453477826e-06,0
-0.0001675,1.50503207229674e-06,0
-0.000165,2.13792333150841e-06,0
-0.0001625,3.07670694329205e-06,0
-0.00016,4.46987264101794e-06,0
-0.0001575,6.51812814912251e-06,0
-0.000155,9.48621784988945e-06,0
-0.0001525,1.37231978306434e-05,0
-0.00015,1.96993273438188e-05,0
-0.0001475,2.80693269568099e-05,0
-0.000145,3.97720941411497e-05,0
-0.0001425,5.61761798474964e-05,0
-0.00014,7.92788033233067e-05,0
-0.0001375,0.000111964711245802,0
-0.000135,0.000158331325202521,0
-0.0001325,0.000224090759019149,0
-0.00013,0.000317069862505217,0
-0.0001275,0.000447847216099521,0
-0.000125,0.000630588126971994,0
-0.0001225,0.00088415797069924,0
-0.00012,0.00123360059099735,0
-0.0001175,0.00171205264530239,0
-0.000115,0.0023631230507741,0
-0.0001125,0.00324370436418176,0
-0.00011,0.00442711425926032,0
-0.0001075,0.0060064083555644,0
-0.000105,0.00809767336146542,0
-0.0001025,0.0108430999534785,0
-0.0001,0.0144136275123153,0
-9.75e-05,0.0190109156408479,0
-9.5e-05,0.0248683052240143,0
-9.25e-05,0.0322502897786836,0
-9e-05,0.0414498749595884,0
-8.75e-05,0.0527831436327401,0
-8.5e-05,0.0665804476698552,0
-8.25e-05,0.0831739478682922,0
-8e-05,0.102881670889753,0
-7.75e-05,0.125988725762265,0
-7.5e-05,0.152726685966166,0
-7.25e-05,0.183252321847423,0
-7e-05,0.217626899390515,0
-6.75e-05,0.255797277404101,0
-6.5e-05,0.297580175570533,0
-6.25e-05,0.342651284757125,0
-6e-05,0.390541210534917,1
-5.75e-05,0.440640305992997,1
-5.5e-05,0.49221398414657,1
-5.25e-05,0.544428995126495,1
-5e-05,0.596389574447505,1
-4.75e-05,0.647180725879267,1
-4.5e-05,0.695914687129604,1
-4.25e-05,0.741776195154459,1
-4e-05,0.784062586464436,1
-3.75e-05,0.822215799371827,1
-3.5e-05,0.855844582819089,1
-3.25e-05,0.884736284744924,1
-3e-05,0.90885830771822,1
-2.75e-05,0.928349728039721,1
-2.5e-05,0.943503869586579,1
-2.25e-05,0.954742995239319,1
-2e-05,0.962586790699771,1
-1.75e-05,0.96761687118906,1
-1.5e-05,0.970439943465354,1
-1.25e-05,0.971652315631253,1
-1e-05,0.971808083879885,1
-7.5e-06,0.971392603776765,1
-5e-06,0.970801958532482,1
-2.5e-06,0.970328301061778,1
0,0.970150372577935,1
2.5e-06,0.970328301061779,1
5e-06,0.970801958532482,1
7.5e-06,0.971392603776765,1
1e-05,0.971808083879885,1
1.25e-05,0.971652315631253,1
1.5e-05,0.970439943465354,1
1.75e-05,0.96761687118906,1
2e-05,0.962586790699771,1
2.25e-05,0.954742995239319,1
2.5e-05,0.943503869586579,1
2.75e-05,0.928349728039721,1
3e-05,0.90885830771822,1
3.25e-05,0.884736284744924,1
3.5e-05,0.855844582819089,1
3.75e-05,0.822215799371827,1
4e-05,0.784062586464436,1
4.25e-05,0.741776195154459,1
4.5e-05,0.695914687129604,1
4.75e-05,0.647180725879267,1
5e-05,0.596389574447505,1
5.25e-05,0.544428995126494,1
5.5e-05,0.49221398414657,1
5.75e-05,0.440640305992997,1
6e-05,0.390541210534917,1
6.25e-05,0.342651284757125,0
6.5e-05,0.297580175570533,0
6.75e-05,0.255797277404101,0
7e-05,0.217626899390515,0
7.25e-05,0.183252321847423,0
7.5e-05,0.152726685966166,0
7.75e-05,0.125988725762265,0
8e-05,0.102881670889753,0
8.25e-05,0.0831739478682922,0
8.5e-05,0.0665804476698551,0
8.75e-05,0.0527831436327401,0
9e-05,0.0414498749595884,0
9.25e-05,0.0322502897786836,0
9.5e-05,0.0248683052240143,0
9.75e-05,0.0190109156408479,0
0.0001,0.0144136275123153,0
0.0001025,0.0108430999534785,0
0.000105,0.00809767336146543,0
0.0001075,0.0060064083555644,0
0.00011,0.00442711425926032,0
0.0001125,0.00324370436418176,0
0.000115,0.0023631230507741,0
0.0001175,0.0017120526453024,0
0.00012,0.00123360059099735,0
0.0001225,0.00088415797069924,0
0.000125,0.000630588126971992,0
0.0001275,0.000447847216099518,0
0.00013,0.000317069862505216,0
0.0001325,0.00022409075901915,0
0.000135,0.000158331325202521,0
0.0001375,0.000111964711245802,0
0.00014,7.92788033233069e-05,0
0.0001425,5.61761798474968e-05,0
0.000145,3.977209414115e-05,0
0.0001475,2.80693269568099e-05,0
0.00015,1.9699327343819e-05,0
0.0001525,1.37231978306433e-05,0
0.000155,9.48621784988927e-06,0
0.0001575,6.51812814912257e-06,0
0.00016,4.46987264101792e-06,0
0.0001625,3.07670694329208e-06,0
0.000165,2.13792333150836e-06,0
0.0001675,1.50503207229666e-06,0
0.00017,1.07282453477821e-06,0
0.0001725,7.70639645854352e-07,0
0.000175,5.53495653347807e-07,0
0.0001775,3.9394017168889e-07,0
0.00018,2.75512910194914e-07,0
0.0001825,1.88128230560522e-07,0
0.000185,1.25110244526695e-07,0
0.0001875,8.14070149046945e-08,0
0.00019,5.26215983133509e-08,0
0.0001925,3.46627102343973e-08,0
0.000195,2.38491345321249e-08,0
0.0001975,1.72233325653659e-08,0
0.0002,1.27902694574495e-08,0
0.0002025,9.49549936567398e-09,0
0.000205,6.9481259164144e-09,0
0.0002075,5.04932843367034e-09,0
0.00021,3.71219283882027e-09,0
0.0002125,2.76558134990068e-09,0
0.000215,2.01068981642697e-09,0
0.0002175,1.32614379655225e-09,0
0.00022,7.22172767406611e-10,0
0.0002225,3.02000142286073e-10,0
0.000225,1.57492471131048e-10,0
0.0002275,2.71316702591891e-10,0
0.00023,4.97256471761651e-10,0
0.0002325,6.40489177879719e-10,0
0.000235,5.86289040266993e-10,0
0.0002375,3.80271328484117e-10,0
0.00024,1.89776958281571e-10,0
0.0002425,1.66639567094162e-10,0
0.000245,3.18305906629065e-10,0
0.0002475,4.98289341690885e-10,0
0.00025,5.32155344433098e-10,0
0.0002525,3.75513208071097e-10,0
0.000255,1.6329167881382e-10,0
0.0002575,9.79910298998649e-11,0
0.00026,2.68389077902799e-10,0
0.0002625,5.60359828517587e-10,0
0.000265,7.47081548883623e-10,0
0.0002675,6.861062561134e-10,0
0.00027,4.48774354900464e-10,0
0.0002725,2.61328380782889e-10,0
0.000275,3.04713933687822e-10,0
0.0002775,5.51165536674554e-10,0
0.00028,7.87375546454178e-10,0
0.0002825,8.0695249037043e-10,0
0.000285,5.99270964740742e-10,0
0.0002875,3.61810399101551e-10,0
0.00029,3.22229850976562e-10,0
0.0002925,5.30883880971223e-10,0
0.000295,8.13485120064385e-10,0
0.0002975,9.28425948951449e-10,0
0.0003,7.8586657380185e-10,0
0.0003025,5.28464869821763e-10,0
0.000305,4.00078098420604e-10,0
0.0003075,5.2311631888627e-10,0
0.00031,7.88614962788384e-10,0
0.0003125,9.58794999617816e-10,0
0.000315,8.86336409102664e-10,0
0.0003175,6.48179639198533e-10,0
0.00032,4.71882865196089e-10,0
0.0003225,5.24311440554527e-10,0
0.000325,7.58308880390102e-10,0
0.0003275,9.57695520793511e-10,0
0.00033,9.37151712038578e-10,0
0.0003325,7.11784044294859e-10,0
0.000335,4.81332302441534e-10,0
0.0003375,4.46076364516173e-10,0
0.00034,6.25388211930854e-10,0
0.0003425,8.44519967029739e-10,0
0.000345,8.98239059432915e-10,0
0.0003475,7.38097802907507e-10,0
0.00035,5.11936300224444e-10,0
0.0003525,4.23309999424816e-10,0
0.000355,5.43913558437479e-10,0
0.0003575,7.51577285980091e-10,0
0.00036,8.46971695152828e-10,0
0.0003625,7.37335126275843e-10,0
0.000365,5.17579336183223e-10,0
0.0003675,3.7810668832319e-10,0
0.00037,4.29262419254814e-10,0
0.0003725,6.05459319350351e-10,0
0.000375,7.33365887278454e-10,0
0.0003775,6.95247362751108e-10,0
0.00038,5.33874883162639e-10,0
0.0003825,4.0491688075415e-10,0
0.000385,4.26750902969728e-10,0
0.0003875,5.7058033341705e-10,0
0.00039,6.91524639026762e-10,0
0.0003925,6.67389836549148e-10,0
0.000395,5.12928116353898e-10,0
0.0003975,3.63982253067647e-10,0
0.0004,3.49552618573495e-10,0
0.0004025,4.73183371713406e-10,0
0.000405,6.13107696073544e-10,0
0.0004075,6.37777095559972e-10,0
0.00041,5.26968165368388e-10,0
0.0004125,3.86703076360456e-10,0
0.000415,3.4737239795027e-10,0
0.0004175,4.42273931697271e-10,0
0.00042,5.78768911570794e-10,0
0.0004225,6.25660447368032e-10,0
0.000425,5.33160613484404e-10,0
0.0004275,3.7505056038898e-10,0
0.00043,2.77919182526799e-10,0
0.0004325,3.06704051523147e-10,0
0.000435,4.12328453324448e-10,0
0.0004375,4.85375655091402e-10,0
0.00044,4.6056039984155e-10,0
0.0004425,3.73096949872718e-10,0
0.000445,3.17625196907479e-10,0
0.0004475,3.53183694348025e-10,0
0.00045,4.45981860488104e-10,0
0.0004525,5.02544728293084e-10,0
0.000455,4.59167074000622e-10,0
0.0004575,3.41999270897901e-10,0
0.00046,2.42252606206621e-10,0
0.0004625,2.31911992873621e-10,0
0.000465,2.9987401308383e-10,0
0.0004675,3.66775646371514e-10,0
0.00047,3.61742089408577e-10,0
0.0004725,2.87485517305598e-10,0
0.000475,2.13780307023204e-10,0
0.0004775,2.08215950848014e-10,0
0.00048,2.71309658024603e-10,0
0.0004825,3.36776567676928e-10,0
0.000485,3.34993563888595e-10,0
0.0004875,2.58684849208741e-10,0
0.00049,1.69382790963359e-10,0
0.0004925,1.39921658343911e-10,0
0.000495,1.87721206311707e-10,0
0.0004975,2.60662783472793e-10,0
0.0005,2.87043970522414e-10,0
0.0005025,2.41722299113035e-10,0
0.000505,1.67205421459004e-10,0
0.0005075,1.31887492345861e-10,0
0.00051,1.65944591774602e-10,0
0.0005125,2.3446257412512e-10,0
0.000515,2.71107663599537e-10,0
0.0005175,2.39392716126036e-10,0
0.00052,1.64647883248549e-10,0
0.0005225,1.08794457475364e-10,0
0.000525,1.13260599591696e-10,0
0.0005275,1.63209531560874e-10,0
0.00053,2.04399114067316e-10,0
0.0005325,1.94656705919771e-10,0
0.000535,1.41414082368997e-10,0
0.0005375,9.19441925209162e-11,0
0.00054,8.7764286992094e-11,0
0.0005425,1.26746886046659e-10,0
0.000545,1.6718030269055e-10,0
0.0005475,1.67937236255774e-10,0
0.00055,1.2621439944019e-10,0
0.0005525,7.8469326722259e-11,0
0.000555,6.54937485980081e-11,0
0.0005575,9.51802970104945e-11,0
0.00056,1.36869718584749e-10,0
0.0005625,1.50663018558025e-10,0
0.000565,1.23232348611442e-10,0
0.0005675,7.75235433454135e-11,0
0.00057,4.94460077394967e-11,0
0.0005725,5.49918627272797e-11,0
0.000575,7.82768532915323e-11,0
0.0005775,8.97651498735103e-11,0
0.00058,7.56098536608227e-11,0
0.0005825,5.00296195002051e-11,0
0.000585,4.00847099730197e-11,0
0.0005875,5.85275872851425e-11,0
0.00059,9.08240461826383e-11,0
0.0005925,1.08177176709554e-10,0
0.000595,9.38130164567699e-11,0
0.0005975,5.80057429723379e-11,0
0.0006,2.85205755065757e-11,0
0.0006025,2.59832535368775e-11,0
0.000605,4.67919696530735e-11,0
0.0006075,6.82219322004036e-11,0
0.00061,6.9729591065974e-11,0
0.0006125,5.04942793794079e-11,0
0.000615,2.80520224380867e-11,0
0.0006175,2.08676050522663e-11,0
0.00062,3.17672719425217e-11,0
0.0006225,4.69654903461305e-11,0
0.000625,5.01718424130858e-11,0
0.0006275,3.77069946860963e-11,0
0.00063,2.08043080984761e-11,0
0.0006325,1.40364408246434e-11,0
0.000635,2.15483654826574e-11,0
0.0006375,3.39157887578308e-11,0
0.00064,3.77954483167068e-11,0
0.0006425,2.86442613544638e-11,0
0.000645,1.45872388515289e-11,0
0.0006475,8.35647544554184e-12,0
0.00065,1.53207181044324e-11,0
0.0006525,2.87394642436017e-11,0
0.000655,3.61952287659424e-11,0
0.0006575,3.08381359042001e-11,0
0.00066,1.71239857129848e-11,0
0.0006625,6.27203743624319e-12,0
0.000665,6.10977000272822e-12,0
0.0006675,1.46202301078527e-11,0
0.00067,2.25744718776513e-11,0
0.0006725,2.22342485161096e-11,0
0.000675,1.40089175004174e-11,0
0.0006775,5.38960153717831e-12,0
0.00068,3.7211279803265e-12,0
0.0006825,9.66347827220144e-12,0
0.000685,1.70518986168486e-11,0
0.0006875,1.8806885551999e-11,0
0.00069,1.32642882278345e-11,0
0.0006925,5.33893503935416e-12,0
0.000695,1.84501254472191e-12,0
0.0006975,5.43104656468463e-12,0
0.0007,1.24861730326784e-11,0
0.0007025,1.65840311973925e-11,0
0.000705,1.41586569907606e-11,0
0.0007075,7.40368148482877e-12,0
0.00071,2.07705561914604e-12,0
0.0007125,2.38302688177841e-12,0
0.000715,7.46370829970377e-12,0
0.0007175,1.24061493388009e-11,0
0.00072,1.2674720506666e-11,0
0.0007225,8.01729694123127e-12,0
0.000725,2.51903918921062e-12,0
0.0007275,8.99223390063785e-13,0
0.00073,4.36255241084533e-12,0
0.0007325,9.61223193067343e-12,0
0.000735,1.18326131971666e-11,0
0.0007375,8.99571290868213e-12,0
0.00074,3.70071226913703e-12,0
0.0007425,8.99812825485535e-13,0
0.000745,3.46485502068412e-12,0
0.0007475,9.49757885867188e-12,0
0.00075,1.38443047602347e-11,0
0.0007525,1.26141201024095e-11,0
0.000755,6.77292766591191e-12,0
0.0007575,1.54458683278311e-12,0
0.00076,1.95265636813012e-12,0
0.0007625,8.30442465601803e-12,0
0.000765,1.56494541424291e-11,0
0.0007675,1.78794937119536e-11,0
0.00077,1.30235682161804e-11,0
0.0007725,5.0874280436231e-12,0
0.000775,6.97668501578797e-13,0
0.0007775,3.38686704881723e-12,0
0.00078,1.05391562840638e-11,0
0.0007825,1.57538958823619e-11,0
0.000785,1.45817321612535e-11,0
0.0007875,8.51868804134241e-12,0
0.00079,3.63976402632896e-12,0
0.0007925,5.06014111731942e-12,0
0.000795,1.22170202324179e-11,0
0.0007975,1.92727513554911e-11,0
0.0008,2.03093497492555e-11,0
0.0008025,1.46081993024189e-11,0
0.000805,7.21466320208574e-12,0
0.0008075,4.30565419947668e-12,0
0.00081,7.65348705229388e-12,0
0.0008125,1.32866445490286e-11,0
0.000815,1.55139690503329e-11,0
0.0008175,1.24544312558802e-11,0
0.00082,7.80945840248805e-12,0
0.0008225,7.18023368562588e-12,0
0.000825,1.24405340326949e-11,0
0.0008275,1.95980890532603e-11,0
0.00083,2.23313419886458e-11,0
0.0008325,1.7976739649915e-11,0
0.000835,1.02876076141931e-11,0
0.0008375,6.20003295672612e-12,0
0.00084,9.47305567132611e-12,0
0.0008425,1.71236651955405e-11,0
0.000845,2.20894993061346e-11,0
0.0008475,1.97571410467523e-11,0
0.00085,1.23057902065715e-11,0
0.0008525,6.76045937890798e-12,0
0.000855,8.49135687754555e-12,0
0.0008575,1.61934460695943e-11,0
0.00086,2.3063955033817e-11,0
0.0008625,2.31318773920656e-11,0
0.000865,1.68509808030789e-11,0
0.0008675,1.07072018185843e-11,0
0.00087,1.11609521601267e-11,0
0.0008725,1.85533785658822e-11,0
0.000875,2.66701785651167e-11,0
0.0008775,2.83912610190403e-11,0
0.00088,2.21776439326325e-11,0
0.0008825,1.33780823015793e-11,0
0.000885,9.19803944309751e-12,0
0.0008875,1.20978306634375e-11,0
0.00089,1.78113761264137e-11,0
0.0008925,1.97743975042252e-11,0
0.000895,1.56804968918253e-11,0
0.0008975,9.87370375235669e-12,0
0.0009,9.23490843257504e-12,0
0.0009025,1.64041145472523e-11,0
0.000905,2.67639853708166e-11,0
0.0009075,3.21428446452905e-11,0
0.00091,2.79228938988957e-11,0
0.0009125,1.70472123823011e-11,0
0.000915,7.29507807255542e-12,0
0.0009175,4.42926641771418e-12,0
0.00092,7.56758326266033e-12,0
0.0009225,1.09164005605368e-11,0
0.000925,9.96546156900394e-12,0
0.0009275,6.09046089927269e-12,0
0.00093,5.13166813317976e-12,0
0.0009325,1.13337688172697e-11,0
0.000935,2.25163651702017e-11,0
0.0009375,3.12486183628809e-11,0
0.00094,3.11552085761698e-11,0
0.0009425,2.2603483877895e-11,0
0.000945,1.25049084500303e-11,0
0.0009475,8.36231268240085e-12,0
0.00095,1.1965813229421e-11,0
0.0009525,1.83895694980303e-11,0
0.000955,2.09900798538397e-11,0
0.0009575,1.76111210741054e-11,0
0.00096,1.22553642200932e-11,0
0.0009625,1.08695453919424e-11,0
0.000965,1.54164452373837e-11,0
0.0009675,2.18988723535558e-11,0
0.00097,2.41494174984373e-11,0
0.0009725,1.97174777371023e-11,0
0.000975,1.22466040288742e-11,0
0.0009775,8.10623041739058e-12,0
0.00098,1.04775110258668e-11,0
0.0009825,1.64570989246433e-11,0
0.000985,1.9853596534181e-11,0
0.0009875,1.69876296535494e-11,0
0.00099,1.00328474296754e-11,0
0.0009925,4.82143175622689e-12,0
0.000995,5.28017080232216e-12,0
0.0009975,9.80497186446486e-12,0
0.001,1.29920029417386e-11,0
0.0010025,1.10430767327554e-11,0
0.001005,5.66985441177586e-12,0
0.0010075,2.71368802887787e-12,0
0.00101,6.66084011557652e-12,0
0.0010125,1.61223668341728e-11,0
0.001015,2.45394203549241e-11,0
0.0010175,2.56178594446607e-11,0
0.00102,1.86802258310194e-11,0
0.0010225,9.19295916540904e-12,0
0.001025,4.06981136392992e-12,0
0.0010275,5.97255042802365e-12,0
0.00103,1.15675363938614e-11,0
0.0010325,1.50083248097162e-11,0
0.001035,1.32596260449189e-11,0
0.0010375,8.45869859601527e-12,0
0.00104,5.44774933329137e-12,0
0.0010425,7.0551382774973e-12,0
0.001045,1.15762666165503e-11,0
0.0010475,1.46443286115844e-11,0
0.00105,1.3541260722119e-11,0
0.0010525,9.83384183670534e-12,0
0.001055,7.91185137949022e-12,0
0.0010575,1.08483636389885e-11,0
0.00106,1.74145533030564e-11,0
0.0010625,2.2937444332248e-11,0
0.001065,2.31722943048969e-11,0
0.0010675,1.77321539042523e-11,0
0.00107,1.01716705314211e-11,0
0.0010725,4.88669446380668e-12,0
0.001075,3.70227594413493e-12,0
0.0010775,5.02260187739231e-12,0
0.00108,5.92331353228002e-12,0
0.0010825,4.98689529720114e-12,0
0.001085,3.29809550836649e-12,0
0.0010875,2.95851043969357e-12,0
0.00109,4.78909070788343e-12,0
0.0010925,7.45699113276438e-12,0
0.001095,8.74107140634233e-12,0
0.0010975,7.61203438511175e-12,0
0.0011,5.14975469896726e-12,0
0.0011025,3.52622154323379e-12,0
0.001105,4.09005249254302e-12,0
0.0011075,6.30606547092533e-12,0
0.00111,8.38365380553395e-12,0
0.0011125,8.8595986931229e-12,0
0.001115,7.66196684977512e-12,0
0.0011175,5.84234659160905e-12,0
0.00112,4.45868636734354e-12,0
0.0011225,3.76262618205959e-12,0
0.001125,3.35744656628261e-12,0
0.0011275,2.95288066775255e-12,0
0.00113,2.81061410979986e-12,0
0.0011325,3.40963286647052e-12,0
0.001135,4.73936140186855e-12,0
0.0011375,6.03311971496603e-12,0
0.00114,6.29854118131946e-12,0
0.0011425,5.17543050873371e-12,0
0.001145,3.2939631249009e-12,0
0.0011475,1.76726237750972e-12,0
0.00115,1.2717785692068e-12,0
0.0011525,1.5511620850493e-12,0
0.001155,1.77029888209331e-12,0
0.0011575,1.35331391316642e-12,0
0.00116,5.1520833977825e-13,0
0.0011625,1.76242867576598e-14,0
0.001165,4.13266289708164e-13,0
0.0011675,1.4966861466294e-12,0
0.00117,2.45528665012128e-12,0
0.0011725,2.55860829807302e-12,0
0.001175,1.75505250959885e-12,0
0.0011775,6.6787594821001e-13,0
0.00118,4.04742185691449e-14,0
0.0011825,1.46236063200221e-13,0
0.001185,6.54430681540939e-13,0
0.0011875,1.00321768636923e-12,0
0.00119,9.0020616228757e-13,0
0.0011925,5.16555710862556e-13,0
0.001195,2.5889435136531e-13,0
0.0011975,3.73508982398962e-13,0
0.0012,7.4094078672915e-13,0
0.0012025,1.00992478996843e-12,0
0.001205,9.18360816630999e-13,0
0.0012075,5.15283517753555e-13,0
0.00121,1.11729505987532e-13,0
0.0012125,2.14010526442192e-14,0
0.001215,3.08631364631273e-13,0
0.0012175,7.38302666120114e-13,0
0.00122,9.60982192616473e-13,0
0.0012225,7.92085293726469e-13,0
0.001225,3.73174294172447e-13,0
0.0012275,8.18530808017262e-14,0
0.00123,2.38360448190741e-13,0
0.0012325,8.2354677478278e-13,0
0.001235,1.4448246416292e-12,0
0.0012375,1.61718079018684e-12,0
0.00124,1.16752846412478e-12,0
0.0012425,4.29863675124566e-13,0
0.001245,2.75037148198248e-14,0
0.0012475,3.74118020654781e-13,0
0.00125,1.29679674661195e-12,0
0.0012525,2.12864712377407e-12,0
0.001255,2.23571602126176e-12,0
0.0012575,1.54562326942176e-12,0
0.00126,6.05870811333366e-13,0
0.0012625,9.81249620809899e-14,0
0.001265,2.38701609986083e-13,0
0.0012675,6.31357679628262e-13,0
0.00127,7.37302210579322e-13,0
0.0012725,5.26711289186979e-13,0
0.001275,6.46628060713818e-13,0
0.0012775,1.85022116783503e-12,0
0.00128,4.14983850026326e-12,0
0.0012825,6.50861904944617e-12,0
0.001285,7.48188200132752e-12,0
0.0012875,6.36275918054785e-12,0
0.00129,3.85047176465668e-12,0
0.0012925,1.58909394213782e-12,0
0.001295,8.91710416872718e-13,0
0.0012975,1.71959346882343e-12,0
0.0013,2.81257762998605e-12,0
0.0013025,2.8681047639076e-12,0
0.001305,1.72024199802771e-12,0
0.0013075,4.51460069831267e-13,0
0.00131,3.3259054685101e-13,0
0.0013125,1.57271745507657e-12,0
0.001315,3.06390376608956e-12,0
0.0013175,3.40471909187818e-12,0
0.00132,2.28433531177136e-12,0
0.0013225,9.20211557327234e-13,0
0.001325,1.0635467587795e-12,0
0.0013275,3.40053038043237e-12,0
0.00133,6.78324397263e-12,0
0.0013325,9.0369019059602e-12,0
0.001335,8.69906415301953e-12,0
0.0013375,6.20018708607549e-12,0
0.00134,3.46834247640955e-12,0
0.0013425,2.3198098840187e-12,0
0.001345,3.04570847988788e-12,0
0.0013475,4.38808442854234e-12,0
0.00135,4.83223645356435e-12,0
0.0013525,3.98613618000469e-12,0
0.001355,2.8103217031615e-12,0
0.0013575,2.57273254639606e-12,0
0.00136,3.58194998107319e-12,0
0.0013625,4.91267864030239e-12,0
0.001365,5.35915445575686e-12,0
0.0013675,4.67476344362087e-12,0
0.00137,3.88696321682568e-12,0
0.0013725,4.3573231600379e-12,0
0.001375,6.44967925753352e-12,0
0.0013775,9.05352795234312e-12,0
0.00138,1.0429180860062e-11,0
0.0013825,9.62883852826248e-12,0
0.001385,7.22966385897188e-12,0
0.0013875,4.75845458064635e-12,0
0.00139,3.3782003050285e-12,0
0.0013925,3.0383755321041e-12,0
0.001395,2.80126408386597e-12,0
0.0013975,1.9370700263556e-12,0
0.0014,6.92402298221597e-13,0
0.0014025,7.14352958386894e-15,0
0.001405,5.00412034053938e-13,0
0.0014075,1.75656935979385e-12,0
0.00141,2.64425783601137e-12,0
0.0014125,2.39093569926225e-12,0
0.001415,1.3840730220849e-12,0
0.0014175,8.99150796844026e-13,0
0.00142,1.95360881691958e-12,0
0.0014225,4.31639918461529e-12,0
0.001425,6.58431804693495e-12,0
0.0014275,7.2768143463366e-12,0
0.00143,5.98940007204847e-12,0
0.0014325,3.61700782744669e-12,0
0.001435,1.52024019315042e-12,0
0.0014375,4.47426829809494e-13,0
0.00144,1.80767198256788e-13,0
0.0014425,1.3252630500322e-13,0
0.001445,2.01607467430474e-13,0
0.0014475,9.79653024000105e-13,0
0.00145,3.06564791365834e-12,0
0.0014525,6.15976138488359e-12,0
0.001455,8.88458327549543e-12,0
0.0014575,9.64549150346539e-12,0
0.00146,7.87000856277768e-12,0
0.0014625,4.55795601342981e-12,0
0.001465,1.62040526403491e-12,0
0.0014675,5.10761731335873e-13,0
0.00147,1.25019431485765e-12,0
0.0014725,2.60280629744182e-12,0
0.001475,3.18372526434106e-12,0
0.0014775,2.53893051959695e-12,0
0.00148,1.33870563448949e-12,0
0.0014825,6.35291464752217e-13,0
0.001485,9.1275630187739e-13,0
0.0014875,1.74768397883448e-12,0
0.00149,2.28953045562774e-12,0
0.0014925,2.04858297555697e-12,0
0.001495,1.27710027428346e-12,0
0.0014975,6.64871290827075e-13,0
0.0015,6.9720125072294e-13,0
0.0015025,1.27399187894031e-12,0
0.001505,1.88568962009189e-12,0
0.0015075,2.11472121310736e-12,0
0.00151,1.97215507933004e-12,0
0.0015125,1.78970292164309e-12,0
0.001515,1.82652800417935e-12,0
0.0015175,1.99709575739673e-12,0
0.00152,1.97483147740452e-12,0
0.0015225,1.55143175032335e-12,0
0.001525,8.9498445074215e-13,0
0.0015275,4.56900840859894e-13,0
0.00153,6.066863420764e-13,0
0.0015325,1.31489528544377e-12,0
0.001535,2.15226316319845e-12,0
0.0015375,2.59586642769685e-12,0
0.00154,2.38655607288216e-12,0
0.0015425,1.66721721951232e-12,0
0.001545,8.31789139268909e-13,0
0.0015475,2.39481691004953e-13,0
0.00155,1.7002308565287e-14,0
0.0015525,6.03287638869557e-14,0
0.001555,1.79595233977667e-13,0
0.0015575,2.46296319761909e-13,0
0.00156,2.42965998517765e-13,0
0.0015625,2.16301375517863e-13,0
0.001565,2.03155502262075e-13,0
0.0015675,1.95387738556674e-13,0
0.00157,1.60405106586425e-13,0
0.0015725,8.82722083057774e-14,0
0.001575,2.16580808415202e-14,0
0.0015775,4.06352745615083e-14,0
0.00158,2.06246209206694e-13,0
0.0015825,4.98760751163959e-13,0
0.001585,8.00288045072036e-13,0
0.0015875,9.5038210677183e-13,0
0.00159,8.50665072660125e-13,0
0.0015925,5.45317696449706e-13,0
0.001595,2.0598580064676e-13,0
0.0015975,1.66728915861462e-14,0
0.0016,4.04471615435443e-14,0
0.0016025,1.77884628999683e-13,0
0.001605,2.59327691179423e-13,0
0.0016075,1.97707764925329e-13,0
0.00161,6.81264958053326e-14,0
0.0016125,3.81708443233107e-14,0
0.001615,2.06334027289186e-13,0
0.0016175,4.95253830674918e-13,0
0.00162,7.0374680243239e-13,0
0.0016225,6.78544209241948e-13,0
0.001625,4.53046574035532e-13,0
0.0016275,2.25233391707178e-13,0
0.00163,1.91904326723825e-13,0
0.0016325,3.88000260525787e-13,0
0.001635,6.73186082408656e-13,0
0.0016375,8.68321853517836e-13,0
0.00164,9.05295580914703e-13,0
0.0016425,8.49405278107013e-13,0
0.001645,7.87599407094017e-13,0
0.0016475,7.1451576885288e-13,0
0.00165,5.49992186714729e-13,0
0.0016525,2.79768493470595e-13,0
0.001655,6.6157481477905e-14,0
0.0016575,1.80676084578153e-13,0
0.00166,7.76619018868181e-13,0
0.0016625,1.69341703254902e-12,0
0.001665,2.49109235293394e-12,0
0.0016675,2.72696219219208e-12,0
0.00167,2.26818337517778e-12,0
0.0016725,1.38539747847827e-12,0
0.001675,5.48580604884195e-13,0
0.0016775,9.45975098912025e-14,0
0.00168,3.57174490580096e-14,0
0.0016825,1.42961207974142e-13,0
0.001685,1.95760895321299e-13,0
0.0016875,1.61809744328049e-13,0
0.00169,1.65767321553817e-13,0
0.0016925,3.18908413563589e-13,0
0.001695,6.03820948996916e-13,0
0.0016975,9.27210343155547e-13,0
0.0017,1.26223312778387e-12,0
0.0017025,1.70075887919425e-12,0
0.001705,2.33278675693513e-12,0
0.0017075,3.06810786878076e-12,0
0.00171,3.60677984967696e-12,0
0.0017125,3.64048771922102e-12,0
0.001715,3.13322851394741e-12,0
0.0017175,2.41658121713352e-12,0
0.00172,1.97204604111138e-12,0
0.0017225,2.05341897807278e-12,0
0.001725,2.46891576194434e-12,0
0.0017275,2.7273575041587e-12,0
0.00173,2.44201711433972e-12,0
0.0017325,1.65386602390959e-12,0
0.001735,7.96999210979569e-13,0
0.0017375,3.36771415643505e-13,0
0.00174,3.94766283271931e-13,0
0.0017425,6.81607586712802e-13,0
0.001745,7.83725642869462e-13,0
0.0017475,5.40508517373869e-13,0
0.00175,1.78652009347373e-13,0
0.0017525,9.6372189176146e-14,0
0.001755,5.02177571590076e-13,0
0.0017575,1.23161055816429e-12,0
0.00176,1.89356831603487e-12,0
0.0017625,2.20101706113751e-12,0
0.001765,2.18836096037757e-12,0
0.0017675,2.13653557148599e-12,0
0.00177,2.29526467140055e-12,0
0.0017725,2.66186325147517e-12,0
0.001775,3.00340425783978e-12,0
0.0017775,3.07708469429848e-12,0
0.00178,2.83277040022632e-12,0
0.0017825,2.42095130399249e-12,0
0.001785,2.02548879558213e-12,0
0.0017875,1.70071751549082e-12,0
0.00179,1.37081803061989e-12,0
0.0017925,9.7867905393993e-13,0
0.001795,6.21728814541069e-13,0
0.0017975,5.24792420953216e-13,0
0.0018,8.57781818246359e-13,0
0.0018025,1.55720642978671e-12,0
0.001805,2.3152951026185e-12,0
0.0018075,2.75823344487755e-12,0
0.00181,2.67687160033586e-12,0
0.0018125,2.13665946016825e-12,0
0.001815,1.40033884541745e-12,0
0.0018175,7.44556744791674e-13,0
0.00182,3.14846473901745e-13,0
0.0018225,1.0456244730797e-13,0
0.001825,3.19192481079902e-14,0
0.0018275,2.57875917164773e-14,0
0.00183,5.53326126451285e-14,0
0.0018325,1.07739337102177e-13,0
0.001835,1.60950125053235e-13,0
0.0018375,1.84788858606222e-13,0
0.00184,1.63060947959213e-13,0
0.0018425,1.07869177539182e-13,0
0.001845,5.09678163724319e-14,0
0.0018475,2.23133713102222e-14,0
0.00185,3.42897236582777e-14,0
0.0018525,7.85439343964961e-14,0
0.001855,1.30576649228004e-13,0
0.0018575,1.58759039574412e-13,0
0.00186,1.40504295352031e-13,0
0.0018625,8.28106705737193e-14,0
0.001865,2.97008840791664e-14,0
0.0018675,3.76993973445111e-14,0
0.00187,1.26539492205881e-13,0
0.0018725,2.46149414853303e-13,0
0.001875,3.02286819204879e-13,0
0.0018775,2.35797865808587e-13,0
0.00188,9.1083197938884e-14,0
0.0018825,7.71621046124873e-16,0
0.001885,8.01262848648591e-14,0
0.0018875,3.14930093722766e-13,0
0.00189,5.51458239330068e-13,0
0.0018925,6.17012351562206e-13,0
0.001895,4.75797593349055e-13,0
0.0018975,2.75065441494466e-13,0
0.0019,2.22727162952563e-13,0
0.0019025,3.94867179996608e-13,0
0.001905,6.53497051606168e-13,0
0.0019075,7.69377511921192e-13,0
0.00191,6.53458568077367e-13,0
0.0019125,4.78369539545282e-13,0
0.001915,5.48557020748306e-13,0
0.0019175,1.00579383937139e-12,0
0.00192,1.63393399816506e-12,0
0.0019225,1.97440906889998e-12,0
0.001925,1.70120020968255e-12,0
0.0019275,9.51851032409362e-13,0
0.00193,3.05763019303489e-13,0
0.0019325,3.75537444728197e-13,0
0.001935,1.31237026316087e-12,0
0.0019375,2.63017039799941e-12,0
0.00194,3.51747833597783e-12,0
0.0019425,3.41485771793189e-12,0
0.001945,2.41446680274205e-12,0
0.0019475,1.17704277431831e-12,0
0.00195,4.4538573630115e-13,0
0.0019525,5.42200971886708e-13,0
0.001955,1.22346576061711e-12,0
0.0019575,1.9480218760144e-12,0
0.00196,2.29608013575939e-12,0
0.0019625,2.19596703188252e-12,0
0.001965,1.83372218272653e-12,0
0.0019675,1.40655751675136e-12,0
0.00197,9.7984287343659e-13,0
0.0019725,5.52784155914066e-13,0
0.001975,2.04039356008953e-13,0
0.0019775,1.11044006322571e-13,0
0.00198,3.86660908682758e-13,0
0.0019825,8.96470446804723e-13,0
0.001985,1.28023012450764e-12,0
0.0019875,1.22549954438719e-12,0
0.00199,7.86296255331836e-13,0
0.0019925,4.50926670490679e-13,0
0.001995,8.44597824269262e-13,0
0.0019975,2.26070899378165e-12,0
0.002,4.38138769632923e-12,0
0.0020025,6.4188929655566e-12,0
0.002005,7.5853772465945e-12,0
0.0020075,7.54802326601917e-12,0
0.00201,6.55341134980994e-12,0
0.0020125,5.17518198829784e-12,0
0.002015,3.919391345106e-12,0
0.0020175,2.98756793871472e-12,0
0.00202,2.32050866440482e-12,0
0.0020225,1.80239091747586e-12,0
0.002025,1.40605779144534e-12,0
0.0020275,1.16791376433698e-12,0
0.00203,1.06882930119831e-12,0
0.0020325,9.83153896710678e-13,0
0.002035,7.7168896722617e-13,0
0.0020375,4.33282782836977e-13,0
0.00204,1.55408022590662e-13,0
0.0020425,1.89008991810593e-13,0
0.002045,6.36731019385994e-13,0
0.0020475,1.33323945866793e-12,0
0.00205,1.92823057302842e-12,0
0.0020525,2.11633244977365e-12,0
0.002055,1.83797161889497e-12,0
0.0020575,1.30140790512519e-12,0
0.00206,8.20466811708441e-13,0
0.0020625,6.0105424605468e-13,0
0.002065,6.33190203049847e-13,0
0.0020675,7.47864038858492e-13,0
0.00207,7.6983534769145e-13,0
0.0020725,6.40706712985796e-13,0
0.002075,4.32265767136273e-13,0
0.0020775,2.65224882237093e-13,0
0.00208,2.12394598905859e-13,0
0.0020825,2.57701995217918e-13,0
0.002085,3.25779611435364e-13,0
0.0020875,3.44484817853205e-13,0
0.00209,2.9062665022191e-13,0
0.0020925,1.93882304413572e-13,0
0.002095,1.07156520550882e-13,0
0.0020975,6.93185442523337e-14,0
0.0021,8.35306520390157e-14,0
0.0021025,1.20448064296609e-13,0
0.002105,1.40833049694169e-13,0
0.0021075,1.22320995612738e-13,0
0.00211,7.32466985012555e-14,0
0.0021125,2.43840522145245e-14,0
0.002115,4.47103113192321e-15,0
0.0021175,1.79658784502575e-14,0
0.00212,4.27886626039444e-14,0
0.0021225,5.02722222692602e-14,0
0.002125,3.10598730613252e-14,0
0.0021275,5.43879027375175e-15,0
0.00213,9.78895799930153e-15,0
0.0021325,7.07132221113294e-14,0
0.002135,1.87053544942296e-13,0
0.0021375,3.30716728300876e-13,0
0.00214,4.60842207484416e-13,0
0.0021425,5.38768433216258e-13,0
0.002145,5.37996669041946e-13,0
0.0021475,4.52452846375527e-13,0
0.00215,3.04714188548095e-13,0
0.0021525,1.45584548135509e-13,0
0.002155,3.39046521179326e-14,0
0.0021575,1.66537152557286e-15,0
0.00216,3.22294137507394e-14,0
0.0021625,8.10866031001551e-14,0
0.002165,1.3553817497451e-13,0
0.0021675,2.64782438464391e-13,0
0.00217,6.00600323808024e-13,0
0.0021725,1.23607647479232e-12,0
0.002175,2.10654592912119e-12,0
0.0021775,2.95565609784855e-12,0
0.00218,3.44266262684181e-12,0
0.0021825,3.33879254984418e-12,0
0.002185,2.67704955025016e-12,0
0.0021875,1.73922467044836e-12,0
0.00219,8.82239306531779e-13,0
0.0021925,3.30843692838779e-13,0
0.002195,8.87158256179721e-14,0
0.0021975,1.9548531580049e-14,0
0.0022,7.70464675652291e-15,0
0.0022025,4.85525577210367e-14,0
0.002205,1.95327293137366e-13,0
0.0022075,4.33148907787589e-13,0
0.00221,6.27676187619325e-13,0
0.0022125,6.28277374324927e-13,0
0.002215,4.48599194905396e-13,0
0.0022175,3.46055658502858e-13,0
0.00222,6.81915582457766e-13,0
0.0022225,1.62988541112289e-12,0
0.002225,2.95687521501089e-12,0
0.0022275,4.07947805670399e-12,0
0.00223,4.40036620381178e-12,0
0.0022325,3.7028709393801e-12,0
0.002235,2.315821528952e-12,0
0.0022375,9.17802687015492e-13,0
0.00224,1.13520457200454e-13,0
0.0022425,8.01900039572813e-14,0
0.002245,5.21932122558496e-13,0
0.0022475,9.37005327022527e-13,0
0.00225,9.80746025568965e-13,0
0.0022525,6.62174875586598e-13,0
0.002255,2.62855771591305e-13,0
0.0022575,8.04396836273948e-14,0
0.00226,2.09373135381629e-13,0
0.0022625,5.08911397943696e-13,0
0.002265,7.45620914990693e-13,0
0.0022675,7.7256071643246e-13,0
0.00227,6.08476221662256e-13,0
0.0022725,3.83880405677786e-13,0
0.002275,2.27541649998891e-13,0
0.0022775,1.93060125957682e-13,0
0.00228,2.67107409377017e-13,0
0.0022825,4.2332890875436e-13,0
0.002285,6.5687916402166e-13,0
0.0022875,9.6856137002108e-13,0
0.00229,1.32315030187826e-12,0
0.0022925,1.63117507961994e-12,0
0.002295,1.77997848768176e-12,0
0.0022975,1.69491042615558e-12,0
0.0023,1.38584885348402e-12,0
0.0023025,9.46492850045653e-13,0
0.002305,5.09170974490743e-13,0
0.0023075,1.86110973902517e-13,0
0.00231,3.05133009774645e-14,0
0.0023125,3.17180413204532e-14,0
0.002315,1.36538941607988e-13,0
0.0023175,2.78465601924411e-13,0
0.00232,4.00112581568809e-13,0
0.0023225,4.64409642205281e-13,0
0.002325,4.57883637567912e-13,0
0.0023275,3.91023984577634e-13,0
0.00233,2.97270117459303e-13,0
0.0023325,2.2751110147495e-13,0
0.002335,2.35600310722663e-13,0
0.0023375,3.54988326175285e-13,0
0.00234,5.75482851330737e-13,0
0.0023425,8.3551734141488e-13,0
0.002345,1.04131098440083e-12,0
0.0023475,1.10870747083236e-12,0
0.00235,1.00582134143925e-12,0
0.0023525,7.69653942432393e-13,0
0.002355,4.84774182591044e-13,0
0.0023575,2.37893148544524e-13,0
0.00236,7.85882024194166e-14,0
0.0023625,9.44027972336033e-15,0
0.002365,4.13289379356324e-15,0
0.0023675,3.15199663299576e-14,0
0.00237,6.56622882726505e-14,0
0.0023725,8.30798386363287e-14,0
0.002375,6.59498991811529e-14,0
0.0023775,2.3155928196144e-14,0
0.00238,1.41020512849989e-14,0
0.0023825,1.41214721144348e-13,0
0.002385,4.92169271783072e-13,0
0.0023875,1.05765017183501e-12,0
0.00239,1.68755258986188e-12,0
0.0023925,2.1382457244847e-12,0
0.002395,2.20223444308213e-12,0
0.0023975,1.84231902493062e-12,0
0.0024,1.23349450755349e-12,0
0.0024025,6.71247921227779e-13,0
0.002405,3.98937460822762e-13,0
0.0024075,4.68550734574162e-13,0
0.00241,7.28344041184093e-13,0
0.0024125,9.40813329548992e-13,0
0.002415,9.42933283542677e-13,0
0.0024175,7.36576643294139e-13,0
0.00242,4.55932530606957e-13,0
0.0024225,2.516333110279e-13,0
0.002425,1.85892885983363e-13,0
0.0024275,2.11614097058182e-13,0
0.00243,2.35283188872513e-13,0
0.0024325,2.00510034351532e-13,0
0.002435,1.2377456175014e-13,0
0.0024375,6.30530999155295e-14,0
0.00244,5.74183197552621e-14,0
0.0024425,9.41142270036628e-14,0
0.002445,1.28811285663986e-13,0
0.0024475,1.35833355686177e-13,0
0.00245,1.40612393438208e-13,0
0.0024525,2.04476478277827e-13,0
0.002455,3.73618996616136e-13,0
0.0024575,6.33665851550661e-13,0
0.00246,9.05946428116982e-13,0
0.0024625,1.08861216600377e-12,0
0.002465,1.11307529913429e-12,0
0.0024675,9.78219501522006e-13,0
0.00247,7.44090970525775e-13,0
0.0024725,4.95442709195279e-13,0
0.002475,3.01853322360042e-13,0
0.0024775,1.96356981183782e-13,0
0.00248,1.76780061170897e-13,0
0.0024825,2.19036864202729e-13,0
0.002485,2.89493287610762e-13,0
0.0024875,3.51974814246953e-13,0
0.00249,3.73817719900728e-13,0
0.0024925,3.35984810761951e-13,0
0.002495,2.44869428008124e-13,0
0.0024975,1.3603966088637e-13,0
0.0025,6.13280336338742e-14,0
0.0025025,6.15758853571899e-14,0
0.002505,1.40156851178051e-13,0
0.0025075,2.56051237827686e-13,0
0.00251,3.44590450668884e-13,0
0.0025125,3.55112696951581e-13,0
0.002515,2.81449833649002e-13,0
0.0025175,1.64483290718153e-13,0
0.00252,6.49254035318839e-14,0
0.0025225,2.54655853125825e-14,0
0.002525,4.84333422328972e-14,0
0.0025275,1.02560281811545e-13,0
0.00253,1.50181216841595e-13,0
0.0025325,1.72063773732221e-13,0
0.002535,1.7198112406377e-13,0
0.0025375,1.62063576452436e-13,0
0.00254,1.4610599905012e-13,0
0.0025425,1.17518003086373e-13,0
0.002545,7.27319582795444e-14,0
0.0025475,2.47710831356672e-14,0
0.00255,5.94327892801116e-16,0
0.0025525,2.1128791898528e-14,0
0.002555,8.05291338329761e-14,0
0.0025575,1.44425541062248e-13,0
