x_m,intensity_norm,target
-0.00256,1.49319233030272e-13,0
-0.0025575,9.05914713476261e-14,0
-0.002555,8.59580209532328e-15,0
-0.0025525,8.3112383185711e-14,0
-0.00255,3.72701992054754e-13,0
-0.0025475,7.12458962750617e-13,0
-0.002545,8.32979992165111e-13,0
-0.0025425,6.08407092076135e-13,0
-0.00254,2.08625302521315e-13,0
-0.0025375,7.51869112324601e-16,0
-0.002535,2.61485847637065e-13,0
-0.0025325,9.34166757612664e-13,0
-0.00253,1.63838992946887e-12,0
-0.0025275,1.93525049552479e-12,0
-0.002525,1.64252155310231e-12,0
-0.0025225,9.56794662553694e-13,0
-0.00252,2.99205451972973e-13,0
-0.0025175,1.79065560892959e-14,0
-0.002515,1.75891146359981e-13,0
-0.0025125,5.62380653875027e-13,0
-0.00251,8.82097051379264e-13,0
-0.0025075,9.56082165595059e-13,0
-0.002505,7.9445733618802e-13,0
-0.0025025,5.27776037574084e-13,0
-0.0025,2.89512385254335e-13,0
-0.0024975,1.48118036674035e-13,0
-0.002495,1.13477151877089e-13,0
-0.0024925,1.72877561486145e-13,0
-0.00249,3.05854440393242e-13,0
-0.0024875,4.7268435646447e-13,0
-0.002485,6.09127131757611e-13,0
-0.0024825,6.51231275732079e-13,0
-0.00248,5.75122752746396e-13,0
-0.0024775,4.14559653667147e-13,0
-0.002475,2.38026697361516e-13,0
-0.0024725,1.05443690270121e-13,0
-0.00247,4.11050453752505e-14,0
-0.0024675,3.89391114557349e-14,0
-0.002465,8.33898310298316e-14,0
-0.0024625,1.59735529175478e-13,0
-0.00246,2.48595239730641e-13,0
-0.0024575,3.23242607581803e-13,0
-0.002455,3.65480723214103e-13,0
-0.0024525,3.88835980370333e-13,0
-0.00245,4.39504255104561e-13,0
-0.0024475,5.61718637840048e-13,0
-0.002445,7.52426360442491e-13,0
-0.0024425,9.49408615187745e-13,0
-0.00244,1.07144443717251e-12,0
-0.0024375,1.0792878513038e-12,0
-0.002435,1.002006591985e-12,0
-0.0024325,9.03121736303834e-13,0
-0.00243,8.1922776268266e-13,0
-0.0024275,7.32375557686163e-13,0
-0.002425,6.04517909532328e-13,0
-0.0024225,4.37703261792608e-13,0
-0.00242,2.93098882893506e-13,0
-0.0024175,2.40724634229385e-13,0
-0.002415,2.85244041108619e-13,0
-0.0024125,3.46457537563355e-13,0
-0.00241,3.26050701055203e-13,0
-0.0024075,2.04720476698301e-13,0
-0.002405,7.30351985719052e-14,0
-0.0024025,5.39660466924887e-14,0
-0.0024,1.80815932264998e-13,0
-0.0023975,3.49183067807115e-13,0
-0.002395,4.03063534109547e-13,0
-0.0023925,2.87835034246762e-13,0
-0.00239,1.25640714275514e-13,0
-0.0023875,1.24775650894885e-13,0
-0.002385,3.8559564224048e-13,0
-0.0023825,7.75883409631424e-13,0
-0.00238,1.00731630413342e-12,0
-0.0023775,8.73336294915163e-13,0
-0.002375,4.53594986821133e-13,0
-0.0023725,9.60561160187953e-14,0
-0.00237,1.64297231945508e-13,0
-0.0023675,7.40672274754107e-13,0
-0.002365,1.5289370389417e-12,0
-0.0023625,2.04866672480951e-12,0
-0.00236,1.97923093439461e-12,0
-0.0023575,1.38842059508731e-12,0
-0.002355,6.72501807590611e-13,0
-0.0023525,2.63033116654298e-13,0
-0.00235,3.31927113038701e-13,0
-0.0023475,7.10809034648355e-13,0
-0.002345,1.05857914487286e-12,0
-0.0023425,1.12108060672172e-12,0
-0.00234,8.80618840149206e-13,0
-0.0023375,5.10191953212712e-13,0
-0.002335,2.11475310385351e-13,0
-0.0023325,8.68014816011677e-14,0
-0.00233,1.30530293864809e-13,0
-0.0023275,3.02881979081838e-13,0
-0.002325,5.86080249314584e-13,0
-0.0023225,9.65550267769121e-13,0
-0.00232,1.37177468388442e-12,0
-0.0023175,1.66491871521345e-12,0
-0.002315,1.70150921115389e-12,0
-0.0023125,1.43654488915467e-12,0
-0.00231,9.71137153207348e-13,0
-0.0023075,4.97312027928542e-13,0
-0.002305,1.79205245830317e-13,0
-0.0023025,6.33348602051576e-14,0
-0.0023,8.3316109736043e-14,0
-0.0022975,1.43434596467949e-13,0
-0.002295,2.03379520455715e-13,0
-0.0022925,2.94409225181881e-13,0
-0.00229,4.62609267086379e-13,0
-0.0022875,6.97552456330397e-13,0
-0.002285,9.12532440789666e-13,0
-0.0022825,9.94521315084558e-13,0
-0.00228,8.8306449068238e-13,0
-0.0022775,6.16013965648541e-13,0
-0.002275,3.08848114635706e-13,0
-0.0022725,8.51890265369479e-14,0
-0.00227,8.39072925793909e-15,0
-0.0022675,5.73754790781914e-14,0
-0.002265,1.55166153057514e-13,0
-0.0022625,2.23901969303546e-13,0
-0.00226,2.28053100708413e-13,0
-0.0022575,1.81732927361401e-13,0
-0.002255,1.23216900688942e-13,0
-0.0022525,8.10259312831118e-14,0
-0.00225,5.80925038360964e-14,0
-0.0022475,4.33319476612403e-14,0
-0.002245,3.62138873509872e-14,0
-0.0022425,5.80799167747382e-14,0
-0.00224,1.34970807670702e-13,0
-0.0022375,2.63742695391456e-13,0
-0.002235,3.93826222316559e-13,0
-0.0022325,4.5022929596098e-13,0
-0.00223,3.89893034433408e-13,0
-0.0022275,2.4937299317992e-13,0
-0.002225,1.39014297099944e-13,0
-0.0022225,1.76047344055083e-13,0
-0.00222,3.99633228158627e-13,0
-0.0022175,7.32019475088694e-13,0
-0.002215,1.01977162275723e-12,0
-0.0022125,1.12863207618087e-12,0
-0.00221,1.0237848644564e-12,0
-0.0022075,7.79309956873381e-13,0
-0.002205,5.16511696218865e-13,0
-0.0022025,3.23672440382517e-13,0
-0.0022,2.16694789966855e-13,0
-0.0021975,1.59317200242612e-13,0
-0.002195,1.12084482741643e-13,0
-0.0021925,6.37719759593903e-14,0
-0.00219,2.57100388470975e-14,0
-0.0021875,7.8581389447197e-15,0
-0.002185,8.17544461099159e-15,0
-0.0021825,2.55920769739768e-14,0
-0.00218,7.77158668064983e-14,0
-0.0021775,1.98734078647206e-13,0
-0.002175,4.15265809036628e-13,0
-0.0021725,7.22660359579373e-13,0
-0.00217,1.08414810326373e-12,0
-0.0021675,1.45069633202661e-12,0
-0.002165,1.77789948013802e-12,0
-0.0021625,2.0224346797366e-12,0
-0.00216,2.12874036631026e-12,0
-0.0021575,2.03495917130257e-12,0
-0.002155,1.71178402879635e-12,0
-0.0021525,1.21002680915566e-12,0
-0.00215,6.70909739677316e-13,0
-0.0021475,2.74378837648306e-13,0
-0.002145,1.50949136171718e-13,0
-0.0021425,3.16597461615214e-13,0
-0.00214,6.74898812625024e-13,0
-0.0021375,1.07826242681722e-12,0
-0.002135,1.39803438672771e-12,0
-0.0021325,1.55813319543785e-12,0
-0.00213,1.52932237534361e-12,0
-0.0021275,1.31602415119501e-12,0
-0.002125,9.60522009050588e-13,0
-0.0021225,5.52616781324682e-13,0
-0.00212,2.11611717853973e-13,0
-0.0021175,3.10133435764198e-14,0
-0.002115,2.30987681163975e-14,0
-0.0021125,1.17557877661424e-13,0
-0.00211,2.27545485930496e-13,0
-0.0021075,3.30040918366005e-13,0
-0.002105,4.825725720628e-13,0
-0.0021025,7.4989468222491e-13,0
-0.0021,1.10226974888123e-12,0
-0.0020975,1.38744646974965e-12,0
-0.002095,1.42289412290457e-12,0
-0.0020925,1.14454146762089e-12,0
-0.00209,6.83746755745669e-13,0
-0.0020875,2.93054295314364e-13,0
-0.002085,1.69003011187387e-13,0
-0.0020825,3.14530218469178e-13,0
-0.00208,5.55286280413582e-13,0
-0.0020775,6.93214464060193e-13,0
-0.002075,6.62677293081876e-13,0
-0.0020725,5.56463812907705e-13,0
-0.00207,5.09812277272783e-13,0
-0.0020675,5.59159379475856e-13,0
-0.002065,6.10186172033595e-13,0
-0.0020625,5.4167203569336e-13,0
-0.00206,3.40532540195718e-13,0
-0.0020575,1.33436586858959e-13,0
-0.002055,7.97080891590023e-14,0
-0.0020525,2.24065194040165e-13,0
-0.00205,4.48467522348511e-13,0
-0.0020475,5.7082908646747e-13,0
-0.002045,5.01253120645836e-13,0
-0.0020425,3.13432314288815e-13,0
-0.00204,1.69177500089445e-13,0
-0.0020375,1.70374068093754e-13,0
-0.002035,2.76034712973002e-13,0
-0.0020325,3.55175973492388e-13,0
-0.00203,3.16423478746282e-13,0
-0.0020275,1.87623139176669e-13,0
-0.002025,7.49158354790028e-14,0
-0.0020225,5.1382716220121e-14,0
-0.00202,9.08589540982512e-14,0
-0.0020175,1.10851632987763e-13,0
-0.002015,7.46323014718613e-14,0
-0.0020125,4.19230200364269e-14,0
-0.00201,1.10764679870255e-13,0
-0.0020075,3.06164336277464e-13,0
-0.002005,5.29787646304269e-13,0
-0.0020025,6.28992213683868e-13,0
-0.002,5.26822892899494e-13,0
-0.0019975,2.92193750828409e-13,0
-0.001995,8.35447324042769e-14,0
-0.0019925,1.76447295570999e-14,0
-0.00199,8.3129737863618e-14,0
-0.0019875,1.71609945214911e-13,0
-0.001985,1.86348281077797e-13,0
-0.0019825,1.20944118091544e-13,0
-0.00198,4.08912360481639e-14,0
-0.0019775,2.71891075752419e-15,0
-0.001975,2.87927957574642e-15,0
-0.0019725,5.70882640571853e-15,0
-0.00197,6.99947349297136e-15,0
-0.0019675,4.93488392684991e-14,0
-0.001965,1.62961786392342e-13,0
-0.0019625,2.99107406963112e-13,0
-0.00196,3.47006793192394e-13,0
-0.0019575,2.42374386087016e-13,0
-0.001955,6.66505337176289e-14,0
-0.0019525,1.96192626853713e-14,0
-0.00195,2.58513296035233e-13,0
-0.0019475,7.35840043670014e-13,0
-0.001945,1.1944390084278e-12,0
-0.0019425,1.34920748966908e-12,0
-0.00194,1.1111466295927e-12,0
-0.0019375,6.57360373622054e-13,0
-0.001935,2.80912368417106e-13,0
-0.0019325,1.53562013902973e-13,0
-0.00193,2.15132634265531e-13,0
-0.0019275,2.83809991757471e-13,0
-0.001925,2.70828036941665e-13,0
-0.0019225,2.82308813308142e-13,0
-0.00192,5.01527600309781e-13,0
-0.0019175,9.64418752084671e-13,0
-0.001915,1.45694838864701e-12,0
-0.0019125,1.65629011624847e-12,0
-0.00191,1.40376977184687e-12,0
-0.0019075,8.60033835058183e-13,0
-0.001905,3.89870118306005e-13,0
-0.0019025,2.70501953884133e-13,0
-0.0019,4.81084082896229e-13,0
-0.0018975,7.55196831842714e-13,0
-0.001895,8.33459076674134e-13,0
-0.0018925,6.73845466697709e-13,0
-0.00189,4.3389231948997e-13,0
-0.0018875,2.72238800680228e-13,0
-0.001885,1.93577314709226e-13,0
-0.0018825,1.03637807598264e-13,0
-0.00188,6.65436369572937e-15,0
-0.0018775,1.07384871620686e-13,0
-0.001875,6.5871603628551e-13,0
-0.0018725,1.66175591615721e-12,0
-0.00187,2.7158335006784e-12,0
-0.0018675,3.22203214299273e-12,0
-0.001865,2.82605276389051e-12,0
-0.0018625,1.73523996447544e-12,0
-0.00186,6.12416990121144e-13,0
-0.0018575,1.00058292870319e-13,0
-0.001855,3.55007023716375e-13,0
-0.0018525,9.75446027696527e-13,0
-0.00185,1.36706882614036e-12,0
-0.0018475,1.22185089131333e-12,0
-0.001845,7.05350110860498e-13,0
-0.0018425,2.29312582225754e-13,0
-0.00184,5.88542034208169e-14,0
-0.0018375,1.2428647700474e-13,0
-0.001835,1.7915722656594e-13,0
-0.0018325,1.02658998247565e-13,0
-0.00183,2.14500231650937e-14,0
-0.0018275,1.34133607303796e-13,0
-0.001825,4.43175289924417e-13,0
-0.0018225,7.04316673191423e-13,0
-0.00182,6.79597234224698e-13,0
-0.0018175,4.47864841186873e-13,0
-0.001815,4.27875143852989e-13,0
-0.0018125,1.02585793307666e-12,0
-0.00181,2.1999230932086e-12,0
-0.0018075,3.36393385564058e-12,0
-0.001805,3.78006772225068e-12,0
-0.0018025,3.14336285108973e-12,0
-0.0018,1.85641658133696e-12,0
-0.0017975,7.36323135559328e-13,0
-0.001795,3.85468478369958e-13,0
-0.0017925,7.54323524360789e-13,0
-0.00179,1.25630853080896e-12,0
-0.0017875,1.31117011530963e-12,0
-0.001785,8.29351925831364e-13,0
-0.0017825,2.27663407116222e-13,0
-0.00178,2.3412244389859e-15,0
-0.0017775,2.74243547588395e-13,0
-0.001775,7.14797181180196e-13,0
-0.0017725,8.86775702852034e-13,0
-0.00177,6.53243614937325e-13,0
-0.0017675,2.71303361079629e-13,0
-0.001765,1.08638745852426e-13,0
-0.0017625,2.7975231333202e-13,0
-0.00176,5.55448573614167e-13,0
-0.0017575,6.15630804169568e-13,0
-0.001755,3.79168389383483e-13,0
-0.0017525,8.12480008199611e-14,0
-0.00175,2.90372419606555e-14,0
-0.0017475,2.86768480941757e-13,0
-0.001745,6.07114676999253e-13,0
-0.0017425,6.7787606147925e-13,0
-0.00174,4.39290771801541e-13,0
-0.0017375,1.55831184465952e-13,0
-0.001735,1.65448849093173e-13,0
-0.0017325,5.44634797735467e-13,0
-0.00173,1.01329077178041e-12,0
-0.0017275,1.17749932911457e-12,0
-0.001725,8.88618379360362e-13,0
-0.0017225,3.87680372197298e-13,0
-0.00172,1.04108702696893e-13,0
-0.0017175,2.93336343028562e-13,0
-0.001715,8.34077991670502e-13,0
-0.0017125,1.34721772176391e-12,0
-0.00171,1.50730057152443e-12,0
-0.0017075,1.26745582843895e-12,0
-0.001705,8.30660229658332e-13,0
-0.0017025,4.43250491056823e-13,0
-0.0017,2.2229267043323e-13,0
-0.0016975,1.47747518525912e-13,0
-0.001695,1.64728349506285e-13,0
-0.0016925,2.49982417189777e-13,0
-0.00169,3.78578537964099e-13,0
-0.0016875,4.69307880874871e-13,0
-0.001685,4.20235748570676e-13,0
-0.0016825,2.29683870768709e-13,0
-0.00168,6.72155255203675e-14,0
-0.0016775,1.74940259305047e-13,0
-0.001675,6.47633535561345e-13,0
-0.0016725,1.29194972534175e-12,0
-0.00167,1.72741158834809e-12,0
-0.0016675,1.67603241622613e-12,0
-0.001665,1.1949852765151e-12,0
-0.0016625,6.35844103969616e-13,0
-0.00166,3.54870775523586e-13,0
-0.0016575,4.2947859495476e-13,0
-0.001655,6.32522411468206e-13,0
-0.0016525,6.75369919909896e-13,0
-0.00165,4.81053059297445e-13,0
-0.0016475,2.30511468215146e-13,0
-0.001645,1.53906804501156e-13,0
-0.0016425,2.88585907630687e-13,0
-0.00164,4.49186469604014e-13,0
-0.0016375,4.32729189856714e-13,0
-0.001635,2.39008972219753e-13,0
-0.0016325,7.17089076286817e-14,0
-0.00163,1.15629201786962e-13,0
-0.0016275,3.25469350541032e-13,0
-0.001625,4.60132298787746e-13,0
-0.0016225,3.44445913582218e-13,0
-0.00162,9.01453422791737e-14,0
-0.0016175,2.48296269719862e-14,0
-0.001615,3.6463829923666e-13,0
-0.0016125,9.45745834691585e-13,0
-0.00161,1.30993770148333e-12,0
-0.0016075,1.11251741955218e-12,0
-0.001605,4.89884103184216e-13,0
-0.0016025,2.01266423882868e-14,0
-0.0016,2.63814326095835e-13,0
-0.0015975,1.26680389364523e-12,0
-0.001595,2.46838384786102e-12,0
-0.0015925,3.11370349862458e-12,0
-0.00159,2.82671753402362e-12,0
-0.0015875,1.86319882439845e-12,0
-0.001585,8.54482620478395e-13,0
-0.0015825,2.97743210702147e-13,0
-0.00158,2.4026859175925e-13,0
-0.0015775,3.86045225865689e-13,0
-0.001575,4.53456034239872e-13,0
-0.0015725,4.16209745027818e-13,0
-0.00157,4.29830731269892e-13,0
-0.0015675,5.83440134588819e-13,0
-0.001565,7.73732054078938e-13,0
-0.0015625,8.32071366303888e-13,0
-0.00156,7.41824132152701e-13,0
-0.0015575,6.81284312314249e-13,0
-0.001555,8.25519889262252e-13,0
-0.0015525,1.12143397452646e-12,0
-0.00155,1.3026004872191e-12,0
-0.0015475,1.16147156080185e-12,0
-0.001545,8.01988560359585e-13,0
-0.0015425,5.80140196146404e-13,0
-0.00154,7.49683640759787e-13,0
-0.0015375,1.16076973356579e-12,0
-0.001535,1.35312371413104e-12,0
-0.0015325,1.00921948567251e-12,0
-0.00153,3.42888806165714e-13,0
-0.0015275,3.56947725446437e-15,0
-0.001525,5.16076790060559e-13,0
-0.0015225,1.7472089448833e-12,0
-0.00152,2.92069626400675e-12,0
-0.0015175,3.22143676477157e-12,0
-0.001515,2.47241838204191e-12,0
-0.0015125,1.27194110852288e-12,0
-0.00151,4.61271431240177e-13,0
-0.0015075,4.11549505790049e-13,0
-0.001505,7.82619971234547e-13,0
-0.0015025,9.49898661667186e-13,0
-0.0015,6.5413527609551e-13,0
-0.0014975,2.27397129525648e-13,0
-0.001495,1.87330955714207e-13,0
-0.0014925,6.37788818977956e-13,0
-0.00149,1.11740445250475e-12,0
-0.0014875,1.08007234725652e-12,0
-0.001485,5.21872585836222e-13,0
-0.0014825,7.47898324907195e-14,0
-0.00148,4.01264021175938e-13,0
-0.0014775,1.4588479722017e-12,0
-0.001475,2.40996232090898e-12,0
-0.0014725,2.36530015514043e-12,0
-0.00147,1.30235157947433e-12,0
-0.0014675,2.37867863339611e-13,0
-0.001465,3.80023975795502e-13,0
-0.0014625,1.97733711714529e-12,0
-0.00146,3.95775252814428e-12,0
-0.0014575,4.78557899106869e-12,0
-0.001455,3.82448883856768e-12,0
-0.0014525,1.95653637914316e-12,0
-0.00145,8.32691371427817e-13,0
-0.0014475,1.38966498511475e-12,0
-0.001445,2.98906347823374e-12,0
-0.0014425,4.00284315782437e-12,0
-0.00144,3.33592644857804e-12,0
-0.0014375,1.47952947681874e-12,0
-0.001435,9.42332359317474e-14,0
-0.0014325,4.83929042076867e-13,0
-0.00143,2.372879548436e-12,0
-0.0014275,4.1340966746555e-12,0
-0.001425,4.2640946704987e-12,0
-0.0014225,2.72583554053367e-12,0
-0.00142,9.07652546346124e-13,0
-0.0014175,2.64473848752901e-13,0
-0.001415,9.65722656573135e-13,0
-0.0014125,1.85848415368201e-12,0
-0.00141,1.76460527853376e-12,0
-0.0014075,8.04598716579488e-13,0
-0.001405,3.80995143121934e-13,0
-0.0014025,1.75645101899361e-12,0
-0.0014,4.58950321650098e-12,0
-0.0013975,6.93548076742724e-12,0
-0.001395,6.87343528279713e-12,0
-0.0013925,4.32388978312289e-12,0
-0.00139,1.32047999204121e-12,0
-0.0013875,3.53900143611116e-13,0
-0.001385,2.20311991205868e-12,0
-0.0013825,5.21775032388645e-12,0
-0.00138,6.74963527697709e-12,0
-0.0013775,5.47959300736392e-12,0
-0.001375,2.54971108578082e-12,0
-0.0013725,4.8778851198595e-13,0
-0.00137,9.22034790905275e-13,0
-0.0013675,3.1752820448699e-12,0
-0.001365,4.99157265696009e-12,0
-0.0013625,4.66934921053776e-12,0
-0.00136,2.59884273521636e-12,0
-0.0013575,8.0288988824463e-13,0
-0.001355,9.72007062754848e-13,0
-0.0013525,2.87838775678193e-12,0
-0.00135,4.65176162726106e-12,0
-0.0013475,4.61038236900008e-12,0
-0.001345,2.87301899346641e-12,0
-0.0013425,1.2160176462887e-12,0
-0.00134,1.33443866996607e-12,0
-0.0013375,3.19001991791339e-12,0
-0.001335,5.03303953662387e-12,0
-0.0013325,5.07560591733415e-12,0
-0.00133,3.21533752332643e-12,0
-0.0013275,1.16329066893629e-12,0
-0.001325,8.50380151314627e-13,0
-0.0013225,2.61712901985108e-12,0
-0.00132,4.88661329214645e-12,0
-0.0013175,5.61143544258703e-12,0
-0.001315,4.12376145231983e-12,0
-0.0013125,1.67219751163544e-12,0
-0.00131,1.98549428992132e-13,0
-0.0013075,5.59174652245483e-13,0
-0.001305,1.8650748689962e-12,0
-0.0013025,2.4945306434597e-12,0
-0.0013,1.73041514162321e-12,0
-0.0012975,4.25187890214256e-13,0
-0.001295,8.89904667662051e-14,0
-0.0012925,1.33574247491457e-12,0
-0.00129,3.21920426204672e-12,0
-0.0012875,4.09861165708816e-12,0
-0.001285,3.18638836722025e-12,0
-0.0012825,1.2899597446833e-12,0
-0.00128,5.73852588400275e-14,0
-0.0012775,4.70084145324323e-13,0
-0.001275,2.00856500892993e-12,0
-0.0012725,3.22543399281519e-12,0
-0.00127,3.1071681649382e-12,0
-0.0012675,1.9096452530757e-12,0
-0.001265,7.4339792373221e-13,0
-0.0012625,4.26176210942919e-13,0
-0.00126,7.77395763254588e-13,0
-0.0012575,9.96039375148601e-13,0
-0.001255,6.32422824368388e-13,0
-0.0012525,9.28178884551864e-14,0
-0.00125,1.56167180268923e-13,0
-0.0012475,1.0450937530236e-12,0
-0.001245,2.07145918322313e-12,0
-0.0012425,2.2779228350301e-12,0
-0.00124,1.44192467476667e-12,0
-0.0012375,3.92298292174921e-13,0
-0.001235,2.58599372451964e-13,0
-0.0012325,1.36259585326972e-12,0
-0.00123,2.85793034252015e-12,0
-0.0012275,3.50227688176438e-12,0
-0.001225,2.81625387902709e-12,0
-0.0012225,1.48731299207034e-12,0
-0.00122,6.31849601034304e-13,0
-0.0012175,6.84932967059253e-13,0
-0.001215,1.0674333331823e-12,0
-0.0012125,9.7577629474532e-13,0
-0.00121,4.50634250677265e-13,0
-0.0012075,5.34190414307136e-13,0
-0.001205,2.22634784689952e-12,0
-0.0012025,5.22890061267518e-12,0
-0.0012,7.81275811883458e-12,0
-0.0011975,8.12794309479345e-12,0
-0.001195,5.83862460383941e-12,0
-0.0011925,2.53386369853398e-12,0
-0.00119,4.38895797872163e-13,0
-0.0011875,5.53652382958738e-13,0
-0.001185,1.92520612503562e-12,0
-0.0011825,2.71278132259315e-12,0
-0.00118,2.00162202763016e-12,0
-0.0011775,6.11028577821469e-13,0
-0.001175,1.3614219877544e-13,0
-0.0011725,1.213277473718e-12,0
-0.00117,2.7858241966373e-12,0
-0.0011675,3.16572134189026e-12,0
-0.001165,1.86774411205175e-12,0
-0.0011625,3.38931904730011e-13,0
-0.00116,7.15243837348319e-13,0
-0.0011575,3.68661717835701e-12,0
-0.001155,7.53759876478292e-12,0
-0.0011525,9.42232626967309e-12,0
-0.00115,7.82325889031556e-12,0
-0.0011475,3.94516431537685e-12,0
-0.001145,7.09457072071585e-13,0
-0.0011425,2.29591778173358e-13,0
-0.00114,2.07598285254403e-12,0
-0.0011375,3.90149566948922e-12,0
-0.001135,3.77587997610996e-12,0
-0.0011325,1.98271772215125e-12,0
-0.00113,5.9042539837399e-13,0
-0.0011275,1.27902103445525e-12,0
-0.001125,3.58923493904821e-12,0
-0.0011225,5.32877218408109e-12,0
-0.00112,4.74316938243017e-12,0
-0.0011175,2.31037476540081e-12,0
-0.001115,3.63886406035582e-13,0
-0.0011125,8.66299376512763e-13,0
-0.00111,3.48248155976004e-12,0
-0.0011075,5.84279330994488e-12,0
-0.001105,5.77232878977618e-12,0
-0.0011025,3.34379126973806e-12,0
-0.0011,7.69353125667368e-13,0
-0.0010975,2.44212581859996e-13,0
-0.001095,1.85251286365565e-12,0
-0.0010925,3.58514558864744e-12,0
-0.00109,3.44309719562283e-12,0
-0.0010875,1.53474922007522e-12,0
-0.001085,5.70735512872522e-14,0
-0.0010825,1.1226888151249e-12,0
-0.00108,4.54123256128043e-12,0
-0.0010775,7.76691908690747e-12,0
-0.001075,8.14820822497676e-12,0
-0.0010725,5.36560727651516e-12,0
-0.00107,1.72345852531294e-12,0
-0.0010675,1.11986744456518e-14,0
-0.001065,9.87962782493881e-13,0
-0.0010625,2.89115947376662e-12,0
-0.00106,3.38030125813421e-12,0
-0.0010575,1.94670012114706e-12,0
-0.001055,3.85895657186833e-13,0
-0.0010525,8.74250186754411e-13,0
-0.00105,3.5975897745545e-12,0
-0.0010475,6.35787308969722e-12,0
-0.001045,6.63329458153392e-12,0
-0.0010425,4.09829525595242e-12,0
-0.00104,1.0807984559781e-12,0
-0.0010375,4.15549878468937e-13,0
-0.001035,2.72702235848803e-12,0
-0.0010325,5.79572903911321e-12,0
-0.00103,6.66917119540633e-12,0
-0.0010275,4.49326506769039e-12,0
-0.001025,1.30599836739825e-12,0
-0.0010225,1.18961495419706e-14,0
-0.00102,1.53045306430396e-12,0
-0.0010175,3.94617367749587e-12,0
-0.001015,4.52172368909689e-12,0
-0.0010125,2.57680658871081e-12,0
-0.00101,3.18990651700944e-13,0
-0.0010075,6.99796909810404e-13,0
-0.001005,4.3469704607826e-12,0
-0.0010025,8.64097391319441e-12,0
-0.001,9.98374809759432e-12,0
-0.0009975,7.16937622102065e-12,0
-0.000995,2.59592661770759e-12,0
-0.0009925,7.54135722573925e-14,0
-0.00099,1.29790051263244e-12,0
-0.0009875,4.36098329368259e-12,0
-0.000985,5.80334715649828e-12,0
-0.0009825,4.15333180260621e-12,0
-0.00098,1.47549505118441e-12,0
-0.0009775,1.32346275398181e-12,0
-0.000975,5.05760522068225e-12,0
-0.0009725,1.01799905210845e-11,0
-0.00097,1.24487303432381e-11,0
-0.0009675,9.83843655375102e-12,0
-0.000965,4.52492217646648e-12,0
-0.0009625,9.06045128222211e-13,0
-0.00096,1.50867058481971e-12,0
-0.0009575,4.73267962991616e-12,0
-0.000955,6.63357367866434e-12,0
-0.0009525,4.99096670195531e-12,0
-0.00095,1.61827944920729e-12,0
-0.0009475,5.52476028741949e-13,0
-0.000945,3.84719527938766e-12,0
-0.0009425,9.17306832119258e-12,0
-0.00094,1.17772993192848e-11,0
-0.0009375,9.07526809279561e-12,0
-0.000935,3.41108102638532e-12,0
-0.0009325,1.18316396266439e-13,0
-0.00093,2.53004724772528e-12,0
-0.0009275,8.67601355735238e-12,0
-0.000925,1.29624451305066e-11,0
-0.0009225,1.14029660109126e-11,0
-0.00092,5.46925790421235e-12,0
-0.0009175,8.12939260922035e-13,0
-0.000915,1.96191011743415e-12,0
-0.0009125,7.99963206008332e-12,0
-0.00091,1.33850901339764e-11,0
-0.0009075,1.31898058105755e-11,0
-0.000905,7.76851846935241e-12,0
-0.0009025,2.37580115150831e-12,0
-0.0009,2.07981728556334e-12,0
-0.0008975,6.87294726851823e-12,0
-0.000895,1.17208127169953e-11,0
-0.0008925,1.15261684069764e-11,0
-0.00089,6.19477733183673e-12,0
-0.0008875,8.40654046324122e-13,0
-0.000885,8.59472357459393e-13,0
-0.0008825,6.61461227511274e-12,0
-0.00088,1.29287599672891e-11,0
-0.0008775,1.39579179933846e-11,0
-0.000875,8.78451108113659e-12,0
-0.0008725,2.30859262036706e-12,0
-0.00087,5.34918029927756e-13,0
-0.0008675,4.79984737248805e-12,0
-0.000865,1.05489986220345e-11,0
-0.0008625,1.18748880882534e-11,0
-0.00086,7.39775695630332e-12,0
-0.0008575,1.71358168253338e-12,0
-0.000855,9.20994959689944e-13,0
-0.0008525,6.54121558177721e-12,0
-0.00085,1.37950577735689e-11,0
-0.0008475,1.60268448944326e-11,0
-0.000845,1.10764846863168e-11,0
-0.0008425,3.43343547818359e-12,0
-0.00084,3.10887409548934e-14,0
-0.0008375,3.69234624834488e-12,0
-0.000835,1.05353575621197e-11,0
-0.0008325,1.38243547123026e-11,0
-0.00083,1.05001003328785e-11,0
-0.0008275,4.03703088008997e-12,0
-0.000825,8.86630612782803e-13,0
-0.0008225,4.05419266658253e-12,0
-0.00082,1.01551934152842e-11,0
-0.0008175,1.28479717896131e-11,0
-0.000815,9.2242263268706e-12,0
-0.0008125,2.78980061621026e-12,0
-0.00081,2.93508240418221e-14,0
-0.0008075,3.93095353914974e-12,0
-0.000805,1.09261108087483e-11,0
-0.0008025,1.43650776252221e-11,0
-0.0008,1.11385806360206e-11,0
-0.0007975,4.83651161067663e-12,0
-0.000795,2.19023678693855e-12,0
-0.0007925,6.24671017098175e-12,0
-0.00079,1.31146481179097e-11,0
-0.0007875,1.570970935672e-11,0
-0.000785,1.09489763359792e-11,0
-0.0007825,3.2158261410681e-12,0
-0.00078,3.94874172205287e-13,0
-0.0007775,6.1143680855668e-12,0
-0.000775,1.58074733101943e-11,0
-0.0007725,2.07127650990155e-11,0
-0.00077,1.61942320722083e-11,0
-0.0007675,6.33578259854447e-12,0
-0.000765,1.714330281877e-13,0
-0.0007625,3.02777759291583e-12,0
-0.00076,1.13797139539715e-11,0
-0.0007575,1.63720895811021e-11,0
-0.000755,1.271078907238e-11,0
-0.0007525,4.19825389753975e-12,0
-0.00075,2.59059707408197e-13,0
-0.0007475,6.59127687015896e-12,0
-0.000745,1.90520171439688e-11,0
-0.0007425,2.70255468644153e-11,0
-0.00074,2.33684557315929e-11,0
-0.0007375,1.14229310796648e-11,0
-0.000735,2.13688936534512e-12,0
-0.0007325,3.80132671824917e-12,0
-0.00073,1.41952594030134e-11,0
-0.0007275,2.28030930683262e-11,0
-0.000725,2.10843317675388e-11,0
-0.0007225,1.0860484833828e-11,0
-0.00072,2.55900797154239e-12,0
-0.0007175,4.89053060303833e-12,0
-0.000715,1.6030943273556e-11,0
-0.0007125,2.5120656526137e-11,0
-0.00071,2.28799629215874e-11,0
-0.0007075,1.10429793776487e-11,0
-0.000705,1.15875219528553e-12,0
-0.0007025,3.54930167645227e-12,0
-0.0007,1.70049369730451e-11,0
-0.0006975,2.94467659403713e-11,0
-0.000695,2.93223152679683e-11,0
-0.0006925,1.69198608389467e-11,0
-0.00069,4.49935501140046e-12,0
-0.0006875,4.73676925637032e-12,0
-0.000685,1.83877582894684e-11,0
-0.0006825,3.31495073991433e-11,0
-0.00068,3.51176045723934e-11,0
-0.0006775,2.20408084367062e-11,0
-0.000675,5.61862845223965e-12,0
-0.0006725,4.77824000374021e-13,0
-0.00067,1.0317125371149e-11,0
-0.0006675,2.45596519779649e-11,0
-0.000665,2.87805995401303e-11,0
-0.0006625,1.88227942361899e-11,0
-0.00066,4.85551910176912e-12,0
-0.0006575,1.35648757185261e-12,0
-0.000655,1.27486557779261e-11,0
-0.0006525,2.87823325942416e-11,0
-0.00065,3.43296463324462e-11,0
-0.0006475,2.41328511199677e-11,0
-0.000645,8.04794584189986e-12,0
-0.0006425,1.50038044542736e-12,0
-0.00064,1.03852051442107e-11,0
-0.0006375,2.52614747226055e-11,0
-0.000635,3.07183577007563e-11,0
-0.0006325,2.08479743607423e-11,0
-0.00063,5.52354403149467e-12,0
-0.0006275,9.94261337401987e-13,0
-0.000625,1.37486028889102e-11,0
-0.0006225,3.3512107425614e-11,0
-0.00062,4.25992211581385e-11,0
-0.0006175,3.28429229672078e-11,0
-0.000615,1.36383084598938e-11,0
-0.0006125,3.03471710014151e-12,0
-0.00061,1.03363448788176e-11,0
-0.0006075,2.71681365271891e-11,0
-0.000605,3.58842483649722e-11,0
-0.0006025,2.7209583920055e-11,0
-0.0006,9.74111466224919e-12,0
-0.0005975,1.71067874737576e-12,0
-0.000595,1.2852084643354e-11,0
-0.0005925,3.42213130632432e-11,0
-0.00059,4.63084201092403e-11,0
-0.0005875,3.78403546204004e-11,0
-0.000585,1.68965769658123e-11,0
-0.0005825,3.20230892492882e-12,0
-0.00058,8.9162901046397e-12,0
-0.0005775,2.67842566590273e-11,0
-0.000575,3.75371317804968e-11,0
-0.0005725,2.94309690402985e-11,0
-0.00057,1.05204584348092e-11,0
-0.0005675,1.09002483674251e-12,0
-0.000565,1.32941460425827e-11,0
-0.0005625,3.81694658612082e-11,0
-0.00056,5.34380946159883e-11,0
-0.0005575,4.50739514369779e-11,0
-0.000555,2.15191764815454e-11,0
-0.0005525,6.04666013590612e-12,0
-0.00055,1.41376838823907e-11,0
-0.0005475,3.79695874286666e-11,0
-0.000545,5.37310859577414e-11,0
-0.0005425,4.51524778734592e-11,0
-0.00054,2.01715149212714e-11,0
-0.0005375,3.75536321605827e-12,0
-0.000535,1.32525462280348e-11,0
-0.0005325,4.04636690654438e-11,0
-0.00053,5.88126809152828e-11,0
-0.0005275,4.94820011368529e-11,0
-0.000525,2.10029764570177e-11,0
-0.0005225,2.21641404428513e-12,0
-0.00052,1.43428137724126e-11,0
-0.0005175,4.9131160634955e-11,0
-0.000515,7.52521578018991e-11,0
-0.0005125,6.79490837217452e-11,0
-0.00051,3.35943420230303e-11,0
-0.0005075,4.64904114590037e-12,0
-0.000505,8.85630021209052e-12,0
-0.0005025,4.21270798357324e-11,0
-0.0005,7.19604160562039e-11,0
-0.0004975,6.89413713026947e-11,0
-0.000495,3.59951970908586e-11,0
-0.0004925,6.34212311847249e-12,0
-0.00049,1.12357606978674e-11,0
-0.0004875,4.86270972439484e-11,0
-0.000485,8.39944374635125e-11,0
-0.0004825,8.3591463823028e-11,0
-0.00048,4.80610409313489e-11,0
-0.0004775,1.28782293304214e-11,0
-0.000475,1.40068268706745e-11,0
-0.0004725,5.18590052591524e-11,0
-0.00047,8.96031753412557e-11,0
-0.0004675,8.89065531829837e-11,0
-0.000465,4.88370288486878e-11,0
-0.0004625,9.01791711983121e-12,0
-0.00046,1.21749738616727e-11,0
-0.0004575,6.15474605437793e-11,0
-0.000455,1.15306674791277e-10,0
-0.0004525,1.25137176077399e-10,0
-0.00045,8.26513608863105e-11,0
-0.0004475,2.82275241069834e-11,0
-0.000445,1.24901108243481e-11,0
-0.0004425,4.72027791151824e-11,0
-0.00044,9.39209414406867e-11,0
-0.0004375,1.02599382348189e-10,0
-0.000435,6.2820663459063e-11,0
-0.0004325,1.63739964351125e-11,0
-0.00043,1.68506862498005e-11,0
-0.0004275,7.47409926364934e-11,0
-0.000425,1.42929735453878e-10,0
-0.0004225,1.59487708883763e-10,0
-0.00042,1.07946420019497e-10,0
-0.0004175,3.57855289007293e-11,0
-0.000415,1.07726725115251e-11,0
-0.0004125,5.57507755273927e-11,0
-0.00041,1.25558684317147e-10,0
-0.0004075,1.50362250673485e-10,0
-0.000405,1.04515168115041e-10,0
-0.0004025,3.31680623366468e-11,0
-0.0004,8.63399151924934e-12,0
-0.0003975,5.79130447046482e-11,0
-0.000395,1.33476844322559e-10,0
-0.0003925,1.58932685491355e-10,0
-0.00039,1.0698725580405e-10,0
-0.0003875,3.22136759916485e-11,0
-0.000385,2.24797879781112e-11,0
-0.0003825,1.12747909397771e-10,0
-0.00038,2.45137792219343e-10,0
-0.0003775,3.17500927292433e-10,0
-0.000375,2.7702692489089e-10,0
-0.0003725,1.69140434859771e-10,0
-0.00037,9.29895581984605e-11,0
-0.0003675,1.05816596562173e-10,0
-0.000365,1.70492493794679e-10,0
-0.0003625,1.99826852878639e-10,0
-0.00036,1.5505545634812e-10,0
-0.0003575,9.89583294793551e-11,0
-0.000355,1.46112380710614e-10,0
-0.0003525,3.56391203968971e-10,0
-0.00035,6.80914473492063e-10,0
-0.0003475,1.02493833993514e-09,0
-0.000345,1.37711741640177e-09,0
-0.0003425,1.88002752917132e-09,0
-0.00034,2.76056692369395e-09,0
-0.0003375,4.16637349511088e-09,0
-0.000335,6.04756333453483e-09,0
-0.0003325,8.19276888584336e-09,0
-0.00033,1.04025780030817e-08,0
-0.0003275,1.26817980826643e-08,0
-0.000325,1.53485758344249e-08,0
-0.0003225,1.90670027087314e-08,0
-0.00032,2.4888985837777e-08,0
-0.0003175,3.43494136804742e-08,0
-0.000315,4.95362388581132e-08,0
-0.0003125,7.2996896534017e-08,0
-0.00031,1.07449073874696e-07,0
-0.0003075,1.55485510081281e-07,0
-0.000305,2.19617960078126e-07,0
-0.0003025,3.02941680815003e-07,0
-0.0003,4.10438665115202e-07,0
-0.0002975,5.50660911955501e-07,0
-0.000295,7.37440046381505e-07,0
-0.0002925,9.91405039305696e-07,0
-0.00029,1.34134435019734e-06,0
-0.0002875,1.8256853042623e-06,0
-0.000285,2.494551302613e-06,0
-0.0002825,3.413059188895e-06,0
-0.00028,4.6667462728315e-06,0
-0.0002775,6.37012616057796e-06,0
-0.000275,8.67916105628061e-06,0
-0.0002725,1.18078941733853e-05,0
-0.00027,1.60489716973268e-05,0
-0.0002675,2.17979263756818e-05,0
-0.000265,2.95823979461619e-05,0
-0.0002625,4.00999085573633e-05,0
-0.00026,5.42707427471643e-05,0
-0.0002575,7.33149008111899e-05,0
-0.000255,9.8863134978687e-05,0
-0.0002525,0.000133111409267531,0
-0.00025,0.000179026128778673,0
-0.0002475,0.000240605256638296,0
-0.000245,0.000323199664992664,0
-0.0002425,0.00043390169367982,0
-0.00024,0.000582015347285552,0
-0.0002375,0.000779634587040819,0
-0.000235,0.00104236974509304,0
-0.0002325,0.0013902713656071,0
-0.00023,0.00184899877661778,0
-0.0002275,0.0024512625163934,0
-0.000225,0.00323853600707549,0
-0.0002225,0.00426299037976014,0
-0.00022,0.00558957014039511,0
-0.0002175,0.00729810888878543,0
-0.000215,0.00948538760282593,0
-0.0002125,0.0122670526470464,0
-0.00021,0.0157793121660378,0
-0.0002075,0.0201802891604265,0
-0.000205,0.0256508120925922,0
-0.0002025,0.0323942855810527,0
-0.0002,0.0406351587436497,0
-0.0001975,0.0506154740025018,0
-0.000195,0.0625890981822165,0
-0.0001925,0.0768135180793486,0
-0.00019,0.0935394529050978,0
-0.0001875,0.112998864330826,0
-0.000185,0.135392101350415,0
-0.0001825,0.160874851840693,0
-0.00018,0.189545362736349,0
-0.0001775,0.221432217110491,0
-0.000175,0.256483007242343,0
-0.0001725,0.294554588765126,0
-0.00017,0.335406118336065,0
-0.0001675,0.378696476911994,0
-0.000165,0.423987647535539,0
-0.0001625,0.470754991143355,1
-0.00016,0.518404262708814,1
-0.0001575,0.566294002915378,1
-0.000155,0.613761082800971,1
-0.0001525,0.660146981308185,1
-0.00015,0.70482284080532,1
-0.0001475,0.74721216515309,1
-0.000145,0.786810745918783,1
-0.0001425,0.823203671339479,1
-0.00014,0.856079022059773,1
-0.0001375,0.885237333703047,1
-0.000135,0.910595526812205,1
-0.0001325,0.932184129825844,1
-0.00013,0.950137361920729,1
-0.0001275,0.964676805614308,1
-0.000125,0.976090580656776,1
-0.0001225,0.98471070701378,1
-0.00012,0.990891453117357,1
-0.0001175,0.994990898604124,1
-0.000115,0.997356923560112,1
-0.0001125,0.998317716377269,1
-0.00011,0.998176001967913,1
-0.0001075,0.997205740582328,1
-0.000105,0.995650075386613,1
-0.0001025,0.993719703606171,1
-0.0001,0.991591410131642,1
-9.75e-05,0.989407017838122,1
-9.5e-05,0.98727331036734,1
-9.25e-05,0.985263496701338,1
-9e-05,0.98342053750684,1
-8.75e-05,0.981762244200803,1
-8.5e-05,0.980287634865274,1
-8.25e-05,0.978983721828758,1
-8e-05,0.977831804478662,1
-7.75e-05,0.976812471379215,1
-7.5e-05,0.975908833008332,1
-7.25e-05,0.975107913995862,1
-7e-05,0.974400515091815,1
-6.75e-05,0.973780109490974,1
-6.5e-05,0.973241410493217,1
-6.25e-05,0.97277914228251,1
-6e-05,0.972387320538041,1
-5.75e-05,0.972059091720011,1
-5.5e-05,0.971786974152244,1
-5.25e-05,0.971563246048345,1
-5e-05,0.971380247681155,1
-4.75e-05,0.97123047793926,1
-4.5e-05,0.971106513712138,1
-4.25e-05,0.971000901810859,1
-4e-05,0.970906219283783,1
-3.75e-05,0.970815449635254,1
-3.5e-05,0.970722695187705,1
-3.25e-05,0.970624085643735,1
-3e-05,0.97051861114454,1
-2.75e-05,0.970408559804853,1
-2.5e-05,0.970299302735075,1
-2.25e-05,0.970198333101658,1
-2e-05,0.970113682872443,1
-1.75e-05,0.970052044308807,1
-1.5e-05,0.970017047937676,1
-1.25e-05,0.970008152270473,1
-1e-05,0.9700204753541,1
-7.5e-06,0.970045673168476,1
-5e-06,0.970073702392299,1
-2.5e-06,0.970095066693475,1
0,0.970103003577079,1
2.5e-06,0.970095066693475,1
5e-06,0.970073702392299,1
7.5e-06,0.970045673168476,1
1e-05,0.9700204753541,1
1.25e-05,0.970008152270473,1
1.5e-05,0.970017047937676,1
1.75e-05,0.970052044308807,1
2e-05,0.970113682872443,1
2.25e-05,0.970198333101658,1
2.5e-05,0.970299302735075,1
2.75e-05,0.970408559804853,1
3e-05,0.97051861114454,1
3.25e-05,0.970624085643735,1
3.5e-05,0.970722695187704,1
3.75e-05,0.970815449635254,1
4e-05,0.970906219283783,1
4.25e-05,0.971000901810859,1
4.5e-05,0.971106513712138,1
4.75e-05,0.97123047793926,1
5e-05,0.971380247681155,1
5.25e-05,0.971563246048345,1
5.5e-05,0.971786974152244,1
5.75e-05,0.97205909172001,1
6e-05,0.972387320538041,1
6.25e-05,0.97277914228251,1
6.5e-05,0.973241410493217,1
6.75e-05,0.973780109490974,1
7e-05,0.974400515091815,1
7.25e-05,0.975107913995862,1
7.5e-05,0.975908833008332,1
7.75e-05,0.976812471379215,1
8e-05,0.977831804478662,1
8.25e-05,0.978983721828758,1
8.5e-05,0.980287634865274,1
8.75e-05,0.981762244200803,1
9e-05,0.98342053750684,1
9.25e-05,0.985263496701338,1
9.5e-05,0.98727331036734,1
9.75e-05,0.989407017838122,1
0.0001,0.991591410131641,1
0.0001025,0.993719703606171,1
0.000105,0.995650075386614,1
0.0001075,0.997205740582328,1
0.00011,0.998176001967913,1
0.0001125,0.998317716377269,1
0.000115,0.997356923560112,1
0.0001175,0.994990898604124,1
0.00012,0.990891453117357,1
0.0001225,0.98471070701378,1
0.000125,0.976090580656776,1
0.0001275,0.964676805614308,1
0.00013,0.950137361920729,1
0.0001325,0.932184129825844,1
0.000135,0.910595526812205,1
0.0001375,0.885237333703047,1
0.00014,0.856079022059773,1
0.0001425,0.823203671339479,1
0.000145,0.786810745918783,1
0.0001475,0.74721216515309,1
0.00015,0.70482284080532,1
0.0001525,0.660146981308185,1
0.000155,0.613761082800971,1
0.0001575,0.566294002915378,1
0.00016,0.518404262708814,1
0.0001625,0.470754991143355,1
0.000165,0.423987647535539,0
0.0001675,0.378696476911994,0
0.00017,0.335406118336065,0
0.0001725,0.294554588765126,0
0.000175,0.256483007242343,0
0.0001775,0.221432217110491,0
0.00018,0.189545362736349,0
0.0001825,0.160874851840693,0
0.000185,0.135392101350415,0
0.0001875,0.112998864330826,0
0.00019,0.0935394529050978,0
0.0001925,0.0768135180793486,0
0.000195,0.0625890981822165,0
0.0001975,0.0506154740025018,0
0.0002,0.0406351587436497,0
0.0002025,0.0323942855810526,0
0.000205,0.0256508120925922,0
0.0002075,0.0201802891604265,0
0.00021,0.0157793121660378,0
0.0002125,0.0122670526470464,0
0.000215,0.00948538760282593,0
0.0002175,0.00729810888878544,0
0.00022,0.00558957014039512,0
0.0002225,0.00426299037976013,0
0.000225,0.00323853600707549,0
0.0002275,0.0024512625163934,0
0.00023,0.00184899877661778,0
0.0002325,0.00139027136560709,0
0.000235,0.00104236974509304,0
0.0002375,0.000779634587040815,0
0.00024,0.000582015347285553,0
0.0002425,0.00043390169367982,0
0.000245,0.000323199664992664,0
0.0002475,0.000240605256638294,0
0.00025,0.000179026128778671,0
0.0002525,0.000133111409267531,0
0.000255,9.88631349786892e-05,0
0.0002575,7.33149008111902e-05,0
0.00026,5.42707427471665e-05,0
0.0002625,4.00999085573631e-05,0
0.000265,2.95823979461621e-05,0
0.0002675,2.1797926375682e-05,0
0.00027,1.60489716973263e-05,0
0.0002725,1.18078941733851e-05,0
0.000275,8.67916105628096e-06,0
0.0002775,6.3701261605781e-06,0
0.00028,4.66674627283136e-06,0
0.0002825,3.41305918889496e-06,0
0.000285,2.49455130261294e-06,0
0.0002875,1.82568530426229e-06,0
0.00029,1.3413443501974e-06,0
0.0002925,9.91405039305601e-07,0
0.000295,7.37440046381384e-07,0
0.0002975,5.50660911955514e-07,0
0.0003,4.10438665115305e-07,0
0.0003025,3.02941680815071e-07,0
0.000305,2.19617960078114e-07,0
0.0003075,1.55485510081272e-07,0
0.00031,1.07449073874672e-07,0
0.0003125,7.29968965340148e-08,0
0.000315,4.95362388580985e-08,0
0.0003175,3.4349413680495e-08,0
0.00032,2.4888985837777e-08,0
0.0003225,1.9067002708754e-08,0
0.000325,1.53485758344338e-08,0
0.0003275,1.26817980826757e-08,0
0.00033,1.04025780030841e-08,0
0.0003325,8.19276888584211e-09,0
0.000335,6.04756333453734e-09,0
0.0003375,4.16637349510735e-09,0
0.00034,2.76056692368695e-09,0
0.0003425,1.88002752916715e-09,0
0.000345,1.37711741640279e-09,0
0.0003475,1.02493833993877e-09,0
0.00035,6.80914473490581e-10,0
0.0003525,3.56391203967562e-10,0
0.000355,1.46112380711186e-10,0
0.0003575,9.89583294796546e-11,0
0.00036,1.5505545634866e-10,0
0.0003625,1.99826852878269e-10,0
0.000365,1.70492493795409e-10,0
0.0003675,1.05816596560808e-10,0
0.00037,9.29895581983607e-11,0
0.0003725,1.69140434860543e-10,0
0.000375,2.77026924890478e-10,0
0.0003775,3.17500927294246e-10,0
0.00038,2.45137792221432e-10,0
0.0003825,1.12747909399026e-10,0
0.000385,2.24797879777734e-11,0
0.0003875,3.22136759918621e-11,0
0.00039,1.06987255804246e-10,0
0.0003925,1.58932685490698e-10,0
0.000395,1.33476844321615e-10,0
0.0003975,5.79130447045441e-11,0
0.0004,8.63399151940252e-12,0
0.0004025,3.31680623372845e-11,0
0.000405,1.04515168115118e-10,0
0.0004075,1.5036225067215e-10,0
0.00041,1.25558684315671e-10,0
0.0004125,5.57507755274525e-11,0
0.000415,1.07726725114483e-11,0
0.0004175,3.57855289013346e-11,0
0.00042,1.07946420019478e-10,0
0.0004225,1.59487708884559e-10,0
0.000425,1.42929735454544e-10,0
0.0004275,7.47409926373401e-11,0
0.00043,1.68506862498784e-11,0
0.0004325,1.63739964350391e-11,0
0.000435,6.28206634580554e-11,0
0.0004375,1.02599382348835e-10,0
0.00044,9.39209414405094e-11,0
0.0004425,4.72027791144632e-11,0
0.000445,1.24901108238323e-11,0
0.0004475,2.82275241066572e-11,0
0.00045,8.26513608861946e-11,0
0.0004525,1.25137176075684e-10,0
0.000455,1.15306674791327e-10,0
0.0004575,6.15474605440976e-11,0
0.00046,1.21749738615815e-11,0
0.0004625,9.01791711946103e-12,0
0.000465,4.88370288484966e-11,0
0.0004675,8.89065531834748e-11,0
0.00047,8.96031753413657e-11,0
0.0004725,5.18590052606541e-11,0
0.000475,1.40068268704271e-11,0
0.0004775,1.28782293305271e-11,0
0.00048,4.80610409313489e-11,0
0.0004825,8.35914638239306e-11,0
0.000485,8.3994437464385e-11,0
0.0004875,4.86270972431685e-11,0
0.00049,1.12357606978372e-11,0
0.0004925,6.34212311849597e-12,0
0.000495,3.59951970906724e-11,0
0.0004975,6.89413713026146e-11,0
0.0005,7.19604160549338e-11,0
0.0005025,4.21270798357032e-11,0
0.000505,8.85630021191313e-12,0
0.0005075,4.64904114616321e-12,0
0.00051,3.35943420231767e-11,0
0.0005125,6.79490837210099e-11,0
0.000515,7.5252157802858e-11,0
0.0005175,4.91311606341554e-11,0
0.00052,1.43428137720262e-11,0
0.0005225,2.21641404451947e-12,0
0.000525,2.10029764570352e-11,0
0.0005275,4.94820011372307e-11,0
0.00053,5.88126809159582e-11,0
0.0005325,4.04636690651524e-11,0
0.000535,1.32525462282676e-11,0
0.0005375,3.75536321606477e-12,0
0.00054,2.01715149212349e-11,0
0.0005425,4.51524778725779e-11,0
0.000545,5.37310859580359e-11,0
0.0005475,3.79695874283651e-11,0
0.00055,1.41376838821539e-11,0
0.0005525,6.04666013613778e-12,0
0.000555,2.15191764825689e-11,0
0.0005575,4.50739514369605e-11,0
0.00056,5.34380946151547e-11,0
0.0005625,3.81694658617562e-11,0
0.000565,1.32941460432113e-11,0
0.0005675,1.09002483689885e-12,0
0.00057,1.05204584347451e-11,0
0.0005725,2.94309690402137e-11,0
0.000575,3.75371317801612e-11,0
0.0005775,2.67842566586137e-11,0
0.00058,8.91629010460606e-12,0
0.0005825,3.20230892493214e-12,0
0.000585,1.68965769661916e-11,0
0.0005875,3.78403546198353e-11,0
0.00059,4.63084201088073e-11,0
0.0005925,3.42213130644034e-11,0
0.000595,1.28520846437091e-11,0
0.0005975,1.71067874744888e-12,0
0.0006,9.74111466248953e-12,0
0.0006025,2.72095839199172e-11,0
0.000605,3.58842483647552e-11,0
0.0006075,2.7168136526485e-11,0
0.00061,1.03363448789775e-11,0
0.0006125,3.03471710046649e-12,0
0.000615,1.36383084603862e-11,0
0.0006175,3.2842922967268e-11,0
0.00062,4.2599221157908e-11,0
0.0006225,3.35121074257361e-11,0
0.000625,1.37486028886905e-11,0
0.0006275,9.94261337346344e-13,0
0.00063,5.52354403131822e-12,0
0.0006325,2.08479743607585e-11,0
0.000635,3.07183576998858e-11,0
0.0006375,2.52614747230578e-11,0
0.00064,1.03852051442107e-11,0
0.0006425,1.50038044538548e-12,0
0.000645,8.04794584171047e-12,0
0.0006475,2.41328511194844e-11,0
0.00065,3.43296463324451e-11,0
0.0006525,2.87823325933878e-11,0
0.000655,1.27486557782779e-11,0
0.0006575,1.3564875719725e-12,0
0.00066,4.8555191021408e-12,0
0.0006625,1.88227942361929e-11,0
0.000665,2.8780599540225e-11,0
0.0006675,2.45596519790319e-11,0
0.00067,1.03171253712958e-11,0
0.0006725,4.77824000407819e-13,0
0.000675,5.61862845216065e-12,0
0.0006775,2.20408084364986e-11,0
0.00068,3.51176045714884e-11,0
0.0006825,3.31495073985256e-11,0
0.000685,1.83877582893062e-11,0
0.0006875,4.73676925664959e-12,0
0.00069,4.49935501112621e-12,0
0.0006925,1.69198608393816e-11,0
0.000695,2.93223152685963e-11,0
0.0006975,2.94467659404743e-11,0
0.0007,1.70049369735142e-11,0
0.0007025,3.54930167655265e-12,0
0.000705,1.158752195129e-12,0
0.0007075,1.10429793776114e-11,0
0.00071,2.28799629218563e-11,0
0.0007125,2.5120656525529e-11,0
0.000715,1.6030943273427e-11,0
0.0007175,4.89053060284484e-12,0
0.00072,2.55900797170492e-12,0
0.0007225,1.08604848344577e-11,0
0.000725,2.10843317673159e-11,0
0.0007275,2.28030930692763e-11,0
0.00073,1.41952594030729e-11,0
0.0007325,3.80132671845041e-12,0
0.000735,2.13688936518814e-12,0
0.0007375,1.14229310800179e-11,0
0.00074,2.33684557311482e-11,0
0.0007425,2.70255468646897e-11,0
0.000745,1.90520171441977e-11,0
0.0007475,6.59127687002941e-12,0
0.00075,2.59059707445001e-13,0
0.0007525,4.19825389736202e-12,0
0.000755,1.2710789072374e-11,0
0.0007575,1.63720895808397e-11,0
0.00076,1.13797139535637e-11,0
0.0007625,3.0277775927568e-12,0
0.000765,1.71433028199947e-13,0
0.0007675,6.33578259858552e-12,0
0.00077,1.61942320723366e-11,0
0.0007725,2.07127650991988e-11,0
0.000775,1.58074733101383e-11,0
0.0007775,6.11436808564533e-12,0
0.00078,3.94874172164099e-13,0
0.0007825,3.21582614083295e-12,0
0.000785,1.09489763359064e-11,0
0.0007875,1.57097093569873e-11,0
0.00079,1.31146481179682e-11,0
0.0007925,6.24671017069761e-12,0
0.000795,2.19023678712339e-12,0
0.0007975,4.83651161086996e-12,0
0.0008,1.11385806360206e-11,0
0.0008025,1.43650776252547e-11,0
0.000805,1.09261108086714e-11,0
0.0008075,3.93095353936855e-12,0
0.00081,2.93508240293251e-14,0
0.0008125,2.78980061618356e-12,0
0.000815,9.22422632685556e-12,0
0.0008175,1.28479717899101e-11,0
0.00082,1.01551934147397e-11,0
0.0008225,4.05419266640355e-12,0
0.000825,8.86630612713113e-13,0
0.0008275,4.03703088017873e-12,0
0.00083,1.0500100333071e-11,0
0.0008325,1.38243547125663e-11,0
0.000835,1.05353575621479e-11,0
0.0008375,3.69234624826388e-12,0
0.00084,3.10887409393406e-14,0
0.0008425,3.43343547848486e-12,0
0.000845,1.10764846859237e-11,0
0.0008475,1.60268448932436e-11,0
0.00085,1.37950577735527e-11,0
0.0008525,6.54121558196245e-12,0
0.000855,9.20994959661878e-13,0
0.0008575,1.71358168260017e-12,0
0.00086,7.39775695603668e-12,0
0.0008625,1.18748880878437e-11,0
0.000865,1.0548998622004e-11,0
0.0008675,4.79984737246654e-12,0
0.00087,5.34918029873076e-13,0
0.0008725,2.30859262029201e-12,0
0.000875,8.78451108113325e-12,0
0.0008775,1.39579179937181e-11,0
0.00088,1.29287599673531e-11,0
0.0008825,6.61461227520795e-12,0
0.000885,8.59472357488561e-13,0
0.0008875,8.40654046301257e-13,0
0.00089,6.19477733210164e-12,0
0.0008925,1.15261684074465e-11,0
0.000895,1.17208127168503e-11,0
0.0008975,6.87294726834157e-12,0
0.0009,2.07981728555514e-12,0
0.0009025,2.375801151555e-12,0
0.000905,7.76851846948764e-12,0
0.0009075,1.3189805810848e-11,0
0.00091,1.33850901338044e-11,0
0.0009125,7.99963205981656e-12,0
0.000915,1.96191011740316e-12,0
0.0009175,8.12939260986342e-13,0
0.00092,5.46925790400739e-12,0
0.0009225,1.14029660108093e-11,0
0.000925,1.2962445130951e-11,0
0.0009275,8.67601355724811e-12,0
0.00093,2.53004724784917e-12,0
0.0009325,1.18316396241732e-13,0
0.000935,3.4110810265134e-12,0
0.0009375,9.07526809270423e-12,0
0.00094,1.17772993194174e-11,0
0.0009425,9.17306832115245e-12,0
0.000945,3.84719527913916e-12,0
0.0009475,5.52476028755199e-13,0
0.00095,1.61827944937158e-12,0
0.0009525,4.99096670201929e-12,0
0.000955,6.63357367888568e-12,0
0.0009575,4.73267962998839e-12,0
0.00096,1.50867058481971e-12,0
0.0009625,9.06045128304515e-13,0
0.000965,4.52492217632573e-12,0
0.0009675,9.83843655421205e-12,0
0.00097,1.24487303428992e-11,0
0.0009725,1.01799905205163e-11,0
0.000975,5.05760522079179e-12,0
0.0009775,1.32346275379685e-12,0
0.00098,1.47549505122338e-12,0
0.0009825,4.15333180286808e-12,0
0.000985,5.80334715642242e-12,0
0.0009875,4.36098329367239e-12,0
0.00099,1.29790051265316e-12,0
0.0009925,7.54135722637523e-14,0
0.000995,2.59592661782138e-12,0
0.0009975,7.16937622084014e-12,0
0.001,9.9837480979e-12,0
0.0010025,8.64097391326016e-12,0
0.001005,4.3469704607645e-12,0
0.0010075,6.99796909779826e-13,0
0.00101,3.18990651670009e-13,0
0.0010125,2.57680658861162e-12,0
0.001015,4.52172368924029e-12,0
0.0010175,3.94617367758486e-12,0
0.00102,1.53045306425721e-12,0
0.0010225,1.18961495495104e-14,0
0.001025,1.30599836734242e-12,0
0.0010275,4.49326506786177e-12,0
0.00103,6.66917119522888e-12,0
0.0010325,5.79572903859929e-12,0
0.001035,2.7270223585057e-12,0
0.0010375,4.15549878527073e-13,0
0.00104,1.08079845598259e-12,0
0.0010425,4.09829525614628e-12,0
0.001045,6.63329458199849e-12,0
0.0010475,6.35787308996069e-12,0
0.00105,3.59758977481738e-12,0
0.0010525,8.74250186757491e-13,0
0.001055,3.85895657273621e-13,0
0.0010575,1.94670012137879e-12,0
0.00106,3.38030125822229e-12,0
0.0010625,2.89115947358212e-12,0
0.001065,9.87962782687037e-13,0
0.0010675,1.11986744372849e-14,0
0.00107,1.72345852552214e-12,0
0.0010725,5.36560727677868e-12,0
0.001075,8.14820822512853e-12,0
0.0010775,7.76691908649624e-12,0
0.00108,4.54123256130563e-12,0
0.0010825,1.12268881523997e-12,0
0.001085,5.70735512904235e-14,0
0.0010875,1.53474921993329e-12,0
0.00109,3.44309719568183e-12,0
0.0010925,3.58514558850138e-12,0
0.001095,1.85251286368562e-12,0
0.0010975,2.44212581814324e-13,0
0.0011,7.69353125804119e-13,0
0.0011025,3.34379126992467e-12,0
0.001105,5.77232878997733e-12,0
0.0011075,5.84279331038672e-12,0
0.00111,3.48248155991623e-12,0
0.0011125,8.6629937642109e-13,0
0.001115,3.63886405997817e-13,0
0.0011175,2.31037476550098e-12,0
0.00112,4.74316938243017e-12,0
0.0011225,5.32877218434699e-12,0
0.001125,3.58923493913699e-12,0
0.0011275,1.27902103436764e-12,0
0.00113,5.90425398374289e-13,0
0.0011325,1.98271772235298e-12,0
0.001135,3.77587997684188e-12,0
0.0011375,3.90149566936309e-12,0
0.00114,2.07598285286872e-12,0
0.0011425,2.2959177817742e-13,0
0.001145,7.09457071919048e-13,0
0.0011475,3.94516431525597e-12,0
0.00115,7.82325889087489e-12,0
0.0011525,9.42232626919727e-12,0
0.001155,7.53759876487055e-12,0
0.0011575,3.68661717823789e-12,0
0.00116,7.15243837206589e-13,0
0.0011625,3.38931904733215e-13,0
0.001165,1.86774411210334e-12,0
0.0011675,3.1657213422739e-12,0
0.00117,2.78582419644959e-12,0
0.0011725,1.21327747360259e-12,0
0.001175,1.36142198741416e-13,0
0.0011775,6.11028577876005e-13,0
0.00118,2.00162202771727e-12,0
0.0011825,2.71278132279267e-12,0
0.001185,1.92520612509072e-12,0
0.0011875,5.53652382955053e-13,0
0.00119,4.38895797848555e-13,0
0.0011925,2.53386369875369e-12,0
0.001195,5.83862460355552e-12,0
0.0011975,8.12794309466693e-12,0
0.0012,7.81275811858025e-12,0
0.0012025,5.22890061247585e-12,0
0.001205,2.22634784727452e-12,0
0.0012075,5.34190414197623e-13,0
0.00121,4.50634250652117e-13,0
0.0012125,9.75776294836063e-13,0
0.001215,1.06743333330002e-12,0
0.0012175,6.84932967227058e-13,0
0.00122,6.31849601050202e-13,0
0.0012225,1.48731299190581e-12,0
0.001225,2.81625387912252e-12,0
0.0012275,3.50227688168275e-12,0
0.00123,2.85793034237005e-12,0
0.0012325,1.36259585341657e-12,0
0.001235,2.58599372445433e-13,0
0.0012375,3.92298292061502e-13,0
0.00124,1.44192467476477e-12,0
0.0012425,2.27792283514485e-12,0
0.001245,2.07145918337937e-12,0
0.0012475,1.04509375312019e-12,0
0.00125,1.56167180289496e-13,0
0.0012525,9.28178884423536e-14,0
0.001255,6.3242282450871e-13,0
0.0012575,9.96039375075075e-13,0
0.00126,7.77395763190958e-13,0
0.0012625,4.26176210947989e-13,0
0.001265,7.43397923627358e-13,0
0.0012675,1.90964525333056e-12,0
0.00127,3.10716816481906e-12,0
0.0012725,3.22543399297833e-12,0
0.001275,2.00856500899323e-12,0
0.0012775,4.70084145423326e-13,0
0.00128,5.73852588400275e-14,0
0.0012825,1.28995974459523e-12,0
0.001285,3.18638836733184e-12,0
0.0012875,4.09861165717099e-12,0
0.00129,3.21920426185586e-12,0
0.0012925,1.3357424747872e-12,0
0.001295,8.89904667596615e-14,0
0.0012975,4.25187890199888e-13,0
0.0013,1.73041514167108e-12,0
0.0013025,2.49453064353246e-12,0
0.001305,1.86507486906391e-12,0
0.0013075,5.59174652194496e-13,0
0.00131,1.98549428977603e-13,0
0.0013125,1.67219751154245e-12,0
0.001315,4.12376145199524e-12,0
0.0013175,5.61143544297662e-12,0
0.00132,4.88661329200983e-12,0
0.0013225,2.61712901981391e-12,0
0.001325,8.50380151286355e-13,0
0.0013275,1.16329066912418e-12,0
0.00133,3.21533752322837e-12,0
0.0013325,5.07560591704881e-12,0
0.001335,5.03303953648187e-12,0
0.0013375,3.19001991785928e-12,0
0.00134,1.33443866986283e-12,0
0.0013425,1.21601764644403e-12,0
0.001345,2.873018993237e-12,0
0.0013475,4.61038236874504e-12,0
0.00135,4.6517616273029e-12,0
0.0013525,2.87838775684458e-12,0
0.001355,9.72007062734577e-13,0
0.0013575,8.02889888314165e-13,0
0.00136,2.59884273520247e-12,0
0.0013625,4.66934921040754e-12,0
0.001365,4.99157265682935e-12,0
0.0013675,3.17528204474687e-12,0
0.00137,9.22034790911852e-13,0
0.0013725,4.8778851201772e-13,0
0.001375,2.54971108561028e-12,0
0.0013775,5.47959300709046e-12,0
0.00138,6.74963527688427e-12,0
0.0013825,5.21775032380517e-12,0
0.001385,2.20311991194846e-12,0
0.0013875,3.53900143563094e-13,0
0.00139,1.3204799921365e-12,0
0.0013925,4.32388978297236e-12,0
0.001395,6.87343528305009e-12,0
0.0013975,6.9354807674474e-12,0
0.0014,4.58950321673196e-12,0
0.0014025,1.75645101875779e-12,0
0.001405,3.80995143051891e-13,0
0.0014075,8.04598716664946e-13,0
0.00141,1.76460527857475e-12,0
0.0014125,1.85848415347389e-12,0
0.001415,9.65722656543691e-13,0
0.0014175,2.64473848721454e-13,0
0.00142,9.07652546515699e-13,0
0.0014225,2.72583554033481e-12,0
0.001425,4.26409467054264e-12,0
0.0014275,4.13409667444377e-12,0
0.00143,2.37287954866168e-12,0
0.0014325,4.83929042075039e-13,0
0.001435,9.42332359053825e-14,0
0.0014375,1.47952947668328e-12,0
0.00144,3.33592644857804e-12,0
0.0014425,4.00284315755657e-12,0
0.001445,2.98906347819697e-12,0
0.0014475,1.38966498514099e-12,0
0.00145,8.32691371438208e-13,0
0.0014525,1.95653637894962e-12,0
0.001455,3.82448883855015e-12,0
0.0014575,4.78557899137187e-12,0
0.00146,3.95775252828063e-12,0
0.0014625,1.97733711727222e-12,0
0.001465,3.80023975849084e-13,0
0.0014675,2.37867863384674e-13,0
0.00147,1.30235157944581e-12,0
0.0014725,2.36530015514956e-12,0
0.001475,2.40996232088999e-12,0
0.0014775,1.4588479721984e-12,0
0.00148,4.01264021183526e-13,0
0.0014825,7.47898324623434e-14,0
0.001485,5.21872585837047e-13,0
0.0014875,1.08007234725136e-12,0
0.00149,1.11740445244471e-12,0
0.0014925,6.37788819014388e-13,0
0.001495,1.87330955716437e-13,0
0.0014975,2.27397129472933e-13,0
0.0015,6.54135276010903e-13,0
0.0015025,9.49898661729751e-13,0
0.001505,7.8261997124167e-13,0
0.0015075,4.11549505755872e-13,0
0.00151,4.61271431117396e-13,0
0.0015125,1.27194110854364e-12,0
0.001515,2.47241838199481e-12,0
0.0015175,3.22143676478485e-12,0
0.00152,2.92069626386807e-12,0
0.0015225,1.74720894475267e-12,0
0.001525,5.16076790123307e-13,0
0.0015275,3.56947724977036e-15,0
0.00153,3.42888806222819e-13,0
0.0015325,1.00921948562638e-12,0
0.001535,1.35312371399005e-12,0
0.0015375,1.16076973352931e-12,0
0.00154,7.496836406699e-13,0
0.0015425,5.801401960608e-13,0
0.001545,8.01988560349275e-13,0
0.0015475,1.16147156072027e-12,0
0.00155,1.30260048721898e-12,0
0.0015525,1.12143397459431e-12,0
0.001555,8.25519889272075e-13,0
0.0015575,6.81284312197956e-13,0
0.00156,7.41824132249467e-13,0
0.0015625,8.3207136623577e-13,0
0.001565,7.737320540782e-13,0
0.0015675,5.83440134616257e-13,0
0.00157,4.2983073117509e-13,0
0.0015725,4.16209745006322e-13,0
0.001575,4.53456034284561e-13,0
0.0015775,3.86045225834433e-13,0
0.00158,2.4026859173906e-13,0
0.0015825,2.97743210748201e-13,0
0.001585,8.54482620522378e-13,0
0.0015875,1.86319882423764e-12,0
0.00159,2.82671753386531e-12,0
0.0015925,3.11370349864298e-12,0
0.001595,2.46838384791392e-12,0
0.0015975,1.26680389366362e-12,0
0.0016,2.63814326095835e-13,0
0.0016025,2.01266424046271e-14,0
0.001605,4.89884103077181e-13,0
0.0016075,1.11251741954995e-12,0
0.00161,1.30993770163248e-12,0
0.0016125,9.45745834785397e-13,0
0.001615,3.64638299266093e-13,0
0.0016175,2.48296269697707e-14,0
0.00162,9.01453423051983e-14,0
0.0016225,3.4444591355734e-13,0
0.001625,4.60132298735727e-13,0
0.0016275,3.2546935046184e-13,0
0.00163,1.15629201736946e-13,0
0.0016325,7.17089075858831e-14,0
0.001635,2.39008972234212e-13,0
0.0016375,4.32729189952357e-13,0
0.00164,4.49186469551561e-13,0
0.0016425,2.8858590771537e-13,0
0.001645,1.53906804494878e-13,0
0.0016475,2.30511468251038e-13,0
0.00165,4.81053059262897e-13,0
0.0016525,6.75369919859106e-13,0
0.001655,6.32522411540633e-13,0
0.0016575,4.29478594985773e-13,0
0.00166,3.54870775575982e-13,0
0.0016625,6.35844103916073e-13,0
0.001665,1.19498527643933e-12,0
0.0016675,1.67603241606113e-12,0
0.00167,1.72741158842036e-12,0
0.0016725,1.29194972539474e-12,0
0.001675,6.47633535574263e-13,0
0.0016775,1.74940259273801e-13,0
0.00168,6.721552554097e-14,0
0.0016825,2.29683870794232e-13,0
0.001685,4.20235748485859e-13,0
0.0016875,4.69307880872175e-13,0
0.00169,3.78578537904836e-13,0
0.0016925,2.49982417212383e-13,0
0.001695,1.64728349470934e-13,0
0.0016975,1.47747518578654e-13,0
0.0017,2.22292670410977e-13,0
0.0017025,4.4325049102094e-13,0
0.001705,8.30660229692014e-13,0
0.0017075,1.2674558285269e-12,0
0.00171,1.5073005713854e-12,0
0.0017125,1.3472177216489e-12,0
0.001715,8.34077991651176e-13,0
0.0017175,2.93336343027543e-13,0
0.00172,1.04108702703275e-13,0
0.0017225,3.87680372163566e-13,0
0.001725,8.88618379402439e-13,0
0.0017275,1.17749932923586e-12,0
0.00173,1.01329077170126e-12,0
0.0017325,5.44634797689576e-13,0
0.001735,1.65448849087561e-13,0
0.0017375,1.55831184440456e-13,0
0.00174,4.39290771783312e-13,0
0.0017425,6.77876061589931e-13,0
0.001745,6.07114676922022e-13,0
0.0017475,2.8676848092319e-13,0
0.00175,2.90372419504163e-14,0
0.0017525,8.12480008241189e-14,0
0.001755,3.79168389462755e-13,0
0.0017575,6.15630804163285e-13,0
0.00176,5.55448573614167e-13,0
0.0017625,2.79752313407837e-13,0
0.001765,1.08638745880052e-13,0
0.0017675,2.71303361107673e-13,0
0.00177,6.53243614902262e-13,0
0.0017725,8.86775702838624e-13,0
0.001775,7.14797181206557e-13,0
0.0017775,2.74243547560553e-13,0
0.00178,2.34122443428588e-15,0
0.0017825,2.27663407147011e-13,0
0.001785,8.29351925848176e-13,0
0.0017875,1.31117011530812e-12,0
0.00179,1.25630853078465e-12,0
0.0017925,7.54323524331804e-13,0
0.001795,3.85468478295906e-13,0
0.0017975,7.36323135397351e-13,0
0.0018,1.85641658125954e-12,0
0.0018025,3.14336285082954e-12,0
0.001805,3.78006772220696e-12,0
0.0018075,3.36393385558851e-12,0
0.00181,2.19992309323762e-12,0
0.0018125,1.02585793323911e-12,0
0.001815,4.27875143790907e-13,0
0.0018175,4.47864841289844e-13,0
0.00182,6.79597234189651e-13,0
0.0018225,7.04316673190674e-13,0
0.001825,4.43175289919814e-13,0
0.0018275,1.34133607272328e-13,0
0.00183,2.14500231593597e-14,0
0.0018325,1.02658998271499e-13,0
0.001835,1.79157226511089e-13,0
0.0018375,1.24286477000644e-13,0
0.00184,5.88542034108317e-14,0
0.0018425,2.2931258221916e-13,0
0.001845,7.05350110889432e-13,0
0.0018475,1.22185089117355e-12,0
0.00185,1.367068826006e-12,0
0.0018525,9.75446027609941e-13,0
0.001855,3.5500702368421e-13,0
0.0018575,1.00058292885627e-13,0
0.00186,6.12416990035999e-13,0
0.0018625,1.73523996443591e-12,0
0.001865,2.82605276393518e-12,0
0.0018675,3.22203214318242e-12,0
0.00187,2.71583350084851e-12,0
0.0018725,1.66175591611936e-12,0
0.001875,6.58716036309908e-13,0
0.0018775,1.0738487158409e-13,0
0.00188,6.65436370415048e-15,0
0.0018825,1.03637807617484e-13,0
0.001885,1.93577314678997e-13,0
0.0018875,2.72238800700726e-13,0
0.00189,4.33892319477587e-13,0
0.0018925,6.738454667845e-13,0
0.001895,8.33459076518147e-13,0
0.0018975,7.55196831725098e-13,0
0.0019,4.81084082841365e-13,0
0.0019025,2.70501953815704e-13,0
0.001905,3.89870118282631e-13,0
0.0019075,8.60033835085784e-13,0
0.00191,1.40376977189798e-12,0
0.0019125,1.65629011638757e-12,0
0.001915,1.45694838859677e-12,0
0.0019175,9.64418752121285e-13,0
0.00192,5.01527600309781e-13,0
0.0019225,2.82308813343062e-13,0
0.001925,2.70828037007434e-13,0
0.0019275,2.83809991790649e-13,0
0.00193,2.15132634237597e-13,0
0.0019325,1.53562013892467e-13,0
0.001935,2.80912368416362e-13,0
0.0019375,6.57360373655951e-13,0
0.00194,1.11114662950016e-12,0
0.0019425,1.34920748946076e-12,0
0.001945,1.19443900829478e-12,0
0.0019475,7.35840043714764e-13,0
0.00195,2.58513295936952e-13,0
0.0019525,1.96192626767335e-14,0
0.001955,6.66505337135365e-14,0
0.0019575,2.42374386080928e-13,0
0.00196,3.47006793162693e-13,0
0.0019625,2.99107406923802e-13,0
0.001965,1.6296178637049e-13,0
0.0019675,4.93488392824162e-14,0
0.00197,6.99947350206456e-15,0
0.0019725,5.70882640301628e-15,0
0.001975,2.87927957324048e-15,0
0.0019775,2.71891075204823e-15,0
0.00198,4.08912360306054e-14,0
0.0019825,1.20944118086886e-13,0
0.001985,1.86348281086186e-13,0
0.0019875,1.71609945190965e-13,0
0.00199,8.31297378543685e-14,0
0.0019925,1.76447295562095e-14,0
0.001995,8.35447324271122e-14,0
0.0019975,2.92193750736964e-13,0
0.002,5.26822892927807e-13,0
0.0020025,6.2899221361536e-13,0
0.002005,5.29787646315578e-13,0
0.0020075,3.06164336233657e-13,0
0.00201,1.10764679864479e-13,0
0.0020125,4.19230200371821e-14,0
0.002015,7.46323014864286e-14,0
0.0020175,1.10851632996375e-13,0
0.00202,9.08589541151835e-14,0
0.0020225,5.13827162003242e-14,0
0.002025,7.49158355073175e-14,0
0.0020275,1.87623139188912e-13,0
0.00203,3.16423478753053e-13,0
0.0020325,3.55175973534722e-13,0
0.002035,2.76034712966979e-13,0
0.0020375,1.70374068074778e-13,0
0.00204,1.69177500111131e-13,0
0.0020425,3.13432314211001e-13,0
0.002045,5.01253120562516e-13,0
0.0020475,5.70829086509141e-13,0
0.00205,4.48467522318385e-13,0
0.0020525,2.2406519400733e-13,0
0.002055,7.97080891997421e-14,0
0.0020575,1.3343658685435e-13,0
0.00206,3.40532540160885e-13,0
0.0020625,5.41672035685727e-13,0
0.002065,6.1018617207238e-13,0
0.0020675,5.59159379471119e-13,0
0.00207,5.09812277279525e-13,0
0.0020725,5.56463813018123e-13,0
0.002075,6.62677293111457e-13,0
0.0020775,6.93214464156442e-13,0
0.00208,5.55286280413582e-13,0
0.0020825,3.14530218495358e-13,0
0.002085,1.69003011216424e-13,0
0.0020875,2.93054295302229e-13,0
0.00209,6.83746755758442e-13,0
0.0020925,1.14454146776033e-12,0
0.002095,1.42289412294434e-12,0
0.0020975,1.38744646957071e-12,0
0.0021,1.10226974900548e-12,0
0.0021025,7.49894682239941e-13,0
0.002105,4.82572572086389e-13,0
0.0021075,3.30040918373856e-13,0
0.00211,2.27545485960259e-13,0
0.0021125,1.17557877678053e-13,0
0.002115,2.3098768143617e-14,0
0.0021175,3.10133435641961e-14,0
0.00212,2.11611717836282e-13,0
0.0021225,5.52616781263198e-13,0
0.002125,9.60522009121847e-13,0
0.0021275,1.31602415116373e-12,0
0.00213,1.5293223752525e-12,0
0.0021325,1.55813319526667e-12,0
0.002135,1.39803438677946e-12,0
0.0021375,1.07826242686387e-12,0
0.00214,6.74898812596839e-13,0
0.0021425,3.16597461653828e-13,0
0.002145,1.509491361731e-13,0
0.0021475,2.74378837669396e-13,0
0.00215,6.70909739842958e-13,0
0.0021525,1.21002680910114e-12,0
0.002155,1.71178402883818e-12,0
0.0021575,2.03495917136229e-12,0
0.00216,2.12874036619801e-12,0
0.0021625,2.02243467973662e-12,0
0.002165,1.77789947998781e-12,0
0.0021675,1.45069633204463e-12,0
0.00217,1.08414810317945e-12,0
0.0021725,7.22660359553968e-13,0
0.002175,4.15265809091442e-13,0
0.0021775,1.98734078717582e-13,0
0.00218,7.77158668370285e-14,0
0.0021825,2.55920769766295e-14,0
0.002185,8.17544461812295e-15,0
0.0021875,7.85813893678244e-15,0
0.00219,2.57100388560375e-14,0
0.0021925,6.37719759823939e-14,0
0.002195,1.12084482741503e-13,0
0.0021975,1.59317200229828e-13,0
0.0022,2.16694790012099e-13,0
0.0022025,3.23672440330868e-13,0
0.002205,5.16511696164514e-13,0
0.0022075,7.79309956819573e-13,0
0.00221,1.02378486443964e-12,0
0.0022125,1.12863207625138e-12,0
0.002215,1.01977162282583e-12,0
0.0022175,7.32019475107535e-13,0
0.00222,3.99633228212101e-13,0
0.0022225,1.76047344066797e-13,0
0.002225,1.39014297100908e-13,0
0.0022275,2.49372993183533e-13,0
0.00223,3.89893034496876e-13,0
0.0022325,4.50229296009665e-13,0
0.002235,3.93826222300265e-13,0
0.0022375,2.63742695349208e-13,0
0.00224,1.34970807670702e-13,0
0.0022425,5.80799167809782e-14,0
0.002245,3.62138873608783e-14,0
0.0022475,4.3331947652371e-14,0
0.00225,5.80925038556982e-14,0
0.0022525,8.10259312890472e-14,0
0.002255,1.232169007062e-13,0
0.0022575,1.81732927404131e-13,0
0.00226,2.28053100739603e-13,0
0.0022625,2.23901969282656e-13,0
0.002265,1.55166153021104e-13,0
0.0022675,5.73754790603568e-14,0
0.00227,8.39072925797665e-15,0
0.0022725,8.51890265650288e-14,0
0.002275,3.08848114602181e-13,0
0.0022775,6.16013965700589e-13,0
0.00228,8.83064490681038e-13,0
0.0022825,9.94521315028637e-13,0
0.002285,9.12532440646641e-13,0
0.0022875,6.97552456435919e-13,0
0.00229,4.62609266957187e-13,0
0.0022925,2.94409225147639e-13,0
0.002295,2.03379520524379e-13,0
0.0022975,1.43434596533215e-13,0
0.0023,8.33161097180722e-14,0
0.0023025,6.33348601999069e-14,0
0.002305,1.79205245870715e-13,0
0.0023075,4.97312027897625e-13,0
0.00231,9.71137153110008e-13,0
0.0023125,1.43654488914049e-12,0
0.002315,1.70150921088731e-12,0
0.0023175,1.66491871519703e-12,0
0.00232,1.37177468370445e-12,0
0.0023225,9.65550267785464e-13,0
0.002325,5.86080249255003e-13,0
0.0023275,3.02881979127796e-13,0
0.00233,1.30530293853389e-13,0
0.0023325,8.68014816045173e-14,0
0.002335,2.1147531039162e-13,0
0.0023375,5.10191953226802e-13,0
0.00234,8.80618840058239e-13,0
0.0023425,1.12108060664357e-12,0
0.002345,1.05857914483175e-12,0
0.0023475,7.10809034593039e-13,0
0.00235,3.31927112971766e-13,0
0.0023525,2.63033116653982e-13,0
0.002355,6.72501807483439e-13,0
0.0023575,1.38842059537992e-12,0
0.00236,1.9792309343992e-12,0
0.0023625,2.04866672501286e-12,0
0.002365,1.52893703900762e-12,0
0.0023675,7.40672274671037e-13,0
0.00237,1.64297231977008e-13,0
0.0023725,9.6056116022903e-14,0
0.002375,4.53594986988655e-13,0
0.0023775,8.73336294894359e-13,0
0.00238,1.00731630405387e-12,0
0.0023825,7.7588340964373e-13,0
0.002385,3.85595642208155e-13,0
0.0023875,1.24775650972243e-13,0
0.00239,1.25640714272775e-13,0
0.0023925,2.87835034346578e-13,0
0.002395,4.03063534108797e-13,0
0.0023975,3.49183067775733e-13,0
0.0024,1.80815932264998e-13,0
0.0024025,5.39660466663717e-14,0
0.002405,7.30351985449849e-14,0
0.0024075,2.04720476709822e-13,0
0.00241,3.2605070108974e-13,0
0.0024125,3.46457537488502e-13,0
0.002415,2.85244041118817e-13,0
0.0024175,2.40724634259814e-13,0
0.00242,2.93098882940788e-13,0
0.0024225,4.37703261750731e-13,0
0.002425,6.04517909495441e-13,0
0.0024275,7.32375557650943e-13,0
0.00243,8.19227762781241e-13,0
0.0024325,9.03121736190209e-13,0
0.002435,1.00200659200041e-12,0
0.0024375,1.07928785123123e-12,0
0.00244,1.07144443704272e-12,0
0.0024425,9.49408615132657e-13,0
0.002445,7.52426360515861e-13,0
0.0024475,5.61718637750602e-13,0
0.00245,4.3950425509565e-13,0
0.0024525,3.8883598035642e-13,0
0.002455,3.65480723236942e-13,0
0.0024575,3.23242607619998e-13,0
0.00246,2.48595239707708e-13,0
0.0024625,1.59735529179414e-13,0
0.002465,8.33898309960759e-14,0
0.0024675,3.89391114667406e-14,0
0.00247,4.11050453954419e-14,0
0.0024725,1.05443690236431e-13,0
0.002475,2.3802669739691e-13,0
0.0024775,4.14559653657614e-13,0
0.00248,5.75122752890112e-13,0
0.0024825,6.5123127578023e-13,0
0.002485,6.09127131773002e-13,0
0.0024875,4.72684356533676e-13,0
0.00249,3.05854440380865e-13,0
0.0024925,1.72877561501324e-13,0
0.002495,1.1347715181696e-13,0
0.0024975,1.48118036686983e-13,0
0.0025,2.89512385271637e-13,0
0.0025025,5.27776037657186e-13,0
0.002505,7.9445733626255e-13,0
0.0025075,9.5608216566391e-13,0
0.00251,8.82097051224954e-13,0
0.0025125,5.62380653951982e-13,0
0.002515,1.75891146304799e-13,0
0.0025175,1.79065560862096e-14,0
0.00252,2.99205451943221e-13,0
0.0025225,9.56794662485421e-13,0
0.002525,1.64252155318936e-12,0
0.0025275,1.93525049553375e-12,0
0.00253,1.63838992968923e-12,0
0.0025325,9.34166757775319e-13,0
0.002535,2.61485847579683e-13,0
0.0025375,7.51869114643552e-16,0
0.00254,2.08625302599575e-13,0
0.0025425,6.08407092030102e-13,0
0.002545,8.32979992100856e-13,0
0.0025475,7.12458962864351e-13,0
0.00255,3.72701991938072e-13,0
0.0025525,8.31123831865651e-14,0
0.002555,8.59580210266356e-15,0
0.0025575,9.05914713484588e-14,0
